spec_id,path,bytes,sha256,role,accepted_index_audit_path,accepted_index_audit_sha256,indices_and_seeds_match_reused,verification_scope,metrics_path,metrics_sha256,metrics_bytes
FEAS_001,/Users/lzhs/Documents/cnm/tasks/01_R_analysis/CMAverse_恢复工程_20260927/next_phase/PLAN13_全稿实证复核与修订_20260929/exploratory_specification_search_20261005_v1/first_B200_v1/FEAS_001/execution_inputs.rds,1049588,7eafe6bf885a8e665501b0d6b7aec2194e6699201f37947eac0a837b3340a03c,actual_execution_inputs,/Users/lzhs/Documents/cnm/tasks/01_R_analysis/CMAverse_恢复工程_20260927/next_phase/PLAN13_全稿实证复核与修订_20260929/exploratory_specification_search_20261005_v1/limited_followup_20261006_v1/numerical_closeout_20261006_v1/search_audit/INDEX_AUDIT.csv,eacb3cb891caeecf241f11753e807b806e4a153321208a3acd1ce41455057664,True,"fresh file hash binding; existing R index/seed audit reused, not rerun",/Users/lzhs/Documents/cnm/tasks/01_R_analysis/CMAverse_恢复工程_20260927/next_phase/PLAN13_全稿实证复核与修订_20260929/exploratory_specification_search_20261005_v1/first_B200_v1/METRICS.rds,8be3a712b4b79d1ec36258239b414b9df21ab9a6f67d322b2fa1e8f55b7974ea,3382
FEAS_002,/Users/lzhs/Documents/cnm/tasks/01_R_analysis/CMAverse_恢复工程_20260927/next_phase/PLAN13_全稿实证复核与修订_20260929/exploratory_specification_search_20261005_v1/absolute_continuousX_binaryM_B200_batch01/FEAS_002/FEAS_002/execution_inputs.rds,670465,42fc8c8cd87435539ed3b113d4ffa4f68fc03287696703488891c7ba3d7e5506,actual_execution_inputs,/Users/lzhs/Documents/cnm/tasks/01_R_analysis/CMAverse_恢复工程_20260927/next_phase/PLAN13_全稿实证复核与修订_20260929/exploratory_specification_search_20261005_v1/limited_followup_20261006_v1/numerical_closeout_20261006_v1/search_audit/INDEX_AUDIT.csv,eacb3cb891caeecf241f11753e807b806e4a153321208a3acd1ce41455057664,True,"fresh file hash binding; existing R index/seed audit reused, not rerun",/Users/lzhs/Documents/cnm/tasks/01_R_analysis/CMAverse_恢复工程_20260927/next_phase/PLAN13_全稿实证复核与修订_20260929/exploratory_specification_search_20261005_v1/absolute_continuousX_binaryM_B200_batch01/FEAS_002/METRICS.rds,b9c7a4a73b0824230dded3a32d954291b8140fa9a42fcfa6fec01a00de274e57,3381
FEAS_003,/Users/lzhs/Documents/cnm/tasks/01_R_analysis/CMAverse_恢复工程_20260927/next_phase/PLAN13_全稿实证复核与修订_20260929/exploratory_specification_search_20261005_v1/absolute_continuousX_binaryM_B200_batch01/FEAS_003/FEAS_003/execution_inputs.rds,740478,299065b7df128fc7955b08937b091d488b75c512838b7778d9109fd83cdb6fe5,actual_execution_inputs,/Users/lzhs/Documents/cnm/tasks/01_R_analysis/CMAverse_恢复工程_20260927/next_phase/PLAN13_全稿实证复核与修订_20260929/exploratory_specification_search_20261005_v1/limited_followup_20261006_v1/numerical_closeout_20261006_v1/search_audit/INDEX_AUDIT.csv,eacb3cb891caeecf241f11753e807b806e4a153321208a3acd1ce41455057664,True,"fresh file hash binding; existing R index/seed audit reused, not rerun",/Users/lzhs/Documents/cnm/tasks/01_R_analysis/CMAverse_恢复工程_20260927/next_phase/PLAN13_全稿实证复核与修订_20260929/exploratory_specification_search_20261005_v1/absolute_continuousX_binaryM_B200_batch01/FEAS_003/METRICS.rds,d30aae73a4f2a839be460679105ec72d4bd7a4f40b0998a7089e5a6aaed809d9,3376
FEAS_004,/Users/lzhs/Documents/cnm/tasks/01_R_analysis/CMAverse_恢复工程_20260927/next_phase/PLAN13_全稿实证复核与修订_20260929/exploratory_specification_search_20261005_v1/relativeX_binaryM_B200_batch01/FEAS_004/FEAS_004/execution_inputs.rds,686430,30af89cd4ac1d89f9e4d4192f297fb3b1a95c36d083817a0b7c8890ff723de7d,actual_execution_inputs,/Users/lzhs/Documents/cnm/tasks/01_R_analysis/CMAverse_恢复工程_20260927/next_phase/PLAN13_全稿实证复核与修订_20260929/exploratory_specification_search_20261005_v1/limited_followup_20261006_v1/numerical_closeout_20261006_v1/search_audit/INDEX_AUDIT.csv,eacb3cb891caeecf241f11753e807b806e4a153321208a3acd1ce41455057664,True,"fresh file hash binding; existing R index/seed audit reused, not rerun",/Users/lzhs/Documents/cnm/tasks/01_R_analysis/CMAverse_恢复工程_20260927/next_phase/PLAN13_全稿实证复核与修订_20260929/exploratory_specification_search_20261005_v1/relativeX_binaryM_B200_batch01/FEAS_004/METRICS.rds,4bd8b3b115b0e87b745d0631115523830756e60cc2400e43fed26c0080ab6933,3388
FEAS_005,/Users/lzhs/Documents/cnm/tasks/01_R_analysis/CMAverse_恢复工程_20260927/next_phase/PLAN13_全稿实证复核与修订_20260929/exploratory_specification_search_20261005_v1/relativeX_binaryM_B200_batch01/FEAS_005/FEAS_005/execution_inputs.rds,670034,f2637cb7e82367624c8230656bfe3bd4c2c668c50c81855a4f22fb53c253e2d7,actual_execution_inputs,/Users/lzhs/Documents/cnm/tasks/01_R_analysis/CMAverse_恢复工程_20260927/next_phase/PLAN13_全稿实证复核与修订_20260929/exploratory_specification_search_20261005_v1/limited_followup_20261006_v1/numerical_closeout_20261006_v1/search_audit/INDEX_AUDIT.csv,eacb3cb891caeecf241f11753e807b806e4a153321208a3acd1ce41455057664,True,"fresh file hash binding; existing R index/seed audit reused, not rerun",/Users/lzhs/Documents/cnm/tasks/01_R_analysis/CMAverse_恢复工程_20260927/next_phase/PLAN13_全稿实证复核与修订_20260929/exploratory_specification_search_20261005_v1/relativeX_binaryM_B200_batch01/FEAS_005/METRICS.rds,218282ac3ace04700b70acd7cc9eaa1024606a31ac2a02196d943e6e9e1ef77a,3378
FEAS_006,/Users/lzhs/Documents/cnm/tasks/01_R_analysis/CMAverse_恢复工程_20260927/next_phase/PLAN13_全稿实证复核与修订_20260929/exploratory_specification_search_20261005_v1/binary_remaining_B200_v1/FEAS_006/FEAS_006/execution_inputs.rds,1015226,97d041db4bbab8309deb388cbc0984978f56a9a7a7e1daccb1aa4be47044d1e9,actual_execution_inputs,/Users/lzhs/Documents/cnm/tasks/01_R_analysis/CMAverse_恢复工程_20260927/next_phase/PLAN13_全稿实证复核与修订_20260929/exploratory_specification_search_20261005_v1/limited_followup_20261006_v1/numerical_closeout_20261006_v1/search_audit/INDEX_AUDIT.csv,eacb3cb891caeecf241f11753e807b806e4a153321208a3acd1ce41455057664,True,"fresh file hash binding; existing R index/seed audit reused, not rerun",/Users/lzhs/Documents/cnm/tasks/01_R_analysis/CMAverse_恢复工程_20260927/next_phase/PLAN13_全稿实证复核与修订_20260929/exploratory_specification_search_20261005_v1/binary_remaining_B200_v1/FEAS_006/METRICS.rds,401d29726e9dfa7e7018e28e836a25c9c113182bbb378102d558c430b62067fc,3376
FEAS_007,/Users/lzhs/Documents/cnm/tasks/01_R_analysis/CMAverse_恢复工程_20260927/next_phase/PLAN13_全稿实证复核与修订_20260929/exploratory_specification_search_20261005_v1/absolute_continuousX_binaryM_B200_batch01/FEAS_007/FEAS_007/execution_inputs.rds,704119,1ead974a378f873b451a3b6022409276c17c84afb460191f54879ef7cd7a143e,actual_execution_inputs,/Users/lzhs/Documents/cnm/tasks/01_R_analysis/CMAverse_恢复工程_20260927/next_phase/PLAN13_全稿实证复核与修订_20260929/exploratory_specification_search_20261005_v1/limited_followup_20261006_v1/numerical_closeout_20261006_v1/search_audit/INDEX_AUDIT.csv,eacb3cb891caeecf241f11753e807b806e4a153321208a3acd1ce41455057664,True,"fresh file hash binding; existing R index/seed audit reused, not rerun",/Users/lzhs/Documents/cnm/tasks/01_R_analysis/CMAverse_恢复工程_20260927/next_phase/PLAN13_全稿实证复核与修订_20260929/exploratory_specification_search_20261005_v1/absolute_continuousX_binaryM_B200_batch01/FEAS_007/METRICS.rds,731577ea52d399f9f69261dd52f13f3a15bf752dbbd78c9edd8d26bdcfa820af,3380
FEAS_008,/Users/lzhs/Documents/cnm/tasks/01_R_analysis/CMAverse_恢复工程_20260927/next_phase/PLAN13_全稿实证复核与修订_20260929/exploratory_specification_search_20261005_v1/absolute_continuousX_binaryM_B200_batch01/FEAS_008/FEAS_008/execution_inputs.rds,768998,03fa2b19a95dc14b22ba632ae1de15b9ac0cfdc8a71a9c6ad23b9a3d5346eae6,actual_execution_inputs,/Users/lzhs/Documents/cnm/tasks/01_R_analysis/CMAverse_恢复工程_20260927/next_phase/PLAN13_全稿实证复核与修订_20260929/exploratory_specification_search_20261005_v1/limited_followup_20261006_v1/numerical_closeout_20261006_v1/search_audit/INDEX_AUDIT.csv,eacb3cb891caeecf241f11753e807b806e4a153321208a3acd1ce41455057664,True,"fresh file hash binding; existing R index/seed audit reused, not rerun",/Users/lzhs/Documents/cnm/tasks/01_R_analysis/CMAverse_恢复工程_20260927/next_phase/PLAN13_全稿实证复核与修订_20260929/exploratory_specification_search_20261005_v1/absolute_continuousX_binaryM_B200_batch01/FEAS_008/METRICS.rds,5f46904a49bfe950df427dee69b3aa5ecc5d21425d73f8e60bf33a6744be1996,3367
FEAS_009,/Users/lzhs/Documents/cnm/tasks/01_R_analysis/CMAverse_恢复工程_20260927/next_phase/PLAN13_全稿实证复核与修订_20260929/exploratory_specification_search_20261005_v1/relativeX_binaryM_B200_batch01/FEAS_009/FEAS_009/execution_inputs.rds,548308,7168cce3c2e043a62075fa6623e68eb366bdc2510a7f684f7d87f03be510cebd,actual_execution_inputs,/Users/lzhs/Documents/cnm/tasks/01_R_analysis/CMAverse_恢复工程_20260927/next_phase/PLAN13_全稿实证复核与修订_20260929/exploratory_specification_search_20261005_v1/limited_followup_20261006_v1/numerical_closeout_20261006_v1/search_audit/INDEX_AUDIT.csv,eacb3cb891caeecf241f11753e807b806e4a153321208a3acd1ce41455057664,True,"fresh file hash binding; existing R index/seed audit reused, not rerun",/Users/lzhs/Documents/cnm/tasks/01_R_analysis/CMAverse_恢复工程_20260927/next_phase/PLAN13_全稿实证复核与修订_20260929/exploratory_specification_search_20261005_v1/relativeX_binaryM_B200_batch01/FEAS_009/METRICS.rds,f4fd800fdad31a434f2f5e6e3686c58b0baeff98d162b7a8b5fde142ed44d5e1,3388
FEAS_010,/Users/lzhs/Documents/cnm/tasks/01_R_analysis/CMAverse_恢复工程_20260927/next_phase/PLAN13_全稿实证复核与修订_20260929/exploratory_specification_search_20261005_v1/relativeX_binaryM_B200_batch01/FEAS_010/FEAS_010/execution_inputs.rds,655325,a724ee1fbb32e5ceac5545ffafd5e486210960cd9461889fb1fe6f5232ae81e3,actual_execution_inputs,/Users/lzhs/Documents/cnm/tasks/01_R_analysis/CMAverse_恢复工程_20260927/next_phase/PLAN13_全稿实证复核与修订_20260929/exploratory_specification_search_20261005_v1/limited_followup_20261006_v1/numerical_closeout_20261006_v1/search_audit/INDEX_AUDIT.csv,eacb3cb891caeecf241f11753e807b806e4a153321208a3acd1ce41455057664,True,"fresh file hash binding; existing R index/seed audit reused, not rerun",/Users/lzhs/Documents/cnm/tasks/01_R_analysis/CMAverse_恢复工程_20260927/next_phase/PLAN13_全稿实证复核与修订_20260929/exploratory_specification_search_20261005_v1/relativeX_binaryM_B200_batch01/FEAS_010/METRICS.rds,5b791583af16aa99e26469341cba2f53f1e88a71fe451edf7073441f8107557b,3389
FEAS_011,/Users/lzhs/Documents/cnm/tasks/01_R_analysis/CMAverse_恢复工程_20260927/next_phase/PLAN13_全稿实证复核与修订_20260929/exploratory_specification_search_20261005_v1/binary_expanded_recovery_v1/FEAS_011/FEAS_011/execution_inputs.rds,1070279,a6226844704e916d284fdf50742ded9ccf346791581981f9484dd8965f422ba6,actual_execution_inputs,/Users/lzhs/Documents/cnm/tasks/01_R_analysis/CMAverse_恢复工程_20260927/next_phase/PLAN13_全稿实证复核与修订_20260929/exploratory_specification_search_20261005_v1/limited_followup_20261006_v1/numerical_closeout_20261006_v1/search_audit/INDEX_AUDIT.csv,eacb3cb891caeecf241f11753e807b806e4a153321208a3acd1ce41455057664,True,"fresh file hash binding; existing R index/seed audit reused, not rerun",/Users/lzhs/Documents/cnm/tasks/01_R_analysis/CMAverse_恢复工程_20260927/next_phase/PLAN13_全稿实证复核与修订_20260929/exploratory_specification_search_20261005_v1/binary_expanded_recovery_v1/FEAS_011/METRICS.rds,8be3a712b4b79d1ec36258239b414b9df21ab9a6f67d322b2fa1e8f55b7974ea,3382
FEAS_012,/Users/lzhs/Documents/cnm/tasks/01_R_analysis/CMAverse_恢复工程_20260927/next_phase/PLAN13_全稿实证复核与修订_20260929/exploratory_specification_search_20261005_v1/absolute_continuousX_binaryM_B200_batch02/FEAS_012/FEAS_012/execution_inputs.rds,691707,e20cbe87f842176bd2b64ccd51b1bcbb7fe2b7192b0dfa48754079c1d6580e70,actual_execution_inputs,/Users/lzhs/Documents/cnm/tasks/01_R_analysis/CMAverse_恢复工程_20260927/next_phase/PLAN13_全稿实证复核与修订_20260929/exploratory_specification_search_20261005_v1/limited_followup_20261006_v1/numerical_closeout_20261006_v1/search_audit/INDEX_AUDIT.csv,eacb3cb891caeecf241f11753e807b806e4a153321208a3acd1ce41455057664,True,"fresh file hash binding; existing R index/seed audit reused, not rerun",/Users/lzhs/Documents/cnm/tasks/01_R_analysis/CMAverse_恢复工程_20260927/next_phase/PLAN13_全稿实证复核与修订_20260929/exploratory_specification_search_20261005_v1/absolute_continuousX_binaryM_B200_batch02/FEAS_012/METRICS.rds,b9c7a4a73b0824230dded3a32d954291b8140fa9a42fcfa6fec01a00de274e57,3381
FEAS_013,/Users/lzhs/Documents/cnm/tasks/01_R_analysis/CMAverse_恢复工程_20260927/next_phase/PLAN13_全稿实证复核与修订_20260929/exploratory_specification_search_20261005_v1/absolute_continuousX_binaryM_B200_batch02/FEAS_013/FEAS_013/execution_inputs.rds,761634,fe534255389e0965d4f3b041094ba39ce633917b6fe84464f17faf83442cae97,actual_execution_inputs,/Users/lzhs/Documents/cnm/tasks/01_R_analysis/CMAverse_恢复工程_20260927/next_phase/PLAN13_全稿实证复核与修订_20260929/exploratory_specification_search_20261005_v1/limited_followup_20261006_v1/numerical_closeout_20261006_v1/search_audit/INDEX_AUDIT.csv,eacb3cb891caeecf241f11753e807b806e4a153321208a3acd1ce41455057664,True,"fresh file hash binding; existing R index/seed audit reused, not rerun",/Users/lzhs/Documents/cnm/tasks/01_R_analysis/CMAverse_恢复工程_20260927/next_phase/PLAN13_全稿实证复核与修订_20260929/exploratory_specification_search_20261005_v1/absolute_continuousX_binaryM_B200_batch02/FEAS_013/METRICS.rds,d30aae73a4f2a839be460679105ec72d4bd7a4f40b0998a7089e5a6aaed809d9,3376
FEAS_014,/Users/lzhs/Documents/cnm/tasks/01_R_analysis/CMAverse_恢复工程_20260927/next_phase/PLAN13_全稿实证复核与修订_20260929/exploratory_specification_search_20261005_v1/relativeX_binaryM_B200_batch02/FEAS_014/FEAS_014/execution_inputs.rds,699707,682fb6c86cedd8c9cec973f672f0a67a65bebff239b72c0508a308b7ecd263cc,actual_execution_inputs,/Users/lzhs/Documents/cnm/tasks/01_R_analysis/CMAverse_恢复工程_20260927/next_phase/PLAN13_全稿实证复核与修订_20260929/exploratory_specification_search_20261005_v1/limited_followup_20261006_v1/numerical_closeout_20261006_v1/search_audit/INDEX_AUDIT.csv,eacb3cb891caeecf241f11753e807b806e4a153321208a3acd1ce41455057664,True,"fresh file hash binding; existing R index/seed audit reused, not rerun",/Users/lzhs/Documents/cnm/tasks/01_R_analysis/CMAverse_恢复工程_20260927/next_phase/PLAN13_全稿实证复核与修订_20260929/exploratory_specification_search_20261005_v1/relativeX_binaryM_B200_batch02/FEAS_014/METRICS.rds,4bd8b3b115b0e87b745d0631115523830756e60cc2400e43fed26c0080ab6933,3388
FEAS_015,/Users/lzhs/Documents/cnm/tasks/01_R_analysis/CMAverse_恢复工程_20260927/next_phase/PLAN13_全稿实证复核与修订_20260929/exploratory_specification_search_20261005_v1/relativeX_binaryM_B200_batch02/FEAS_015/FEAS_015/execution_inputs.rds,691399,c0bd401b3948896940c166c9fabd1093cce41f1fdc6c03f274d3c5ddd0731af2,actual_execution_inputs,/Users/lzhs/Documents/cnm/tasks/01_R_analysis/CMAverse_恢复工程_20260927/next_phase/PLAN13_全稿实证复核与修订_20260929/exploratory_specification_search_20261005_v1/limited_followup_20261006_v1/numerical_closeout_20261006_v1/search_audit/INDEX_AUDIT.csv,eacb3cb891caeecf241f11753e807b806e4a153321208a3acd1ce41455057664,True,"fresh file hash binding; existing R index/seed audit reused, not rerun",/Users/lzhs/Documents/cnm/tasks/01_R_analysis/CMAverse_恢复工程_20260927/next_phase/PLAN13_全稿实证复核与修订_20260929/exploratory_specification_search_20261005_v1/relativeX_binaryM_B200_batch02/FEAS_015/METRICS.rds,218282ac3ace04700b70acd7cc9eaa1024606a31ac2a02196d943e6e9e1ef77a,3378
FEAS_016,/Users/lzhs/Documents/cnm/tasks/01_R_analysis/CMAverse_恢复工程_20260927/next_phase/PLAN13_全稿实证复核与修订_20260929/exploratory_specification_search_20261005_v1/binary_expanded_recovery_v1/FEAS_016/FEAS_016/execution_inputs.rds,1036672,c0109ea55cfdec83754f08a4d6d83f59b15b30cd3f7ff01c3c273ff5879944f8,actual_execution_inputs,/Users/lzhs/Documents/cnm/tasks/01_R_analysis/CMAverse_恢复工程_20260927/next_phase/PLAN13_全稿实证复核与修订_20260929/exploratory_specification_search_20261005_v1/limited_followup_20261006_v1/numerical_closeout_20261006_v1/search_audit/INDEX_AUDIT.csv,eacb3cb891caeecf241f11753e807b806e4a153321208a3acd1ce41455057664,True,"fresh file hash binding; existing R index/seed audit reused, not rerun",/Users/lzhs/Documents/cnm/tasks/01_R_analysis/CMAverse_恢复工程_20260927/next_phase/PLAN13_全稿实证复核与修订_20260929/exploratory_specification_search_20261005_v1/binary_expanded_recovery_v1/FEAS_016/METRICS.rds,401d29726e9dfa7e7018e28e836a25c9c113182bbb378102d558c430b62067fc,3376
FEAS_017,/Users/lzhs/Documents/cnm/tasks/01_R_analysis/CMAverse_恢复工程_20260927/next_phase/PLAN13_全稿实证复核与修订_20260929/exploratory_specification_search_20261005_v1/absolute_continuousX_binaryM_B200_batch02/FEAS_017/FEAS_017/execution_inputs.rds,724901,883c9bbd004e7629092ebbc7afc85e34f092311a2a2ab0f08e9223f345f0ac1b,actual_execution_inputs,/Users/lzhs/Documents/cnm/tasks/01_R_analysis/CMAverse_恢复工程_20260927/next_phase/PLAN13_全稿实证复核与修订_20260929/exploratory_specification_search_20261005_v1/limited_followup_20261006_v1/numerical_closeout_20261006_v1/search_audit/INDEX_AUDIT.csv,eacb3cb891caeecf241f11753e807b806e4a153321208a3acd1ce41455057664,True,"fresh file hash binding; existing R index/seed audit reused, not rerun",/Users/lzhs/Documents/cnm/tasks/01_R_analysis/CMAverse_恢复工程_20260927/next_phase/PLAN13_全稿实证复核与修订_20260929/exploratory_specification_search_20261005_v1/absolute_continuousX_binaryM_B200_batch02/FEAS_017/METRICS.rds,731577ea52d399f9f69261dd52f13f3a15bf752dbbd78c9edd8d26bdcfa820af,3380
FEAS_018,/Users/lzhs/Documents/cnm/tasks/01_R_analysis/CMAverse_恢复工程_20260927/next_phase/PLAN13_全稿实证复核与修订_20260929/exploratory_specification_search_20261005_v1/absolute_continuousX_binaryM_B200_batch02/FEAS_018/FEAS_018/execution_inputs.rds,789747,790a1927cb71bcd622c7b9c990a19f29b10a1e10e0734892d217e2b4083f8e05,actual_execution_inputs,/Users/lzhs/Documents/cnm/tasks/01_R_analysis/CMAverse_恢复工程_20260927/next_phase/PLAN13_全稿实证复核与修订_20260929/exploratory_specification_search_20261005_v1/limited_followup_20261006_v1/numerical_closeout_20261006_v1/search_audit/INDEX_AUDIT.csv,eacb3cb891caeecf241f11753e807b806e4a153321208a3acd1ce41455057664,True,"fresh file hash binding; existing R index/seed audit reused, not rerun",/Users/lzhs/Documents/cnm/tasks/01_R_analysis/CMAverse_恢复工程_20260927/next_phase/PLAN13_全稿实证复核与修订_20260929/exploratory_specification_search_20261005_v1/absolute_continuousX_binaryM_B200_batch02/FEAS_018/METRICS.rds,5f46904a49bfe950df427dee69b3aa5ecc5d21425d73f8e60bf33a6744be1996,3367
FEAS_019,/Users/lzhs/Documents/cnm/tasks/01_R_analysis/CMAverse_恢复工程_20260927/next_phase/PLAN13_全稿实证复核与修订_20260929/exploratory_specification_search_20261005_v1/relativeX_binaryM_B200_batch02/FEAS_019/FEAS_019/execution_inputs.rds,563271,1ada2d6696fb5ce9da361b5b6d758613f8a73640abf3edc12144adaae5bd0188,actual_execution_inputs,/Users/lzhs/Documents/cnm/tasks/01_R_analysis/CMAverse_恢复工程_20260927/next_phase/PLAN13_全稿实证复核与修订_20260929/exploratory_specification_search_20261005_v1/limited_followup_20261006_v1/numerical_closeout_20261006_v1/search_audit/INDEX_AUDIT.csv,eacb3cb891caeecf241f11753e807b806e4a153321208a3acd1ce41455057664,True,"fresh file hash binding; existing R index/seed audit reused, not rerun",/Users/lzhs/Documents/cnm/tasks/01_R_analysis/CMAverse_恢复工程_20260927/next_phase/PLAN13_全稿实证复核与修订_20260929/exploratory_specification_search_20261005_v1/relativeX_binaryM_B200_batch02/FEAS_019/METRICS.rds,f4fd800fdad31a434f2f5e6e3686c58b0baeff98d162b7a8b5fde142ed44d5e1,3388
FEAS_020,/Users/lzhs/Documents/cnm/tasks/01_R_analysis/CMAverse_恢复工程_20260927/next_phase/PLAN13_全稿实证复核与修订_20260929/exploratory_specification_search_20261005_v1/relativeX_binaryM_B200_batch02/FEAS_020/FEAS_020/execution_inputs.rds,676488,efa6daabc863b32b67b19dbab5ed8ec87c071908db689a015ef4bbbfe020c922,actual_execution_inputs,/Users/lzhs/Documents/cnm/tasks/01_R_analysis/CMAverse_恢复工程_20260927/next_phase/PLAN13_全稿实证复核与修订_20260929/exploratory_specification_search_20261005_v1/limited_followup_20261006_v1/numerical_closeout_20261006_v1/search_audit/INDEX_AUDIT.csv,eacb3cb891caeecf241f11753e807b806e4a153321208a3acd1ce41455057664,True,"fresh file hash binding; existing R index/seed audit reused, not rerun",/Users/lzhs/Documents/cnm/tasks/01_R_analysis/CMAverse_恢复工程_20260927/next_phase/PLAN13_全稿实证复核与修订_20260929/exploratory_specification_search_20261005_v1/relativeX_binaryM_B200_batch02/FEAS_020/METRICS.rds,5b791583af16aa99e26469341cba2f53f1e88a71fe451edf7073441f8107557b,3389
FEAS_031,/Users/lzhs/Documents/cnm/tasks/01_R_analysis/CMAverse_恢复工程_20260927/next_phase/PLAN13_全稿实证复核与修订_20260929/exploratory_specification_search_20261005_v1/binary_expanded_recovery_v1/FEAS_031/FEAS_031/execution_inputs.rds,3163364,38c44e36a606a4549f098432c6470b46f88cd143dd0d72e55a2425f37c0d4111,actual_execution_inputs,/Users/lzhs/Documents/cnm/tasks/01_R_analysis/CMAverse_恢复工程_20260927/next_phase/PLAN13_全稿实证复核与修订_20260929/exploratory_specification_search_20261005_v1/limited_followup_20261006_v1/numerical_closeout_20261006_v1/search_audit/INDEX_AUDIT.csv,eacb3cb891caeecf241f11753e807b806e4a153321208a3acd1ce41455057664,True,"fresh file hash binding; existing R index/seed audit reused, not rerun",/Users/lzhs/Documents/cnm/tasks/01_R_analysis/CMAverse_恢复工程_20260927/next_phase/PLAN13_全稿实证复核与修订_20260929/exploratory_specification_search_20261005_v1/binary_expanded_recovery_v1/FEAS_031/METRICS.rds,2155cf5e58b61268b2729ff948addf783bab6c0831882aecb9f0455089647a6c,3383
FEAS_032,/Users/lzhs/Documents/cnm/tasks/01_R_analysis/CMAverse_恢复工程_20260927/next_phase/PLAN13_全稿实证复核与修订_20260929/exploratory_specification_search_20261005_v1/absolute_continuousX_binaryM_B200_batch02/FEAS_032/FEAS_032/execution_inputs.rds,1835422,8a50d95d38399d831b97ca1aa6068642be709b3eaa05fabc6233aff027836217,actual_execution_inputs,/Users/lzhs/Documents/cnm/tasks/01_R_analysis/CMAverse_恢复工程_20260927/next_phase/PLAN13_全稿实证复核与修订_20260929/exploratory_specification_search_20261005_v1/limited_followup_20261006_v1/numerical_closeout_20261006_v1/search_audit/INDEX_AUDIT.csv,eacb3cb891caeecf241f11753e807b806e4a153321208a3acd1ce41455057664,True,"fresh file hash binding; existing R index/seed audit reused, not rerun",/Users/lzhs/Documents/cnm/tasks/01_R_analysis/CMAverse_恢复工程_20260927/next_phase/PLAN13_全稿实证复核与修订_20260929/exploratory_specification_search_20261005_v1/absolute_continuousX_binaryM_B200_batch02/FEAS_032/METRICS.rds,ad57e09cdd930d2fac49a029a1d93ac9abf7c026c55b00e2057ee7e86b10741c,3379
FEAS_033,/Users/lzhs/Documents/cnm/tasks/01_R_analysis/CMAverse_恢复工程_20260927/next_phase/PLAN13_全稿实证复核与修订_20260929/exploratory_specification_search_20261005_v1/absolute_continuousX_binaryM_B200_batch02/FEAS_033/FEAS_033/execution_inputs.rds,2106039,7422c98dd46a7a48529bd630c4d795388848ceca9fca49050dbaebb43ba6fd88,actual_execution_inputs,/Users/lzhs/Documents/cnm/tasks/01_R_analysis/CMAverse_恢复工程_20260927/next_phase/PLAN13_全稿实证复核与修订_20260929/exploratory_specification_search_20261005_v1/limited_followup_20261006_v1/numerical_closeout_20261006_v1/search_audit/INDEX_AUDIT.csv,eacb3cb891caeecf241f11753e807b806e4a153321208a3acd1ce41455057664,True,"fresh file hash binding; existing R index/seed audit reused, not rerun",/Users/lzhs/Documents/cnm/tasks/01_R_analysis/CMAverse_恢复工程_20260927/next_phase/PLAN13_全稿实证复核与修订_20260929/exploratory_specification_search_20261005_v1/absolute_continuousX_binaryM_B200_batch02/FEAS_033/METRICS.rds,cf26ef64e6198f434cc6073cd9631328fc6a96656f32ed752d0c5165de5c8079,3383
FEAS_034,/Users/lzhs/Documents/cnm/tasks/01_R_analysis/CMAverse_恢复工程_20260927/next_phase/PLAN13_全稿实证复核与修订_20260929/exploratory_specification_search_20261005_v1/relativeX_binaryM_B200_batch03_recovery_v1/FEAS_034/FEAS_034/execution_inputs.rds,1839867,3bcf7087f5f8de92a277f2b5149e19621df432af6db5c5df5f078c87a5b9881e,actual_execution_inputs,/Users/lzhs/Documents/cnm/tasks/01_R_analysis/CMAverse_恢复工程_20260927/next_phase/PLAN13_全稿实证复核与修订_20260929/exploratory_specification_search_20261005_v1/limited_followup_20261006_v1/numerical_closeout_20261006_v1/search_audit/INDEX_AUDIT.csv,eacb3cb891caeecf241f11753e807b806e4a153321208a3acd1ce41455057664,True,"fresh file hash binding; existing R index/seed audit reused, not rerun",/Users/lzhs/Documents/cnm/tasks/01_R_analysis/CMAverse_恢复工程_20260927/next_phase/PLAN13_全稿实证复核与修订_20260929/exploratory_specification_search_20261005_v1/relativeX_binaryM_B200_batch03_recovery_v1/FEAS_034/METRICS.rds,d03b9c3f2b68a231db023af0753d9a138bafe8930b3c25f550560ff54eb948ea,3382
FEAS_035,/Users/lzhs/Documents/cnm/tasks/01_R_analysis/CMAverse_恢复工程_20260927/next_phase/PLAN13_全稿实证复核与修订_20260929/exploratory_specification_search_20261005_v1/relativeX_binaryM_B200_batch03_recovery_v1/FEAS_035/FEAS_035/execution_inputs.rds,1915005,c49be7f8451db865129373217ad2f2946bd0ef9ca73f97ca92f3fb0c93fa7459,actual_execution_inputs,/Users/lzhs/Documents/cnm/tasks/01_R_analysis/CMAverse_恢复工程_20260927/next_phase/PLAN13_全稿实证复核与修订_20260929/exploratory_specification_search_20261005_v1/limited_followup_20261006_v1/numerical_closeout_20261006_v1/search_audit/INDEX_AUDIT.csv,eacb3cb891caeecf241f11753e807b806e4a153321208a3acd1ce41455057664,True,"fresh file hash binding; existing R index/seed audit reused, not rerun",/Users/lzhs/Documents/cnm/tasks/01_R_analysis/CMAverse_恢复工程_20260927/next_phase/PLAN13_全稿实证复核与修订_20260929/exploratory_specification_search_20261005_v1/relativeX_binaryM_B200_batch03_recovery_v1/FEAS_035/METRICS.rds,da26eae38956a887f7e24292fb7f63a2d8025f4d84603603c883fb4da199ca68,3384
FEAS_036,/Users/lzhs/Documents/cnm/tasks/01_R_analysis/CMAverse_恢复工程_20260927/next_phase/PLAN13_全稿实证复核与修订_20260929/exploratory_specification_search_20261005_v1/binary_expanded_recovery_v1/FEAS_036/FEAS_036/execution_inputs.rds,3125724,49726d0653a5cb98d8c84af2b3f02e4546048792a470aa21d70753507825b154,actual_execution_inputs,/Users/lzhs/Documents/cnm/tasks/01_R_analysis/CMAverse_恢复工程_20260927/next_phase/PLAN13_全稿实证复核与修订_20260929/exploratory_specification_search_20261005_v1/limited_followup_20261006_v1/numerical_closeout_20261006_v1/search_audit/INDEX_AUDIT.csv,eacb3cb891caeecf241f11753e807b806e4a153321208a3acd1ce41455057664,True,"fresh file hash binding; existing R index/seed audit reused, not rerun",/Users/lzhs/Documents/cnm/tasks/01_R_analysis/CMAverse_恢复工程_20260927/next_phase/PLAN13_全稿实证复核与修订_20260929/exploratory_specification_search_20261005_v1/binary_expanded_recovery_v1/FEAS_036/METRICS.rds,fe150716bc59b93cfbd27dd881affe606e21d1e18f7502ec4355c3a493813a1c,3377
FEAS_037,/Users/lzhs/Documents/cnm/tasks/01_R_analysis/CMAverse_恢复工程_20260927/next_phase/PLAN13_全稿实证复核与修订_20260929/exploratory_specification_search_20261005_v1/absolute_continuousX_binaryM_B200_batch02/FEAS_037/FEAS_037/execution_inputs.rds,1896218,c9f9023cac6ada15d240c7228b382ac073af8c7907cd34bedbcfcd6c26682172,actual_execution_inputs,/Users/lzhs/Documents/cnm/tasks/01_R_analysis/CMAverse_恢复工程_20260927/next_phase/PLAN13_全稿实证复核与修订_20260929/exploratory_specification_search_20261005_v1/limited_followup_20261006_v1/numerical_closeout_20261006_v1/search_audit/INDEX_AUDIT.csv,eacb3cb891caeecf241f11753e807b806e4a153321208a3acd1ce41455057664,True,"fresh file hash binding; existing R index/seed audit reused, not rerun",/Users/lzhs/Documents/cnm/tasks/01_R_analysis/CMAverse_恢复工程_20260927/next_phase/PLAN13_全稿实证复核与修订_20260929/exploratory_specification_search_20261005_v1/absolute_continuousX_binaryM_B200_batch02/FEAS_037/METRICS.rds,407a3a851cea4b0af391ac5c418c2366f33647afeca695a2f32a8c6ba0b338b8,3374
FEAS_038,/Users/lzhs/Documents/cnm/tasks/01_R_analysis/CMAverse_恢复工程_20260927/next_phase/PLAN13_全稿实证复核与修订_20260929/exploratory_specification_search_20261005_v1/absolute_continuousX_binaryM_B200_batch02/FEAS_038/FEAS_038/execution_inputs.rds,2154402,82c13cb59213e990a211b790206785931641d6259a09e53b8929d6ef6f43db89,actual_execution_inputs,/Users/lzhs/Documents/cnm/tasks/01_R_analysis/CMAverse_恢复工程_20260927/next_phase/PLAN13_全稿实证复核与修订_20260929/exploratory_specification_search_20261005_v1/limited_followup_20261006_v1/numerical_closeout_20261006_v1/search_audit/INDEX_AUDIT.csv,eacb3cb891caeecf241f11753e807b806e4a153321208a3acd1ce41455057664,True,"fresh file hash binding; existing R index/seed audit reused, not rerun",/Users/lzhs/Documents/cnm/tasks/01_R_analysis/CMAverse_恢复工程_20260927/next_phase/PLAN13_全稿实证复核与修订_20260929/exploratory_specification_search_20261005_v1/absolute_continuousX_binaryM_B200_batch02/FEAS_038/METRICS.rds,f21e977b5bf299a6513636585246ca4a25d236c437340a936d9639c961e2e331,3383
FEAS_039,/Users/lzhs/Documents/cnm/tasks/01_R_analysis/CMAverse_恢复工程_20260927/next_phase/PLAN13_全稿实证复核与修订_20260929/exploratory_specification_search_20261005_v1/relativeX_binaryM_B200_batch03_recovery_v1/FEAS_039/FEAS_039/execution_inputs.rds,1628511,fb50ed4f99a7d8bdef0742117aa1db7ec084184c277423c9d8c8d171e5b67770,actual_execution_inputs,/Users/lzhs/Documents/cnm/tasks/01_R_analysis/CMAverse_恢复工程_20260927/next_phase/PLAN13_全稿实证复核与修订_20260929/exploratory_specification_search_20261005_v1/limited_followup_20261006_v1/numerical_closeout_20261006_v1/search_audit/INDEX_AUDIT.csv,eacb3cb891caeecf241f11753e807b806e4a153321208a3acd1ce41455057664,True,"fresh file hash binding; existing R index/seed audit reused, not rerun",/Users/lzhs/Documents/cnm/tasks/01_R_analysis/CMAverse_恢复工程_20260927/next_phase/PLAN13_全稿实证复核与修订_20260929/exploratory_specification_search_20261005_v1/relativeX_binaryM_B200_batch03_recovery_v1/FEAS_039/METRICS.rds,8dd4a7a8f8d2e2f6d7e220313c5fbc8cc3a33962d6487ad21c67ddcc9fbbe365,3387
FEAS_040,/Users/lzhs/Documents/cnm/tasks/01_R_analysis/CMAverse_恢复工程_20260927/next_phase/PLAN13_全稿实证复核与修订_20260929/exploratory_specification_search_20261005_v1/relativeX_binaryM_B200_batch03_recovery_v1/FEAS_040/FEAS_040/execution_inputs.rds,1901432,2d80106a7eb2b53105fb069366250f61ca5c73448013475e575f9de84afee268,actual_execution_inputs,/Users/lzhs/Documents/cnm/tasks/01_R_analysis/CMAverse_恢复工程_20260927/next_phase/PLAN13_全稿实证复核与修订_20260929/exploratory_specification_search_20261005_v1/limited_followup_20261006_v1/numerical_closeout_20261006_v1/search_audit/INDEX_AUDIT.csv,eacb3cb891caeecf241f11753e807b806e4a153321208a3acd1ce41455057664,True,"fresh file hash binding; existing R index/seed audit reused, not rerun",/Users/lzhs/Documents/cnm/tasks/01_R_analysis/CMAverse_恢复工程_20260927/next_phase/PLAN13_全稿实证复核与修订_20260929/exploratory_specification_search_20261005_v1/relativeX_binaryM_B200_batch03_recovery_v1/FEAS_040/METRICS.rds,48c58f259c1bcaca175fa14cb730ba12a66da93f8bdeea4434c223eac70c68a0,3389
FEAS_041,/Users/lzhs/Documents/cnm/tasks/01_R_analysis/CMAverse_恢复工程_20260927/next_phase/PLAN13_全稿实证复核与修订_20260929/exploratory_specification_search_20261005_v1/relative_continuousM_B200_batch01/FEAS_041/FEAS_041/execution_inputs.rds,4240016,9b66dfe9f1c073d2fc3a24b94dc0d2d7de459a07e21d56518eb9cde78052494d,actual_execution_inputs,/Users/lzhs/Documents/cnm/tasks/01_R_analysis/CMAverse_恢复工程_20260927/next_phase/PLAN13_全稿实证复核与修订_20260929/exploratory_specification_search_20261005_v1/limited_followup_20261006_v1/numerical_closeout_20261006_v1/search_audit/INDEX_AUDIT.csv,eacb3cb891caeecf241f11753e807b806e4a153321208a3acd1ce41455057664,True,"fresh file hash binding; existing R index/seed audit reused, not rerun",/Users/lzhs/Documents/cnm/tasks/01_R_analysis/CMAverse_恢复工程_20260927/next_phase/PLAN13_全稿实证复核与修订_20260929/exploratory_specification_search_20261005_v1/relative_continuousM_B200_batch01/FEAS_041/METRICS.rds,316584483a2743f14f840aa3b93e0399d4764e8849cb28f970cb16a8ea1271df,3381
FEAS_042,/Users/lzhs/Documents/cnm/tasks/01_R_analysis/CMAverse_恢复工程_20260927/next_phase/PLAN13_全稿实证复核与修订_20260929/exploratory_specification_search_20261005_v1/relative_continuousM_B200_batch01/FEAS_042/FEAS_042/execution_inputs.rds,2534654,1fa036a22397b2ace972f44fbb91b89adf0660a19c6da6f4f112c23d5a7b78a0,actual_execution_inputs,/Users/lzhs/Documents/cnm/tasks/01_R_analysis/CMAverse_恢复工程_20260927/next_phase/PLAN13_全稿实证复核与修订_20260929/exploratory_specification_search_20261005_v1/limited_followup_20261006_v1/numerical_closeout_20261006_v1/search_audit/INDEX_AUDIT.csv,eacb3cb891caeecf241f11753e807b806e4a153321208a3acd1ce41455057664,True,"fresh file hash binding; existing R index/seed audit reused, not rerun",/Users/lzhs/Documents/cnm/tasks/01_R_analysis/CMAverse_恢复工程_20260927/next_phase/PLAN13_全稿实证复核与修订_20260929/exploratory_specification_search_20261005_v1/relative_continuousM_B200_batch01/FEAS_042/METRICS.rds,1ff4dd89d6c3b28bdf2b449bb8fcc0bfd16dad1b2a05e45acf705fc19befce35,3346
FEAS_043,/Users/lzhs/Documents/cnm/tasks/01_R_analysis/CMAverse_恢复工程_20260927/next_phase/PLAN13_全稿实证复核与修订_20260929/exploratory_specification_search_20261005_v1/relative_continuousM_B200_batch01/FEAS_043/FEAS_043/execution_inputs.rds,2886856,c208c9bdb37da4771a7c461f01551def0ff5667970572a4bdd87fe5c8311651a,actual_execution_inputs,/Users/lzhs/Documents/cnm/tasks/01_R_analysis/CMAverse_恢复工程_20260927/next_phase/PLAN13_全稿实证复核与修订_20260929/exploratory_specification_search_20261005_v1/limited_followup_20261006_v1/numerical_closeout_20261006_v1/search_audit/INDEX_AUDIT.csv,eacb3cb891caeecf241f11753e807b806e4a153321208a3acd1ce41455057664,True,"fresh file hash binding; existing R index/seed audit reused, not rerun",/Users/lzhs/Documents/cnm/tasks/01_R_analysis/CMAverse_恢复工程_20260927/next_phase/PLAN13_全稿实证复核与修订_20260929/exploratory_specification_search_20261005_v1/relative_continuousM_B200_batch01/FEAS_043/METRICS.rds,543d31387ec7d623fd8ba43cf4612a9d7f9b5049dad4e419ab4e2bbb06fc070a,3364
FEAS_044,/Users/lzhs/Documents/cnm/tasks/01_R_analysis/CMAverse_恢复工程_20260927/next_phase/PLAN13_全稿实证复核与修订_20260929/exploratory_specification_search_20261005_v1/relative_continuousM_B200_batch01/FEAS_044/FEAS_044/execution_inputs.rds,2321851,41ea743ef5d280034dc9ed5112becfc2359df5cd939c49f98212d669a4840e2a,actual_execution_inputs,/Users/lzhs/Documents/cnm/tasks/01_R_analysis/CMAverse_恢复工程_20260927/next_phase/PLAN13_全稿实证复核与修订_20260929/exploratory_specification_search_20261005_v1/limited_followup_20261006_v1/numerical_closeout_20261006_v1/search_audit/INDEX_AUDIT.csv,eacb3cb891caeecf241f11753e807b806e4a153321208a3acd1ce41455057664,True,"fresh file hash binding; existing R index/seed audit reused, not rerun",/Users/lzhs/Documents/cnm/tasks/01_R_analysis/CMAverse_恢复工程_20260927/next_phase/PLAN13_全稿实证复核与修订_20260929/exploratory_specification_search_20261005_v1/relative_continuousM_B200_batch01/FEAS_044/METRICS.rds,8d2aa60e99ad350fc2dc2323c09da860bdec5816be5065c496e34f3a607fc919,3376
FEAS_045,/Users/lzhs/Documents/cnm/tasks/01_R_analysis/CMAverse_恢复工程_20260927/next_phase/PLAN13_全稿实证复核与修订_20260929/exploratory_specification_search_20261005_v1/relative_continuousM_B200_batch02/FEAS_045/FEAS_045/execution_inputs.rds,2560308,32ed755aff1c41a7c3d8118a1cc7991853727e1df27e494ab27396ecffbdf0a5,actual_execution_inputs,/Users/lzhs/Documents/cnm/tasks/01_R_analysis/CMAverse_恢复工程_20260927/next_phase/PLAN13_全稿实证复核与修订_20260929/exploratory_specification_search_20261005_v1/limited_followup_20261006_v1/numerical_closeout_20261006_v1/search_audit/INDEX_AUDIT.csv,eacb3cb891caeecf241f11753e807b806e4a153321208a3acd1ce41455057664,True,"fresh file hash binding; existing R index/seed audit reused, not rerun",/Users/lzhs/Documents/cnm/tasks/01_R_analysis/CMAverse_恢复工程_20260927/next_phase/PLAN13_全稿实证复核与修订_20260929/exploratory_specification_search_20261005_v1/relative_continuousM_B200_batch02/FEAS_045/METRICS.rds,0aa96af2c7a05f47c54ae5fa10614e69b8c592851dbfe8e5151c175fb62198fb,3371
FEAS_046,/Users/lzhs/Documents/cnm/tasks/01_R_analysis/CMAverse_恢复工程_20260927/next_phase/PLAN13_全稿实证复核与修订_20260929/exploratory_specification_search_20261005_v1/relative_continuousM_B200_batch02/FEAS_046/FEAS_046/execution_inputs.rds,4240020,7199d7e80a4ae780ae4edda6ac78679af941eb85bca895a401c3b46de4b0c644,actual_execution_inputs,/Users/lzhs/Documents/cnm/tasks/01_R_analysis/CMAverse_恢复工程_20260927/next_phase/PLAN13_全稿实证复核与修订_20260929/exploratory_specification_search_20261005_v1/limited_followup_20261006_v1/numerical_closeout_20261006_v1/search_audit/INDEX_AUDIT.csv,eacb3cb891caeecf241f11753e807b806e4a153321208a3acd1ce41455057664,True,"fresh file hash binding; existing R index/seed audit reused, not rerun",/Users/lzhs/Documents/cnm/tasks/01_R_analysis/CMAverse_恢复工程_20260927/next_phase/PLAN13_全稿实证复核与修订_20260929/exploratory_specification_search_20261005_v1/relative_continuousM_B200_batch02/FEAS_046/METRICS.rds,26393766f999562096f01323ec173c52406ba125b906afc24a8c03ce6551ad46,3381
FEAS_047,/Users/lzhs/Documents/cnm/tasks/01_R_analysis/CMAverse_恢复工程_20260927/next_phase/PLAN13_全稿实证复核与修订_20260929/exploratory_specification_search_20261005_v1/relative_continuousM_B200_batch02/FEAS_047/FEAS_047/execution_inputs.rds,2534660,7738afaf7656e6c01b136d5f44b19ffccf4e688054ed712e6622dd998b62cc85,actual_execution_inputs,/Users/lzhs/Documents/cnm/tasks/01_R_analysis/CMAverse_恢复工程_20260927/next_phase/PLAN13_全稿实证复核与修订_20260929/exploratory_specification_search_20261005_v1/limited_followup_20261006_v1/numerical_closeout_20261006_v1/search_audit/INDEX_AUDIT.csv,eacb3cb891caeecf241f11753e807b806e4a153321208a3acd1ce41455057664,True,"fresh file hash binding; existing R index/seed audit reused, not rerun",/Users/lzhs/Documents/cnm/tasks/01_R_analysis/CMAverse_恢复工程_20260927/next_phase/PLAN13_全稿实证复核与修订_20260929/exploratory_specification_search_20261005_v1/relative_continuousM_B200_batch02/FEAS_047/METRICS.rds,ade63269d2a99de919d3d6270bc6eec726ade9353d89fd0db20618c2c76d26b5,3348
FEAS_048,/Users/lzhs/Documents/cnm/tasks/01_R_analysis/CMAverse_恢复工程_20260927/next_phase/PLAN13_全稿实证复核与修订_20260929/exploratory_specification_search_20261005_v1/relative_continuousM_B200_batch02/FEAS_048/FEAS_048/execution_inputs.rds,2886863,aaf93a89a863a6de291b791a47473124208b8dc0db29c6d9a73529b971d0f2d5,actual_execution_inputs,/Users/lzhs/Documents/cnm/tasks/01_R_analysis/CMAverse_恢复工程_20260927/next_phase/PLAN13_全稿实证复核与修订_20260929/exploratory_specification_search_20261005_v1/limited_followup_20261006_v1/numerical_closeout_20261006_v1/search_audit/INDEX_AUDIT.csv,eacb3cb891caeecf241f11753e807b806e4a153321208a3acd1ce41455057664,True,"fresh file hash binding; existing R index/seed audit reused, not rerun",/Users/lzhs/Documents/cnm/tasks/01_R_analysis/CMAverse_恢复工程_20260927/next_phase/PLAN13_全稿实证复核与修订_20260929/exploratory_specification_search_20261005_v1/relative_continuousM_B200_batch02/FEAS_048/METRICS.rds,095b6e45f7c1dd60972680eb09856e0755f13aeae05ab259e53afca4f9c4a61d,3366
FEAS_049,/Users/lzhs/Documents/cnm/tasks/01_R_analysis/CMAverse_恢复工程_20260927/next_phase/PLAN13_全稿实证复核与修订_20260929/exploratory_specification_search_20261005_v1/relative_continuousM_B200_batch03/FEAS_049/FEAS_049/execution_inputs.rds,2321854,11db6c4ea2b54eab363db3ef7fb321917160441981856d30b79405090e92def2,actual_execution_inputs,/Users/lzhs/Documents/cnm/tasks/01_R_analysis/CMAverse_恢复工程_20260927/next_phase/PLAN13_全稿实证复核与修订_20260929/exploratory_specification_search_20261005_v1/limited_followup_20261006_v1/numerical_closeout_20261006_v1/search_audit/INDEX_AUDIT.csv,eacb3cb891caeecf241f11753e807b806e4a153321208a3acd1ce41455057664,True,"fresh file hash binding; existing R index/seed audit reused, not rerun",/Users/lzhs/Documents/cnm/tasks/01_R_analysis/CMAverse_恢复工程_20260927/next_phase/PLAN13_全稿实证复核与修订_20260929/exploratory_specification_search_20261005_v1/relative_continuousM_B200_batch03/FEAS_049/METRICS.rds,18fa2b7a1402b366fb61e1efc755f41bf4c817180caab5c5bea14cc63604f919,3378
FEAS_050,/Users/lzhs/Documents/cnm/tasks/01_R_analysis/CMAverse_恢复工程_20260927/next_phase/PLAN13_全稿实证复核与修订_20260929/exploratory_specification_search_20261005_v1/relative_continuousM_B200_batch03/FEAS_050/FEAS_050/execution_inputs.rds,2560317,4d3d81b4334fce1e7ecaa70b4d025996370cb5cf229fa36a2bb311de87bf0f27,actual_execution_inputs,/Users/lzhs/Documents/cnm/tasks/01_R_analysis/CMAverse_恢复工程_20260927/next_phase/PLAN13_全稿实证复核与修订_20260929/exploratory_specification_search_20261005_v1/limited_followup_20261006_v1/numerical_closeout_20261006_v1/search_audit/INDEX_AUDIT.csv,eacb3cb891caeecf241f11753e807b806e4a153321208a3acd1ce41455057664,True,"fresh file hash binding; existing R index/seed audit reused, not rerun",/Users/lzhs/Documents/cnm/tasks/01_R_analysis/CMAverse_恢复工程_20260927/next_phase/PLAN13_全稿实证复核与修订_20260929/exploratory_specification_search_20261005_v1/relative_continuousM_B200_batch03/FEAS_050/METRICS.rds,1f37893e4dad2ad59606d768699965d62d18830fa45964d34a7a811dbf79b751,3370
FEAS_051,/Users/lzhs/Documents/cnm/tasks/01_R_analysis/CMAverse_恢复工程_20260927/next_phase/PLAN13_全稿实证复核与修订_20260929/exploratory_specification_search_20261005_v1/binary_remaining_B200_v1/FEAS_051/FEAS_051/execution_inputs.rds,1049592,03eb4f91020a3eab931765336b80fe2763215d840926b358082ac5c90e8bd41b,actual_execution_inputs,/Users/lzhs/Documents/cnm/tasks/01_R_analysis/CMAverse_恢复工程_20260927/next_phase/PLAN13_全稿实证复核与修订_20260929/exploratory_specification_search_20261005_v1/limited_followup_20261006_v1/numerical_closeout_20261006_v1/search_audit/INDEX_AUDIT.csv,eacb3cb891caeecf241f11753e807b806e4a153321208a3acd1ce41455057664,True,"fresh file hash binding; existing R index/seed audit reused, not rerun",/Users/lzhs/Documents/cnm/tasks/01_R_analysis/CMAverse_恢复工程_20260927/next_phase/PLAN13_全稿实证复核与修订_20260929/exploratory_specification_search_20261005_v1/binary_remaining_B200_v1/FEAS_051/METRICS.rds,1d410832f7588f4f2ebb4ed1ddee7f8a120c9cba63bef64fe195d4ea3a1687c4,3341
FEAS_052,/Users/lzhs/Documents/cnm/tasks/01_R_analysis/CMAverse_恢复工程_20260927/next_phase/PLAN13_全稿实证复核与修订_20260929/exploratory_specification_search_20261005_v1/absolute_continuousX_binaryM_B200_batch03/FEAS_052/FEAS_052/execution_inputs.rds,670457,f1628904cd8d1de3cd452e3257a1f2326ef519f9409eaebe1ea9976493143cd7,actual_execution_inputs,/Users/lzhs/Documents/cnm/tasks/01_R_analysis/CMAverse_恢复工程_20260927/next_phase/PLAN13_全稿实证复核与修订_20260929/exploratory_specification_search_20261005_v1/limited_followup_20261006_v1/numerical_closeout_20261006_v1/search_audit/INDEX_AUDIT.csv,eacb3cb891caeecf241f11753e807b806e4a153321208a3acd1ce41455057664,True,"fresh file hash binding; existing R index/seed audit reused, not rerun",/Users/lzhs/Documents/cnm/tasks/01_R_analysis/CMAverse_恢复工程_20260927/next_phase/PLAN13_全稿实证复核与修订_20260929/exploratory_specification_search_20261005_v1/absolute_continuousX_binaryM_B200_batch03/FEAS_052/METRICS.rds,ccad38a7879afbe6c0b0627c58cdfc1a9c0a9ce3627af28932fd7447099d2a41,3364
FEAS_053,/Users/lzhs/Documents/cnm/tasks/01_R_analysis/CMAverse_恢复工程_20260927/next_phase/PLAN13_全稿实证复核与修订_20260929/exploratory_specification_search_20261005_v1/absolute_continuousX_binaryM_B200_batch03/FEAS_053/FEAS_053/execution_inputs.rds,740475,a27b2cbd63b438e4a9af0f71743471a3695c48c8a4e53ce2a6d226c6e13d3efe,actual_execution_inputs,/Users/lzhs/Documents/cnm/tasks/01_R_analysis/CMAverse_恢复工程_20260927/next_phase/PLAN13_全稿实证复核与修订_20260929/exploratory_specification_search_20261005_v1/limited_followup_20261006_v1/numerical_closeout_20261006_v1/search_audit/INDEX_AUDIT.csv,eacb3cb891caeecf241f11753e807b806e4a153321208a3acd1ce41455057664,True,"fresh file hash binding; existing R index/seed audit reused, not rerun",/Users/lzhs/Documents/cnm/tasks/01_R_analysis/CMAverse_恢复工程_20260927/next_phase/PLAN13_全稿实证复核与修订_20260929/exploratory_specification_search_20261005_v1/absolute_continuousX_binaryM_B200_batch03/FEAS_053/METRICS.rds,26bf637aeb352cac88dce74d07a6c4593674e919fc2375a9dbce54ff51365cfc,3346
FEAS_054,/Users/lzhs/Documents/cnm/tasks/01_R_analysis/CMAverse_恢复工程_20260927/next_phase/PLAN13_全稿实证复核与修订_20260929/exploratory_specification_search_20261005_v1/relativeX_binaryM_B200_batch04/FEAS_054/FEAS_054/execution_inputs.rds,686431,e955e0cf3ac771ce21ad5fa4a8bdc4dea11d865dd40f5eb85e64ec2f06a9de1b,actual_execution_inputs,/Users/lzhs/Documents/cnm/tasks/01_R_analysis/CMAverse_恢复工程_20260927/next_phase/PLAN13_全稿实证复核与修订_20260929/exploratory_specification_search_20261005_v1/limited_followup_20261006_v1/numerical_closeout_20261006_v1/search_audit/INDEX_AUDIT.csv,eacb3cb891caeecf241f11753e807b806e4a153321208a3acd1ce41455057664,True,"fresh file hash binding; existing R index/seed audit reused, not rerun",/Users/lzhs/Documents/cnm/tasks/01_R_analysis/CMAverse_恢复工程_20260927/next_phase/PLAN13_全稿实证复核与修订_20260929/exploratory_specification_search_20261005_v1/relativeX_binaryM_B200_batch04/FEAS_054/METRICS.rds,58f99a74569b4485a70e8116c329a85b695a469886e1b36f1ae4f1c307c0a7e9,3352
FEAS_055,/Users/lzhs/Documents/cnm/tasks/01_R_analysis/CMAverse_恢复工程_20260927/next_phase/PLAN13_全稿实证复核与修订_20260929/exploratory_specification_search_20261005_v1/relativeX_binaryM_B200_batch04/FEAS_055/FEAS_055/execution_inputs.rds,670031,d97045971482a98d52d5ec9f527d0ba8bcca3f475413431c1ba37619d1c70389,actual_execution_inputs,/Users/lzhs/Documents/cnm/tasks/01_R_analysis/CMAverse_恢复工程_20260927/next_phase/PLAN13_全稿实证复核与修订_20260929/exploratory_specification_search_20261005_v1/limited_followup_20261006_v1/numerical_closeout_20261006_v1/search_audit/INDEX_AUDIT.csv,eacb3cb891caeecf241f11753e807b806e4a153321208a3acd1ce41455057664,True,"fresh file hash binding; existing R index/seed audit reused, not rerun",/Users/lzhs/Documents/cnm/tasks/01_R_analysis/CMAverse_恢复工程_20260927/next_phase/PLAN13_全稿实证复核与修订_20260929/exploratory_specification_search_20261005_v1/relativeX_binaryM_B200_batch04/FEAS_055/METRICS.rds,be1a87787d19df65ce1788bb6a467221f6cf1df080709e13f8a77992b62fe84c,3330
FEAS_056,/Users/lzhs/Documents/cnm/tasks/01_R_analysis/CMAverse_恢复工程_20260927/next_phase/PLAN13_全稿实证复核与修订_20260929/exploratory_specification_search_20261005_v1/binary_remaining_B200_v1/FEAS_056/FEAS_056/execution_inputs.rds,1015224,02024923927415aee49aeb3e47ab883032fad76143b7dec3a8ced036ae7cb0b8,actual_execution_inputs,/Users/lzhs/Documents/cnm/tasks/01_R_analysis/CMAverse_恢复工程_20260927/next_phase/PLAN13_全稿实证复核与修订_20260929/exploratory_specification_search_20261005_v1/limited_followup_20261006_v1/numerical_closeout_20261006_v1/search_audit/INDEX_AUDIT.csv,eacb3cb891caeecf241f11753e807b806e4a153321208a3acd1ce41455057664,True,"fresh file hash binding; existing R index/seed audit reused, not rerun",/Users/lzhs/Documents/cnm/tasks/01_R_analysis/CMAverse_恢复工程_20260927/next_phase/PLAN13_全稿实证复核与修订_20260929/exploratory_specification_search_20261005_v1/binary_remaining_B200_v1/FEAS_056/METRICS.rds,37f0036a3d46da683fe334bef51914f0761eac564024db0afd7c9c6540b4b8b4,3346
FEAS_057,/Users/lzhs/Documents/cnm/tasks/01_R_analysis/CMAverse_恢复工程_20260927/next_phase/PLAN13_全稿实证复核与修订_20260929/exploratory_specification_search_20261005_v1/absolute_continuousX_binaryM_B200_batch03/FEAS_057/FEAS_057/execution_inputs.rds,704113,fed8436225ca6a733b901f74a0b5a0d91526677f73e3186b8ea394a8a665da34,actual_execution_inputs,/Users/lzhs/Documents/cnm/tasks/01_R_analysis/CMAverse_恢复工程_20260927/next_phase/PLAN13_全稿实证复核与修订_20260929/exploratory_specification_search_20261005_v1/limited_followup_20261006_v1/numerical_closeout_20261006_v1/search_audit/INDEX_AUDIT.csv,eacb3cb891caeecf241f11753e807b806e4a153321208a3acd1ce41455057664,True,"fresh file hash binding; existing R index/seed audit reused, not rerun",/Users/lzhs/Documents/cnm/tasks/01_R_analysis/CMAverse_恢复工程_20260927/next_phase/PLAN13_全稿实证复核与修订_20260929/exploratory_specification_search_20261005_v1/absolute_continuousX_binaryM_B200_batch03/FEAS_057/METRICS.rds,06575cfb964087e3f08b93f0c94cb69a9c9ae622ff379bc005f4477faaa8b2b7,3361
FEAS_058,/Users/lzhs/Documents/cnm/tasks/01_R_analysis/CMAverse_恢复工程_20260927/next_phase/PLAN13_全稿实证复核与修订_20260929/exploratory_specification_search_20261005_v1/absolute_continuousX_binaryM_B200_batch03/FEAS_058/FEAS_058/execution_inputs.rds,768998,3cecd9ec4ccbce9251da3b48565ab0d22fa2c8eb14a06ef0f330f0311e447f05,actual_execution_inputs,/Users/lzhs/Documents/cnm/tasks/01_R_analysis/CMAverse_恢复工程_20260927/next_phase/PLAN13_全稿实证复核与修订_20260929/exploratory_specification_search_20261005_v1/limited_followup_20261006_v1/numerical_closeout_20261006_v1/search_audit/INDEX_AUDIT.csv,eacb3cb891caeecf241f11753e807b806e4a153321208a3acd1ce41455057664,True,"fresh file hash binding; existing R index/seed audit reused, not rerun",/Users/lzhs/Documents/cnm/tasks/01_R_analysis/CMAverse_恢复工程_20260927/next_phase/PLAN13_全稿实证复核与修订_20260929/exploratory_specification_search_20261005_v1/absolute_continuousX_binaryM_B200_batch03/FEAS_058/METRICS.rds,2b205b1b384cf3185f6b84bbfb7c16162df62847107d068101d97e0133d478c3,3361
FEAS_059,/Users/lzhs/Documents/cnm/tasks/01_R_analysis/CMAverse_恢复工程_20260927/next_phase/PLAN13_全稿实证复核与修订_20260929/exploratory_specification_search_20261005_v1/relativeX_binaryM_B200_batch04/FEAS_059/FEAS_059/execution_inputs.rds,548313,3e1a0a5fd2ef9185441aedbc5671e64a89bd7a4d64becc208bcf48e7ee3951ac,actual_execution_inputs,/Users/lzhs/Documents/cnm/tasks/01_R_analysis/CMAverse_恢复工程_20260927/next_phase/PLAN13_全稿实证复核与修订_20260929/exploratory_specification_search_20261005_v1/limited_followup_20261006_v1/numerical_closeout_20261006_v1/search_audit/INDEX_AUDIT.csv,eacb3cb891caeecf241f11753e807b806e4a153321208a3acd1ce41455057664,True,"fresh file hash binding; existing R index/seed audit reused, not rerun",/Users/lzhs/Documents/cnm/tasks/01_R_analysis/CMAverse_恢复工程_20260927/next_phase/PLAN13_全稿实证复核与修订_20260929/exploratory_specification_search_20261005_v1/relativeX_binaryM_B200_batch04/FEAS_059/METRICS.rds,4d2673832f41e006c6eb8ea3b317cba3b191443552a0cffd87b3d7a72834255e,3364
FEAS_060,/Users/lzhs/Documents/cnm/tasks/01_R_analysis/CMAverse_恢复工程_20260927/next_phase/PLAN13_全稿实证复核与修订_20260929/exploratory_specification_search_20261005_v1/relativeX_binaryM_B200_batch04/FEAS_060/FEAS_060/execution_inputs.rds,655318,2412fbf40c4fee3bfdc6b34464794704923a3b40393249fcfe32239cc51f727d,actual_execution_inputs,/Users/lzhs/Documents/cnm/tasks/01_R_analysis/CMAverse_恢复工程_20260927/next_phase/PLAN13_全稿实证复核与修订_20260929/exploratory_specification_search_20261005_v1/limited_followup_20261006_v1/numerical_closeout_20261006_v1/search_audit/INDEX_AUDIT.csv,eacb3cb891caeecf241f11753e807b806e4a153321208a3acd1ce41455057664,True,"fresh file hash binding; existing R index/seed audit reused, not rerun",/Users/lzhs/Documents/cnm/tasks/01_R_analysis/CMAverse_恢复工程_20260927/next_phase/PLAN13_全稿实证复核与修订_20260929/exploratory_specification_search_20261005_v1/relativeX_binaryM_B200_batch04/FEAS_060/METRICS.rds,cccf52479cf678e4df0964b8845b5a055dae22034bfa1cb18b539a85154c7c76,3359
FEAS_061,/Users/lzhs/Documents/cnm/tasks/01_R_analysis/CMAverse_恢复工程_20260927/next_phase/PLAN13_全稿实证复核与修订_20260929/exploratory_specification_search_20261005_v1/binary_expanded_B200_batch02/FEAS_061/FEAS_061/execution_inputs.rds,1070280,97daf7c842b52cd9bbe509796b08d1f8e0ac672abb45f22cc3bb64ef85aa799c,actual_execution_inputs,/Users/lzhs/Documents/cnm/tasks/01_R_analysis/CMAverse_恢复工程_20260927/next_phase/PLAN13_全稿实证复核与修订_20260929/exploratory_specification_search_20261005_v1/limited_followup_20261006_v1/numerical_closeout_20261006_v1/search_audit/INDEX_AUDIT.csv,eacb3cb891caeecf241f11753e807b806e4a153321208a3acd1ce41455057664,True,"fresh file hash binding; existing R index/seed audit reused, not rerun",/Users/lzhs/Documents/cnm/tasks/01_R_analysis/CMAverse_恢复工程_20260927/next_phase/PLAN13_全稿实证复核与修订_20260929/exploratory_specification_search_20261005_v1/binary_expanded_B200_batch02/FEAS_061/METRICS.rds,1d410832f7588f4f2ebb4ed1ddee7f8a120c9cba63bef64fe195d4ea3a1687c4,3341
FEAS_062,/Users/lzhs/Documents/cnm/tasks/01_R_analysis/CMAverse_恢复工程_20260927/next_phase/PLAN13_全稿实证复核与修订_20260929/exploratory_specification_search_20261005_v1/absolute_continuousX_binaryM_B200_batch03/FEAS_062/FEAS_062/execution_inputs.rds,691702,d19ee715d49abb445da3d070ec74a98ee7d2ef55a3ca110cf27c92d90b1ad740,actual_execution_inputs,/Users/lzhs/Documents/cnm/tasks/01_R_analysis/CMAverse_恢复工程_20260927/next_phase/PLAN13_全稿实证复核与修订_20260929/exploratory_specification_search_20261005_v1/limited_followup_20261006_v1/numerical_closeout_20261006_v1/search_audit/INDEX_AUDIT.csv,eacb3cb891caeecf241f11753e807b806e4a153321208a3acd1ce41455057664,True,"fresh file hash binding; existing R index/seed audit reused, not rerun",/Users/lzhs/Documents/cnm/tasks/01_R_analysis/CMAverse_恢复工程_20260927/next_phase/PLAN13_全稿实证复核与修订_20260929/exploratory_specification_search_20261005_v1/absolute_continuousX_binaryM_B200_batch03/FEAS_062/METRICS.rds,ccad38a7879afbe6c0b0627c58cdfc1a9c0a9ce3627af28932fd7447099d2a41,3364
FEAS_063,/Users/lzhs/Documents/cnm/tasks/01_R_analysis/CMAverse_恢复工程_20260927/next_phase/PLAN13_全稿实证复核与修订_20260929/exploratory_specification_search_20261005_v1/absolute_continuousX_binaryM_B200_batch03/FEAS_063/FEAS_063/execution_inputs.rds,761632,456d5c78b54776df4ab12decf54a54e30f2561693071a418163f1a71d20057be,actual_execution_inputs,/Users/lzhs/Documents/cnm/tasks/01_R_analysis/CMAverse_恢复工程_20260927/next_phase/PLAN13_全稿实证复核与修订_20260929/exploratory_specification_search_20261005_v1/limited_followup_20261006_v1/numerical_closeout_20261006_v1/search_audit/INDEX_AUDIT.csv,eacb3cb891caeecf241f11753e807b806e4a153321208a3acd1ce41455057664,True,"fresh file hash binding; existing R index/seed audit reused, not rerun",/Users/lzhs/Documents/cnm/tasks/01_R_analysis/CMAverse_恢复工程_20260927/next_phase/PLAN13_全稿实证复核与修订_20260929/exploratory_specification_search_20261005_v1/absolute_continuousX_binaryM_B200_batch03/FEAS_063/METRICS.rds,26bf637aeb352cac88dce74d07a6c4593674e919fc2375a9dbce54ff51365cfc,3346
FEAS_064,/Users/lzhs/Documents/cnm/tasks/01_R_analysis/CMAverse_恢复工程_20260927/next_phase/PLAN13_全稿实证复核与修订_20260929/exploratory_specification_search_20261005_v1/relativeX_binaryM_B200_batch05/FEAS_064/FEAS_064/execution_inputs.rds,699708,9e787daf9e10de8c280701baff7798ba325aee6b310191d17c0803bfe3aebbe7,actual_execution_inputs,/Users/lzhs/Documents/cnm/tasks/01_R_analysis/CMAverse_恢复工程_20260927/next_phase/PLAN13_全稿实证复核与修订_20260929/exploratory_specification_search_20261005_v1/limited_followup_20261006_v1/numerical_closeout_20261006_v1/search_audit/INDEX_AUDIT.csv,eacb3cb891caeecf241f11753e807b806e4a153321208a3acd1ce41455057664,True,"fresh file hash binding; existing R index/seed audit reused, not rerun",/Users/lzhs/Documents/cnm/tasks/01_R_analysis/CMAverse_恢复工程_20260927/next_phase/PLAN13_全稿实证复核与修订_20260929/exploratory_specification_search_20261005_v1/relativeX_binaryM_B200_batch05/FEAS_064/METRICS.rds,58f99a74569b4485a70e8116c329a85b695a469886e1b36f1ae4f1c307c0a7e9,3352
FEAS_065,/Users/lzhs/Documents/cnm/tasks/01_R_analysis/CMAverse_恢复工程_20260927/next_phase/PLAN13_全稿实证复核与修订_20260929/exploratory_specification_search_20261005_v1/relativeX_binaryM_B200_batch05/FEAS_065/FEAS_065/execution_inputs.rds,691397,3e12803ab1ef34872abf6f839597a22115d9aa7916c38442054fc4e49abd62ff,actual_execution_inputs,/Users/lzhs/Documents/cnm/tasks/01_R_analysis/CMAverse_恢复工程_20260927/next_phase/PLAN13_全稿实证复核与修订_20260929/exploratory_specification_search_20261005_v1/limited_followup_20261006_v1/numerical_closeout_20261006_v1/search_audit/INDEX_AUDIT.csv,eacb3cb891caeecf241f11753e807b806e4a153321208a3acd1ce41455057664,True,"fresh file hash binding; existing R index/seed audit reused, not rerun",/Users/lzhs/Documents/cnm/tasks/01_R_analysis/CMAverse_恢复工程_20260927/next_phase/PLAN13_全稿实证复核与修订_20260929/exploratory_specification_search_20261005_v1/relativeX_binaryM_B200_batch05/FEAS_065/METRICS.rds,be1a87787d19df65ce1788bb6a467221f6cf1df080709e13f8a77992b62fe84c,3330
FEAS_066,/Users/lzhs/Documents/cnm/tasks/01_R_analysis/CMAverse_恢复工程_20260927/next_phase/PLAN13_全稿实证复核与修订_20260929/exploratory_specification_search_20261005_v1/binary_expanded_B200_batch02/FEAS_066/FEAS_066/execution_inputs.rds,1036675,6f055dd8005a53f4d650d1affc74dc6c97fd5812aab2d51e9dfa1712068d3d8f,actual_execution_inputs,/Users/lzhs/Documents/cnm/tasks/01_R_analysis/CMAverse_恢复工程_20260927/next_phase/PLAN13_全稿实证复核与修订_20260929/exploratory_specification_search_20261005_v1/limited_followup_20261006_v1/numerical_closeout_20261006_v1/search_audit/INDEX_AUDIT.csv,eacb3cb891caeecf241f11753e807b806e4a153321208a3acd1ce41455057664,True,"fresh file hash binding; existing R index/seed audit reused, not rerun",/Users/lzhs/Documents/cnm/tasks/01_R_analysis/CMAverse_恢复工程_20260927/next_phase/PLAN13_全稿实证复核与修订_20260929/exploratory_specification_search_20261005_v1/binary_expanded_B200_batch02/FEAS_066/METRICS.rds,37f0036a3d46da683fe334bef51914f0761eac564024db0afd7c9c6540b4b8b4,3346
FEAS_067,/Users/lzhs/Documents/cnm/tasks/01_R_analysis/CMAverse_恢复工程_20260927/next_phase/PLAN13_全稿实证复核与修订_20260929/exploratory_specification_search_20261005_v1/absolute_continuousX_binaryM_B200_batch03/FEAS_067/FEAS_067/execution_inputs.rds,724893,a42aa3afc817f78de80f4707e86a1824ac067cc86b7c1f5281912be46806afa2,actual_execution_inputs,/Users/lzhs/Documents/cnm/tasks/01_R_analysis/CMAverse_恢复工程_20260927/next_phase/PLAN13_全稿实证复核与修订_20260929/exploratory_specification_search_20261005_v1/limited_followup_20261006_v1/numerical_closeout_20261006_v1/search_audit/INDEX_AUDIT.csv,eacb3cb891caeecf241f11753e807b806e4a153321208a3acd1ce41455057664,True,"fresh file hash binding; existing R index/seed audit reused, not rerun",/Users/lzhs/Documents/cnm/tasks/01_R_analysis/CMAverse_恢复工程_20260927/next_phase/PLAN13_全稿实证复核与修订_20260929/exploratory_specification_search_20261005_v1/absolute_continuousX_binaryM_B200_batch03/FEAS_067/METRICS.rds,06575cfb964087e3f08b93f0c94cb69a9c9ae622ff379bc005f4477faaa8b2b7,3361
FEAS_068,/Users/lzhs/Documents/cnm/tasks/01_R_analysis/CMAverse_恢复工程_20260927/next_phase/PLAN13_全稿实证复核与修订_20260929/exploratory_specification_search_20261005_v1/absolute_continuousX_binaryM_B200_batch03/FEAS_068/FEAS_068/execution_inputs.rds,789744,3e2acfe16e2c7ac8ee7a3c837055c9d1169a64cd0ea0b976204564122cc599b2,actual_execution_inputs,/Users/lzhs/Documents/cnm/tasks/01_R_analysis/CMAverse_恢复工程_20260927/next_phase/PLAN13_全稿实证复核与修订_20260929/exploratory_specification_search_20261005_v1/limited_followup_20261006_v1/numerical_closeout_20261006_v1/search_audit/INDEX_AUDIT.csv,eacb3cb891caeecf241f11753e807b806e4a153321208a3acd1ce41455057664,True,"fresh file hash binding; existing R index/seed audit reused, not rerun",/Users/lzhs/Documents/cnm/tasks/01_R_analysis/CMAverse_恢复工程_20260927/next_phase/PLAN13_全稿实证复核与修订_20260929/exploratory_specification_search_20261005_v1/absolute_continuousX_binaryM_B200_batch03/FEAS_068/METRICS.rds,2b205b1b384cf3185f6b84bbfb7c16162df62847107d068101d97e0133d478c3,3361
FEAS_069,/Users/lzhs/Documents/cnm/tasks/01_R_analysis/CMAverse_恢复工程_20260927/next_phase/PLAN13_全稿实证复核与修订_20260929/exploratory_specification_search_20261005_v1/relativeX_binaryM_B200_batch05/FEAS_069/FEAS_069/execution_inputs.rds,563273,e18c7a14734c32abd63578f6e0cc085185a02c4256994c6245f98a39bc5a5983,actual_execution_inputs,/Users/lzhs/Documents/cnm/tasks/01_R_analysis/CMAverse_恢复工程_20260927/next_phase/PLAN13_全稿实证复核与修订_20260929/exploratory_specification_search_20261005_v1/limited_followup_20261006_v1/numerical_closeout_20261006_v1/search_audit/INDEX_AUDIT.csv,eacb3cb891caeecf241f11753e807b806e4a153321208a3acd1ce41455057664,True,"fresh file hash binding; existing R index/seed audit reused, not rerun",/Users/lzhs/Documents/cnm/tasks/01_R_analysis/CMAverse_恢复工程_20260927/next_phase/PLAN13_全稿实证复核与修订_20260929/exploratory_specification_search_20261005_v1/relativeX_binaryM_B200_batch05/FEAS_069/METRICS.rds,4d2673832f41e006c6eb8ea3b317cba3b191443552a0cffd87b3d7a72834255e,3364
FEAS_070,/Users/lzhs/Documents/cnm/tasks/01_R_analysis/CMAverse_恢复工程_20260927/next_phase/PLAN13_全稿实证复核与修订_20260929/exploratory_specification_search_20261005_v1/relativeX_binaryM_B200_batch05/FEAS_070/FEAS_070/execution_inputs.rds,676483,315b97ad05b2dc8cb1c7c2e4183c9ce4a28adae9d7eedf3bafc079ace68e0c31,actual_execution_inputs,/Users/lzhs/Documents/cnm/tasks/01_R_analysis/CMAverse_恢复工程_20260927/next_phase/PLAN13_全稿实证复核与修订_20260929/exploratory_specification_search_20261005_v1/limited_followup_20261006_v1/numerical_closeout_20261006_v1/search_audit/INDEX_AUDIT.csv,eacb3cb891caeecf241f11753e807b806e4a153321208a3acd1ce41455057664,True,"fresh file hash binding; existing R index/seed audit reused, not rerun",/Users/lzhs/Documents/cnm/tasks/01_R_analysis/CMAverse_恢复工程_20260927/next_phase/PLAN13_全稿实证复核与修订_20260929/exploratory_specification_search_20261005_v1/relativeX_binaryM_B200_batch05/FEAS_070/METRICS.rds,cccf52479cf678e4df0964b8845b5a055dae22034bfa1cb18b539a85154c7c76,3359
FEAS_081,/Users/lzhs/Documents/cnm/tasks/01_R_analysis/CMAverse_恢复工程_20260927/next_phase/PLAN13_全稿实证复核与修订_20260929/exploratory_specification_search_20261005_v1/binary_expanded_B200_batch02/FEAS_081/FEAS_081/execution_inputs.rds,3163364,ef2623c19b5b55555cd3d44a76a0d524bc7f1da904263a00043914a527417b14,actual_execution_inputs,/Users/lzhs/Documents/cnm/tasks/01_R_analysis/CMAverse_恢复工程_20260927/next_phase/PLAN13_全稿实证复核与修订_20260929/exploratory_specification_search_20261005_v1/limited_followup_20261006_v1/numerical_closeout_20261006_v1/search_audit/INDEX_AUDIT.csv,eacb3cb891caeecf241f11753e807b806e4a153321208a3acd1ce41455057664,True,"fresh file hash binding; existing R index/seed audit reused, not rerun",/Users/lzhs/Documents/cnm/tasks/01_R_analysis/CMAverse_恢复工程_20260927/next_phase/PLAN13_全稿实证复核与修订_20260929/exploratory_specification_search_20261005_v1/binary_expanded_B200_batch02/FEAS_081/METRICS.rds,8baf2e45aa7fb9ac7e0be3da4a10283a4be19ffdf7b77dcd225a790a2c2af197,3346
FEAS_082,/Users/lzhs/Documents/cnm/tasks/01_R_analysis/CMAverse_恢复工程_20260927/next_phase/PLAN13_全稿实证复核与修订_20260929/exploratory_specification_search_20261005_v1/absolute_continuousX_binaryM_B200_batch04/FEAS_082/FEAS_082/execution_inputs.rds,1835412,86703719c10b9411b47436ab7b84163095d41e555d1d85cdf659784fe2e30f4c,actual_execution_inputs,/Users/lzhs/Documents/cnm/tasks/01_R_analysis/CMAverse_恢复工程_20260927/next_phase/PLAN13_全稿实证复核与修订_20260929/exploratory_specification_search_20261005_v1/limited_followup_20261006_v1/numerical_closeout_20261006_v1/search_audit/INDEX_AUDIT.csv,eacb3cb891caeecf241f11753e807b806e4a153321208a3acd1ce41455057664,True,"fresh file hash binding; existing R index/seed audit reused, not rerun",/Users/lzhs/Documents/cnm/tasks/01_R_analysis/CMAverse_恢复工程_20260927/next_phase/PLAN13_全稿实证复核与修订_20260929/exploratory_specification_search_20261005_v1/absolute_continuousX_binaryM_B200_batch04/FEAS_082/METRICS.rds,2c4c343e79a87d2b8cc73ff547b051d97d4c2ce63195e34c7d70edbe9420252e,3356
FEAS_083,/Users/lzhs/Documents/cnm/tasks/01_R_analysis/CMAverse_恢复工程_20260927/next_phase/PLAN13_全稿实证复核与修订_20260929/exploratory_specification_search_20261005_v1/absolute_continuousX_binaryM_B200_batch04/FEAS_083/FEAS_083/execution_inputs.rds,2106034,6e39a504fd29d0a7cc492bc916837ac28422d5a610d783ee2847f576721ae88f,actual_execution_inputs,/Users/lzhs/Documents/cnm/tasks/01_R_analysis/CMAverse_恢复工程_20260927/next_phase/PLAN13_全稿实证复核与修订_20260929/exploratory_specification_search_20261005_v1/limited_followup_20261006_v1/numerical_closeout_20261006_v1/search_audit/INDEX_AUDIT.csv,eacb3cb891caeecf241f11753e807b806e4a153321208a3acd1ce41455057664,True,"fresh file hash binding; existing R index/seed audit reused, not rerun",/Users/lzhs/Documents/cnm/tasks/01_R_analysis/CMAverse_恢复工程_20260927/next_phase/PLAN13_全稿实证复核与修订_20260929/exploratory_specification_search_20261005_v1/absolute_continuousX_binaryM_B200_batch04/FEAS_083/METRICS.rds,15e5e36a47ecb407ad109303da05d93901d976efe9b5846d1931df98d4fb57a1,3366
FEAS_084,/Users/lzhs/Documents/cnm/tasks/01_R_analysis/CMAverse_恢复工程_20260927/next_phase/PLAN13_全稿实证复核与修订_20260929/exploratory_specification_search_20261005_v1/relativeX_binaryM_B200_batch06/FEAS_084/FEAS_084/execution_inputs.rds,1839862,e7f46215870974206e3dfee1c087ec40ca003a32aeab8ea7f9e7e80e7b7fe183,actual_execution_inputs,/Users/lzhs/Documents/cnm/tasks/01_R_analysis/CMAverse_恢复工程_20260927/next_phase/PLAN13_全稿实证复核与修订_20260929/exploratory_specification_search_20261005_v1/limited_followup_20261006_v1/numerical_closeout_20261006_v1/search_audit/INDEX_AUDIT.csv,eacb3cb891caeecf241f11753e807b806e4a153321208a3acd1ce41455057664,True,"fresh file hash binding; existing R index/seed audit reused, not rerun",/Users/lzhs/Documents/cnm/tasks/01_R_analysis/CMAverse_恢复工程_20260927/next_phase/PLAN13_全稿实证复核与修订_20260929/exploratory_specification_search_20261005_v1/relativeX_binaryM_B200_batch06/FEAS_084/METRICS.rds,2fd4aa5a861f9043ec9d81e8bf29ba464bec307865b248e885c614e7af3f4aba,3348
FEAS_085,/Users/lzhs/Documents/cnm/tasks/01_R_analysis/CMAverse_恢复工程_20260927/next_phase/PLAN13_全稿实证复核与修订_20260929/exploratory_specification_search_20261005_v1/relativeX_binaryM_B200_batch06/FEAS_085/FEAS_085/execution_inputs.rds,1915000,d1cc1ced66d28e92a52a8b0660cd18eec24ec1a1f5598151fff80c1bf35c4f54,actual_execution_inputs,/Users/lzhs/Documents/cnm/tasks/01_R_analysis/CMAverse_恢复工程_20260927/next_phase/PLAN13_全稿实证复核与修订_20260929/exploratory_specification_search_20261005_v1/limited_followup_20261006_v1/numerical_closeout_20261006_v1/search_audit/INDEX_AUDIT.csv,eacb3cb891caeecf241f11753e807b806e4a153321208a3acd1ce41455057664,True,"fresh file hash binding; existing R index/seed audit reused, not rerun",/Users/lzhs/Documents/cnm/tasks/01_R_analysis/CMAverse_恢复工程_20260927/next_phase/PLAN13_全稿实证复核与修订_20260929/exploratory_specification_search_20261005_v1/relativeX_binaryM_B200_batch06/FEAS_085/METRICS.rds,b9dad7d8a5ee67cf37de42cc7b4bb7a064dd1160337ad55f104f3bb2b4d7f814,3348
FEAS_086,/Users/lzhs/Documents/cnm/tasks/01_R_analysis/CMAverse_恢复工程_20260927/next_phase/PLAN13_全稿实证复核与修订_20260929/exploratory_specification_search_20261005_v1/binary_expanded_B200_batch02/FEAS_086/FEAS_086/execution_inputs.rds,3125730,8c183b8997ffc5a4802676e4140d0b0238d5efc2281a49c75891532ad3d49270,actual_execution_inputs,/Users/lzhs/Documents/cnm/tasks/01_R_analysis/CMAverse_恢复工程_20260927/next_phase/PLAN13_全稿实证复核与修订_20260929/exploratory_specification_search_20261005_v1/limited_followup_20261006_v1/numerical_closeout_20261006_v1/search_audit/INDEX_AUDIT.csv,eacb3cb891caeecf241f11753e807b806e4a153321208a3acd1ce41455057664,True,"fresh file hash binding; existing R index/seed audit reused, not rerun",/Users/lzhs/Documents/cnm/tasks/01_R_analysis/CMAverse_恢复工程_20260927/next_phase/PLAN13_全稿实证复核与修订_20260929/exploratory_specification_search_20261005_v1/binary_expanded_B200_batch02/FEAS_086/METRICS.rds,6ca418187f1ffc20419f13fbed6ebc53d19fe8c16599c9f04ba8dfcc269a897f,3355
FEAS_087,/Users/lzhs/Documents/cnm/tasks/01_R_analysis/CMAverse_恢复工程_20260927/next_phase/PLAN13_全稿实证复核与修订_20260929/exploratory_specification_search_20261005_v1/absolute_continuousX_binaryM_B200_batch04/FEAS_087/FEAS_087/execution_inputs.rds,1896208,bd9c110e2eaf2aa7fae0b9ed72814a79ffbc78833bf1fef0a6b7b642e8952133,actual_execution_inputs,/Users/lzhs/Documents/cnm/tasks/01_R_analysis/CMAverse_恢复工程_20260927/next_phase/PLAN13_全稿实证复核与修订_20260929/exploratory_specification_search_20261005_v1/limited_followup_20261006_v1/numerical_closeout_20261006_v1/search_audit/INDEX_AUDIT.csv,eacb3cb891caeecf241f11753e807b806e4a153321208a3acd1ce41455057664,True,"fresh file hash binding; existing R index/seed audit reused, not rerun",/Users/lzhs/Documents/cnm/tasks/01_R_analysis/CMAverse_恢复工程_20260927/next_phase/PLAN13_全稿实证复核与修订_20260929/exploratory_specification_search_20261005_v1/absolute_continuousX_binaryM_B200_batch04/FEAS_087/METRICS.rds,aa4cb9c2bff84390190379332d31d88d97933ca7489fd6230c6de16d37b14b93,3355
FEAS_088,/Users/lzhs/Documents/cnm/tasks/01_R_analysis/CMAverse_恢复工程_20260927/next_phase/PLAN13_全稿实证复核与修订_20260929/exploratory_specification_search_20261005_v1/absolute_continuousX_binaryM_B200_batch04/FEAS_088/FEAS_088/execution_inputs.rds,2154398,f24133a79f8ae430be98e0aeefaf5fce0b6b87007615319d8eedd4e9bb0d6662,actual_execution_inputs,/Users/lzhs/Documents/cnm/tasks/01_R_analysis/CMAverse_恢复工程_20260927/next_phase/PLAN13_全稿实证复核与修订_20260929/exploratory_specification_search_20261005_v1/limited_followup_20261006_v1/numerical_closeout_20261006_v1/search_audit/INDEX_AUDIT.csv,eacb3cb891caeecf241f11753e807b806e4a153321208a3acd1ce41455057664,True,"fresh file hash binding; existing R index/seed audit reused, not rerun",/Users/lzhs/Documents/cnm/tasks/01_R_analysis/CMAverse_恢复工程_20260927/next_phase/PLAN13_全稿实证复核与修订_20260929/exploratory_specification_search_20261005_v1/absolute_continuousX_binaryM_B200_batch04/FEAS_088/METRICS.rds,783a090aad279bab114c920b6862c0fd4667f77b9001ca74fd7caf8bf5342f89,3334
FEAS_089,/Users/lzhs/Documents/cnm/tasks/01_R_analysis/CMAverse_恢复工程_20260927/next_phase/PLAN13_全稿实证复核与修订_20260929/exploratory_specification_search_20261005_v1/relativeX_binaryM_B200_batch06/FEAS_089/FEAS_089/execution_inputs.rds,1628505,0f014c7785cbb3f5b0ffd90fac776f6f9d81ece0b5e5822a94934db6056c1f96,actual_execution_inputs,/Users/lzhs/Documents/cnm/tasks/01_R_analysis/CMAverse_恢复工程_20260927/next_phase/PLAN13_全稿实证复核与修订_20260929/exploratory_specification_search_20261005_v1/limited_followup_20261006_v1/numerical_closeout_20261006_v1/search_audit/INDEX_AUDIT.csv,eacb3cb891caeecf241f11753e807b806e4a153321208a3acd1ce41455057664,True,"fresh file hash binding; existing R index/seed audit reused, not rerun",/Users/lzhs/Documents/cnm/tasks/01_R_analysis/CMAverse_恢复工程_20260927/next_phase/PLAN13_全稿实证复核与修订_20260929/exploratory_specification_search_20261005_v1/relativeX_binaryM_B200_batch06/FEAS_089/METRICS.rds,34db4e000a2aa6a8896d8b30f57ffb0cb0ecec26a6d7fdcc34ceb76e9ce3f7c1,3372
FEAS_090,/Users/lzhs/Documents/cnm/tasks/01_R_analysis/CMAverse_恢复工程_20260927/next_phase/PLAN13_全稿实证复核与修订_20260929/exploratory_specification_search_20261005_v1/relativeX_binaryM_B200_batch06/FEAS_090/FEAS_090/execution_inputs.rds,1901423,6d14063a90cbb878f0e35a80a154b41c060df381bc42b0bac9adc86d39a27ea1,actual_execution_inputs,/Users/lzhs/Documents/cnm/tasks/01_R_analysis/CMAverse_恢复工程_20260927/next_phase/PLAN13_全稿实证复核与修订_20260929/exploratory_specification_search_20261005_v1/limited_followup_20261006_v1/numerical_closeout_20261006_v1/search_audit/INDEX_AUDIT.csv,eacb3cb891caeecf241f11753e807b806e4a153321208a3acd1ce41455057664,True,"fresh file hash binding; existing R index/seed audit reused, not rerun",/Users/lzhs/Documents/cnm/tasks/01_R_analysis/CMAverse_恢复工程_20260927/next_phase/PLAN13_全稿实证复核与修订_20260929/exploratory_specification_search_20261005_v1/relativeX_binaryM_B200_batch06/FEAS_090/METRICS.rds,911bc73ad9ad2e147f5b14a22cd1a69aeec648a7d8b82512be5a392bb71aa371,3343
FEAS_091,/Users/lzhs/Documents/cnm/tasks/01_R_analysis/CMAverse_恢复工程_20260927/next_phase/PLAN13_全稿实证复核与修订_20260929/exploratory_specification_search_20261005_v1/relative_continuousM_B200_batch03/FEAS_091/FEAS_091/execution_inputs.rds,4239998,64eb72a69babc4a54e7cfffec911effb7c2d2465a7cf8c4951278b9ee9012b02,actual_execution_inputs,/Users/lzhs/Documents/cnm/tasks/01_R_analysis/CMAverse_恢复工程_20260927/next_phase/PLAN13_全稿实证复核与修订_20260929/exploratory_specification_search_20261005_v1/limited_followup_20261006_v1/numerical_closeout_20261006_v1/search_audit/INDEX_AUDIT.csv,eacb3cb891caeecf241f11753e807b806e4a153321208a3acd1ce41455057664,True,"fresh file hash binding; existing R index/seed audit reused, not rerun",/Users/lzhs/Documents/cnm/tasks/01_R_analysis/CMAverse_恢复工程_20260927/next_phase/PLAN13_全稿实证复核与修订_20260929/exploratory_specification_search_20261005_v1/relative_continuousM_B200_batch03/FEAS_091/METRICS.rds,c0e08bd69309c2eb846172497c752bd5ceb9b9e960af9df91b13f91e85103645,3337
FEAS_092,/Users/lzhs/Documents/cnm/tasks/01_R_analysis/CMAverse_恢复工程_20260927/next_phase/PLAN13_全稿实证复核与修订_20260929/exploratory_specification_search_20261005_v1/relative_continuousM_B200_batch03/FEAS_092/FEAS_092/execution_inputs.rds,2534625,42e43391928eeced967eff2cb553bc918d54bd2b21573b269ece771b8dde73aa,actual_execution_inputs,/Users/lzhs/Documents/cnm/tasks/01_R_analysis/CMAverse_恢复工程_20260927/next_phase/PLAN13_全稿实证复核与修订_20260929/exploratory_specification_search_20261005_v1/limited_followup_20261006_v1/numerical_closeout_20261006_v1/search_audit/INDEX_AUDIT.csv,eacb3cb891caeecf241f11753e807b806e4a153321208a3acd1ce41455057664,True,"fresh file hash binding; existing R index/seed audit reused, not rerun",/Users/lzhs/Documents/cnm/tasks/01_R_analysis/CMAverse_恢复工程_20260927/next_phase/PLAN13_全稿实证复核与修订_20260929/exploratory_specification_search_20261005_v1/relative_continuousM_B200_batch03/FEAS_092/METRICS.rds,47fb1a5aebb8f282dc8f05c7180dad6822dfe5f5b4020138e16122b8d2e5eaca,3330
FEAS_093,/Users/lzhs/Documents/cnm/tasks/01_R_analysis/CMAverse_恢复工程_20260927/next_phase/PLAN13_全稿实证复核与修订_20260929/exploratory_specification_search_20261005_v1/relative_continuousM_B200_batch04/FEAS_093/FEAS_093/execution_inputs.rds,2886830,ae1b4376fa7e7194dc38877926c9a927d83ccd0f4daf9f992fd3b1312c8e2cdd,actual_execution_inputs,/Users/lzhs/Documents/cnm/tasks/01_R_analysis/CMAverse_恢复工程_20260927/next_phase/PLAN13_全稿实证复核与修订_20260929/exploratory_specification_search_20261005_v1/limited_followup_20261006_v1/numerical_closeout_20261006_v1/search_audit/INDEX_AUDIT.csv,eacb3cb891caeecf241f11753e807b806e4a153321208a3acd1ce41455057664,True,"fresh file hash binding; existing R index/seed audit reused, not rerun",/Users/lzhs/Documents/cnm/tasks/01_R_analysis/CMAverse_恢复工程_20260927/next_phase/PLAN13_全稿实证复核与修订_20260929/exploratory_specification_search_20261005_v1/relative_continuousM_B200_batch04/FEAS_093/METRICS.rds,c26f6959eec8483c03ca18cb1a4ac3005901a061b1372107c2d927002ebd3e24,3317
FEAS_094,/Users/lzhs/Documents/cnm/tasks/01_R_analysis/CMAverse_恢复工程_20260927/next_phase/PLAN13_全稿实证复核与修订_20260929/exploratory_specification_search_20261005_v1/relative_continuousM_B200_batch04/FEAS_094/FEAS_094/execution_inputs.rds,2321823,a9d144b7a5416a7e27aa43032f74cbb2dc9fe285947a207dbec2593d8cc1a8ab,actual_execution_inputs,/Users/lzhs/Documents/cnm/tasks/01_R_analysis/CMAverse_恢复工程_20260927/next_phase/PLAN13_全稿实证复核与修订_20260929/exploratory_specification_search_20261005_v1/limited_followup_20261006_v1/numerical_closeout_20261006_v1/search_audit/INDEX_AUDIT.csv,eacb3cb891caeecf241f11753e807b806e4a153321208a3acd1ce41455057664,True,"fresh file hash binding; existing R index/seed audit reused, not rerun",/Users/lzhs/Documents/cnm/tasks/01_R_analysis/CMAverse_恢复工程_20260927/next_phase/PLAN13_全稿实证复核与修订_20260929/exploratory_specification_search_20261005_v1/relative_continuousM_B200_batch04/FEAS_094/METRICS.rds,bda82288002c70dbb975fdb0ed1fbed872ef84deb5c632a10a5d71355269d484,3339
FEAS_095,/Users/lzhs/Documents/cnm/tasks/01_R_analysis/CMAverse_恢复工程_20260927/next_phase/PLAN13_全稿实证复核与修订_20260929/exploratory_specification_search_20261005_v1/relative_continuousM_B200_batch04/FEAS_095/FEAS_095/execution_inputs.rds,2560281,01b63ede87849b0b8963cde3bb1bab2798fcce9297392ee4405d5eeed99f69e5,actual_execution_inputs,/Users/lzhs/Documents/cnm/tasks/01_R_analysis/CMAverse_恢复工程_20260927/next_phase/PLAN13_全稿实证复核与修订_20260929/exploratory_specification_search_20261005_v1/limited_followup_20261006_v1/numerical_closeout_20261006_v1/search_audit/INDEX_AUDIT.csv,eacb3cb891caeecf241f11753e807b806e4a153321208a3acd1ce41455057664,True,"fresh file hash binding; existing R index/seed audit reused, not rerun",/Users/lzhs/Documents/cnm/tasks/01_R_analysis/CMAverse_恢复工程_20260927/next_phase/PLAN13_全稿实证复核与修订_20260929/exploratory_specification_search_20261005_v1/relative_continuousM_B200_batch04/FEAS_095/METRICS.rds,1286b06d7a6eb9ce1978c716932f06f92b3617328b5a8435b90559692a850751,3322
FEAS_096,/Users/lzhs/Documents/cnm/tasks/01_R_analysis/CMAverse_恢复工程_20260927/next_phase/PLAN13_全稿实证复核与修订_20260929/exploratory_specification_search_20261005_v1/relative_continuousM_B200_batch04/FEAS_096/FEAS_096/execution_inputs.rds,4240007,0d866dcd909167f20d87dc724789d521a07b5f2ddd5b19f665f1f8cf959a449c,actual_execution_inputs,/Users/lzhs/Documents/cnm/tasks/01_R_analysis/CMAverse_恢复工程_20260927/next_phase/PLAN13_全稿实证复核与修订_20260929/exploratory_specification_search_20261005_v1/limited_followup_20261006_v1/numerical_closeout_20261006_v1/search_audit/INDEX_AUDIT.csv,eacb3cb891caeecf241f11753e807b806e4a153321208a3acd1ce41455057664,True,"fresh file hash binding; existing R index/seed audit reused, not rerun",/Users/lzhs/Documents/cnm/tasks/01_R_analysis/CMAverse_恢复工程_20260927/next_phase/PLAN13_全稿实证复核与修订_20260929/exploratory_specification_search_20261005_v1/relative_continuousM_B200_batch04/FEAS_096/METRICS.rds,b3382360e550412f0c8c080bce756f9cc948fa36dc0664820290bf7f1c08c4d3,3343
FEAS_097,/Users/lzhs/Documents/cnm/tasks/01_R_analysis/CMAverse_恢复工程_20260927/next_phase/PLAN13_全稿实证复核与修订_20260929/exploratory_specification_search_20261005_v1/relative_continuousM_B200_batch05/FEAS_097/FEAS_097/execution_inputs.rds,2534631,efd8b05686abd682911b060f75a477cc41f46ab19bf185d52de49f59f75bb31a,actual_execution_inputs,/Users/lzhs/Documents/cnm/tasks/01_R_analysis/CMAverse_恢复工程_20260927/next_phase/PLAN13_全稿实证复核与修订_20260929/exploratory_specification_search_20261005_v1/limited_followup_20261006_v1/numerical_closeout_20261006_v1/search_audit/INDEX_AUDIT.csv,eacb3cb891caeecf241f11753e807b806e4a153321208a3acd1ce41455057664,True,"fresh file hash binding; existing R index/seed audit reused, not rerun",/Users/lzhs/Documents/cnm/tasks/01_R_analysis/CMAverse_恢复工程_20260927/next_phase/PLAN13_全稿实证复核与修订_20260929/exploratory_specification_search_20261005_v1/relative_continuousM_B200_batch05/FEAS_097/METRICS.rds,98f0976560ba836941732c1717af2b0716be1c91375d621171bb572f769a8fcf,3335
FEAS_098,/Users/lzhs/Documents/cnm/tasks/01_R_analysis/CMAverse_恢复工程_20260927/next_phase/PLAN13_全稿实证复核与修订_20260929/exploratory_specification_search_20261005_v1/relative_continuousM_B200_batch05/FEAS_098/FEAS_098/execution_inputs.rds,2886838,ab41f56a67882ec993e11ad3392efd41f904de12fff12fff5b3ac10c322cd224,actual_execution_inputs,/Users/lzhs/Documents/cnm/tasks/01_R_analysis/CMAverse_恢复工程_20260927/next_phase/PLAN13_全稿实证复核与修订_20260929/exploratory_specification_search_20261005_v1/limited_followup_20261006_v1/numerical_closeout_20261006_v1/search_audit/INDEX_AUDIT.csv,eacb3cb891caeecf241f11753e807b806e4a153321208a3acd1ce41455057664,True,"fresh file hash binding; existing R index/seed audit reused, not rerun",/Users/lzhs/Documents/cnm/tasks/01_R_analysis/CMAverse_恢复工程_20260927/next_phase/PLAN13_全稿实证复核与修订_20260929/exploratory_specification_search_20261005_v1/relative_continuousM_B200_batch05/FEAS_098/METRICS.rds,ef510686b6237e8910f9bb7c796ef596dfd7a262596437351891ce45eca66c02,3315
FEAS_099,/Users/lzhs/Documents/cnm/tasks/01_R_analysis/CMAverse_恢复工程_20260927/next_phase/PLAN13_全稿实证复核与修订_20260929/exploratory_specification_search_20261005_v1/relative_continuousM_B200_batch05/FEAS_099/FEAS_099/execution_inputs.rds,2321828,1b8178ea778efa49c87ab4d2e13983916425db8092bc7567de4f74c2977158c8,actual_execution_inputs,/Users/lzhs/Documents/cnm/tasks/01_R_analysis/CMAverse_恢复工程_20260927/next_phase/PLAN13_全稿实证复核与修订_20260929/exploratory_specification_search_20261005_v1/limited_followup_20261006_v1/numerical_closeout_20261006_v1/search_audit/INDEX_AUDIT.csv,eacb3cb891caeecf241f11753e807b806e4a153321208a3acd1ce41455057664,True,"fresh file hash binding; existing R index/seed audit reused, not rerun",/Users/lzhs/Documents/cnm/tasks/01_R_analysis/CMAverse_恢复工程_20260927/next_phase/PLAN13_全稿实证复核与修订_20260929/exploratory_specification_search_20261005_v1/relative_continuousM_B200_batch05/FEAS_099/METRICS.rds,659af7fb09747a8dfb52ef7a4b2c6edd2256730cadfc2ffe7dbf8f0016bdc274,3336
FEAS_100,/Users/lzhs/Documents/cnm/tasks/01_R_analysis/CMAverse_恢复工程_20260927/next_phase/PLAN13_全稿实证复核与修订_20260929/exploratory_specification_search_20261005_v1/relative_continuousM_B200_batch05/FEAS_100/FEAS_100/execution_inputs.rds,2560288,103ec8c7b717234f454c6bbe859ee377b0993e31d428f5723d2e45768368f2a0,actual_execution_inputs,/Users/lzhs/Documents/cnm/tasks/01_R_analysis/CMAverse_恢复工程_20260927/next_phase/PLAN13_全稿实证复核与修订_20260929/exploratory_specification_search_20261005_v1/limited_followup_20261006_v1/numerical_closeout_20261006_v1/search_audit/INDEX_AUDIT.csv,eacb3cb891caeecf241f11753e807b806e4a153321208a3acd1ce41455057664,True,"fresh file hash binding; existing R index/seed audit reused, not rerun",/Users/lzhs/Documents/cnm/tasks/01_R_analysis/CMAverse_恢复工程_20260927/next_phase/PLAN13_全稿实证复核与修订_20260929/exploratory_specification_search_20261005_v1/relative_continuousM_B200_batch05/FEAS_100/METRICS.rds,4c43ea5bb02cf7ad1e7dea1e3dbb409621037a8cf48e80c7145dfd71e84d35f0,3323
FEAS_101,/Users/lzhs/Documents/cnm/tasks/01_R_analysis/CMAverse_恢复工程_20260927/next_phase/PLAN13_全稿实证复核与修订_20260929/exploratory_specification_search_20261005_v1/binary_remaining_B200_v1/FEAS_101/FEAS_101/execution_inputs.rds,1049591,cd38ffa7d641f5b127b77ed1382ddf9bf1ca1bc1f3289c905979e6d7b93a2ea4,actual_execution_inputs,/Users/lzhs/Documents/cnm/tasks/01_R_analysis/CMAverse_恢复工程_20260927/next_phase/PLAN13_全稿实证复核与修订_20260929/exploratory_specification_search_20261005_v1/limited_followup_20261006_v1/numerical_closeout_20261006_v1/search_audit/INDEX_AUDIT.csv,eacb3cb891caeecf241f11753e807b806e4a153321208a3acd1ce41455057664,True,"fresh file hash binding; existing R index/seed audit reused, not rerun",/Users/lzhs/Documents/cnm/tasks/01_R_analysis/CMAverse_恢复工程_20260927/next_phase/PLAN13_全稿实证复核与修订_20260929/exploratory_specification_search_20261005_v1/binary_remaining_B200_v1/FEAS_101/METRICS.rds,d1b49f0799a53831e1d9d319967e43b6e44a2fa1413ddbcf27ef729729bffdf3,3331
FEAS_102,/Users/lzhs/Documents/cnm/tasks/01_R_analysis/CMAverse_恢复工程_20260927/next_phase/PLAN13_全稿实证复核与修订_20260929/exploratory_specification_search_20261005_v1/absolute_continuousX_binaryM_B200_batch04/FEAS_102/FEAS_102/execution_inputs.rds,670460,37028799b395da5112a229a1105e8ef7a1ee4e616132cc323d3129394afc8630,actual_execution_inputs,/Users/lzhs/Documents/cnm/tasks/01_R_analysis/CMAverse_恢复工程_20260927/next_phase/PLAN13_全稿实证复核与修订_20260929/exploratory_specification_search_20261005_v1/limited_followup_20261006_v1/numerical_closeout_20261006_v1/search_audit/INDEX_AUDIT.csv,eacb3cb891caeecf241f11753e807b806e4a153321208a3acd1ce41455057664,True,"fresh file hash binding; existing R index/seed audit reused, not rerun",/Users/lzhs/Documents/cnm/tasks/01_R_analysis/CMAverse_恢复工程_20260927/next_phase/PLAN13_全稿实证复核与修订_20260929/exploratory_specification_search_20261005_v1/absolute_continuousX_binaryM_B200_batch04/FEAS_102/METRICS.rds,d319220e8dfd362a81b934a3a308da05c0a4e12ae9efec70d34a3b4683b36129,3363
FEAS_103,/Users/lzhs/Documents/cnm/tasks/01_R_analysis/CMAverse_恢复工程_20260927/next_phase/PLAN13_全稿实证复核与修订_20260929/exploratory_specification_search_20261005_v1/absolute_continuousX_binaryM_B200_batch04/FEAS_103/FEAS_103/execution_inputs.rds,740472,b466b4c83ed5c6e91bc1b8489259c9cbec8a48a608e2cb86b5a05e2f6baf3eab,actual_execution_inputs,/Users/lzhs/Documents/cnm/tasks/01_R_analysis/CMAverse_恢复工程_20260927/next_phase/PLAN13_全稿实证复核与修订_20260929/exploratory_specification_search_20261005_v1/limited_followup_20261006_v1/numerical_closeout_20261006_v1/search_audit/INDEX_AUDIT.csv,eacb3cb891caeecf241f11753e807b806e4a153321208a3acd1ce41455057664,True,"fresh file hash binding; existing R index/seed audit reused, not rerun",/Users/lzhs/Documents/cnm/tasks/01_R_analysis/CMAverse_恢复工程_20260927/next_phase/PLAN13_全稿实证复核与修订_20260929/exploratory_specification_search_20261005_v1/absolute_continuousX_binaryM_B200_batch04/FEAS_103/METRICS.rds,c2e569d43455fa709f1b06f6eabc65e2f10ad319aa39bbb91c72cdf1cb8c5250,3336
FEAS_104,/Users/lzhs/Documents/cnm/tasks/01_R_analysis/CMAverse_恢复工程_20260927/next_phase/PLAN13_全稿实证复核与修订_20260929/exploratory_specification_search_20261005_v1/relativeX_binaryM_B200_batch07/FEAS_104/FEAS_104/execution_inputs.rds,686431,76759b280774909dac17af0aea7979e2667d32148c2bc0f6138717f049c7ad5c,actual_execution_inputs,/Users/lzhs/Documents/cnm/tasks/01_R_analysis/CMAverse_恢复工程_20260927/next_phase/PLAN13_全稿实证复核与修订_20260929/exploratory_specification_search_20261005_v1/limited_followup_20261006_v1/numerical_closeout_20261006_v1/search_audit/INDEX_AUDIT.csv,eacb3cb891caeecf241f11753e807b806e4a153321208a3acd1ce41455057664,True,"fresh file hash binding; existing R index/seed audit reused, not rerun",/Users/lzhs/Documents/cnm/tasks/01_R_analysis/CMAverse_恢复工程_20260927/next_phase/PLAN13_全稿实证复核与修订_20260929/exploratory_specification_search_20261005_v1/relativeX_binaryM_B200_batch07/FEAS_104/METRICS.rds,e4d97ac2bca98395324d00c45841781f1c00f5dd76a0924e5df3666d1f2b13ef,3360
FEAS_105,/Users/lzhs/Documents/cnm/tasks/01_R_analysis/CMAverse_恢复工程_20260927/next_phase/PLAN13_全稿实证复核与修订_20260929/exploratory_specification_search_20261005_v1/relativeX_binaryM_B200_batch07/FEAS_105/FEAS_105/execution_inputs.rds,670034,f20e5256f5647177dff00e201f50df0262b7e356786548feb2e1e2ee57e9de0e,actual_execution_inputs,/Users/lzhs/Documents/cnm/tasks/01_R_analysis/CMAverse_恢复工程_20260927/next_phase/PLAN13_全稿实证复核与修订_20260929/exploratory_specification_search_20261005_v1/limited_followup_20261006_v1/numerical_closeout_20261006_v1/search_audit/INDEX_AUDIT.csv,eacb3cb891caeecf241f11753e807b806e4a153321208a3acd1ce41455057664,True,"fresh file hash binding; existing R index/seed audit reused, not rerun",/Users/lzhs/Documents/cnm/tasks/01_R_analysis/CMAverse_恢复工程_20260927/next_phase/PLAN13_全稿实证复核与修订_20260929/exploratory_specification_search_20261005_v1/relativeX_binaryM_B200_batch07/FEAS_105/METRICS.rds,397ceb32d0c84fa83cf30875efdb0607d4f775c2532910be5a84ca1c7f2cec21,3318
FEAS_106,/Users/lzhs/Documents/cnm/tasks/01_R_analysis/CMAverse_恢复工程_20260927/next_phase/PLAN13_全稿实证复核与修订_20260929/exploratory_specification_search_20261005_v1/binary_remaining_B200_v1/FEAS_106/FEAS_106/execution_inputs.rds,1015228,f6074489d472f4a6f84506d6c8d7f22a9f291da7afeafb2196f0d89e57ef87c5,actual_execution_inputs,/Users/lzhs/Documents/cnm/tasks/01_R_analysis/CMAverse_恢复工程_20260927/next_phase/PLAN13_全稿实证复核与修订_20260929/exploratory_specification_search_20261005_v1/limited_followup_20261006_v1/numerical_closeout_20261006_v1/search_audit/INDEX_AUDIT.csv,eacb3cb891caeecf241f11753e807b806e4a153321208a3acd1ce41455057664,True,"fresh file hash binding; existing R index/seed audit reused, not rerun",/Users/lzhs/Documents/cnm/tasks/01_R_analysis/CMAverse_恢复工程_20260927/next_phase/PLAN13_全稿实证复核与修订_20260929/exploratory_specification_search_20261005_v1/binary_remaining_B200_v1/FEAS_106/METRICS.rds,f6860ae666b2c7d880f4c2a7f1c08a0e55b741c0059cde00aa8c2fc9109dc7b6,3336
FEAS_107,/Users/lzhs/Documents/cnm/tasks/01_R_analysis/CMAverse_恢复工程_20260927/next_phase/PLAN13_全稿实证复核与修订_20260929/exploratory_specification_search_20261005_v1/absolute_continuousX_binaryM_B200_batch04/FEAS_107/FEAS_107/execution_inputs.rds,704117,a639ced1c4b44953244ba94f73f12f2c66315ea2c3ba301e8cbef7895f067f0b,actual_execution_inputs,/Users/lzhs/Documents/cnm/tasks/01_R_analysis/CMAverse_恢复工程_20260927/next_phase/PLAN13_全稿实证复核与修订_20260929/exploratory_specification_search_20261005_v1/limited_followup_20261006_v1/numerical_closeout_20261006_v1/search_audit/INDEX_AUDIT.csv,eacb3cb891caeecf241f11753e807b806e4a153321208a3acd1ce41455057664,True,"fresh file hash binding; existing R index/seed audit reused, not rerun",/Users/lzhs/Documents/cnm/tasks/01_R_analysis/CMAverse_恢复工程_20260927/next_phase/PLAN13_全稿实证复核与修订_20260929/exploratory_specification_search_20261005_v1/absolute_continuousX_binaryM_B200_batch04/FEAS_107/METRICS.rds,64ad8cd680f2a00198e966d9991ed0d226be06623ecbd672751122e90d3e7e75,3364
FEAS_108,/Users/lzhs/Documents/cnm/tasks/01_R_analysis/CMAverse_恢复工程_20260927/next_phase/PLAN13_全稿实证复核与修订_20260929/exploratory_specification_search_20261005_v1/absolute_continuousX_binaryM_B200_batch04/FEAS_108/FEAS_108/execution_inputs.rds,768995,7dc4a730950bfeb2087b1fb032b6ed0280f254711246429276371a8dc5eb2cec,actual_execution_inputs,/Users/lzhs/Documents/cnm/tasks/01_R_analysis/CMAverse_恢复工程_20260927/next_phase/PLAN13_全稿实证复核与修订_20260929/exploratory_specification_search_20261005_v1/limited_followup_20261006_v1/numerical_closeout_20261006_v1/search_audit/INDEX_AUDIT.csv,eacb3cb891caeecf241f11753e807b806e4a153321208a3acd1ce41455057664,True,"fresh file hash binding; existing R index/seed audit reused, not rerun",/Users/lzhs/Documents/cnm/tasks/01_R_analysis/CMAverse_恢复工程_20260927/next_phase/PLAN13_全稿实证复核与修订_20260929/exploratory_specification_search_20261005_v1/absolute_continuousX_binaryM_B200_batch04/FEAS_108/METRICS.rds,eca70e867ef71baf54f30dd26445e22e68d6b94c6b2a6bd2cb0026b272648a08,3371
FEAS_109,/Users/lzhs/Documents/cnm/tasks/01_R_analysis/CMAverse_恢复工程_20260927/next_phase/PLAN13_全稿实证复核与修订_20260929/exploratory_specification_search_20261005_v1/relativeX_binaryM_B200_batch07/FEAS_109/FEAS_109/execution_inputs.rds,548315,ca619d5e580f602f70d11324e0bbcc5ed4051c5bb71a9878739ffe8a749d756c,actual_execution_inputs,/Users/lzhs/Documents/cnm/tasks/01_R_analysis/CMAverse_恢复工程_20260927/next_phase/PLAN13_全稿实证复核与修订_20260929/exploratory_specification_search_20261005_v1/limited_followup_20261006_v1/numerical_closeout_20261006_v1/search_audit/INDEX_AUDIT.csv,eacb3cb891caeecf241f11753e807b806e4a153321208a3acd1ce41455057664,True,"fresh file hash binding; existing R index/seed audit reused, not rerun",/Users/lzhs/Documents/cnm/tasks/01_R_analysis/CMAverse_恢复工程_20260927/next_phase/PLAN13_全稿实证复核与修订_20260929/exploratory_specification_search_20261005_v1/relativeX_binaryM_B200_batch07/FEAS_109/METRICS.rds,36455d147ff3f4555e0ccd42898241c61077c079c84773927dc0894e8d7860ec,3351
FEAS_110,/Users/lzhs/Documents/cnm/tasks/01_R_analysis/CMAverse_恢复工程_20260927/next_phase/PLAN13_全稿实证复核与修订_20260929/exploratory_specification_search_20261005_v1/relativeX_binaryM_B200_batch07/FEAS_110/FEAS_110/execution_inputs.rds,655323,a2073880886ab9b916f52b783e4f8761ebcf500595cd492980e36a34c00df5f1,actual_execution_inputs,/Users/lzhs/Documents/cnm/tasks/01_R_analysis/CMAverse_恢复工程_20260927/next_phase/PLAN13_全稿实证复核与修订_20260929/exploratory_specification_search_20261005_v1/limited_followup_20261006_v1/numerical_closeout_20261006_v1/search_audit/INDEX_AUDIT.csv,eacb3cb891caeecf241f11753e807b806e4a153321208a3acd1ce41455057664,True,"fresh file hash binding; existing R index/seed audit reused, not rerun",/Users/lzhs/Documents/cnm/tasks/01_R_analysis/CMAverse_恢复工程_20260927/next_phase/PLAN13_全稿实证复核与修订_20260929/exploratory_specification_search_20261005_v1/relativeX_binaryM_B200_batch07/FEAS_110/METRICS.rds,9d25bc43b33a1724e6a41b740a65a0aaa4ec0d40fe96e6f3a90d73acf69818e9,3369
FEAS_111,/Users/lzhs/Documents/cnm/tasks/01_R_analysis/CMAverse_恢复工程_20260927/next_phase/PLAN13_全稿实证复核与修订_20260929/exploratory_specification_search_20261005_v1/binary_expanded_B200_batch03/FEAS_111/FEAS_111/execution_inputs.rds,1070280,a381ae2b9abaab6e409eec9b0e27f41f36913286667cee8978946b0f5d18f5bb,actual_execution_inputs,/Users/lzhs/Documents/cnm/tasks/01_R_analysis/CMAverse_恢复工程_20260927/next_phase/PLAN13_全稿实证复核与修订_20260929/exploratory_specification_search_20261005_v1/limited_followup_20261006_v1/numerical_closeout_20261006_v1/search_audit/INDEX_AUDIT.csv,eacb3cb891caeecf241f11753e807b806e4a153321208a3acd1ce41455057664,True,"fresh file hash binding; existing R index/seed audit reused, not rerun",/Users/lzhs/Documents/cnm/tasks/01_R_analysis/CMAverse_恢复工程_20260927/next_phase/PLAN13_全稿实证复核与修订_20260929/exploratory_specification_search_20261005_v1/binary_expanded_B200_batch03/FEAS_111/METRICS.rds,d1b49f0799a53831e1d9d319967e43b6e44a2fa1413ddbcf27ef729729bffdf3,3331
FEAS_112,/Users/lzhs/Documents/cnm/tasks/01_R_analysis/CMAverse_恢复工程_20260927/next_phase/PLAN13_全稿实证复核与修订_20260929/exploratory_specification_search_20261005_v1/absolute_continuousX_binaryM_B200_batch05/FEAS_112/FEAS_112/execution_inputs.rds,691704,ec991b0d2aaab1c39ba74fe1712078f43ee47b9f7eb56dd78fa153ceaebb992b,actual_execution_inputs,/Users/lzhs/Documents/cnm/tasks/01_R_analysis/CMAverse_恢复工程_20260927/next_phase/PLAN13_全稿实证复核与修订_20260929/exploratory_specification_search_20261005_v1/limited_followup_20261006_v1/numerical_closeout_20261006_v1/search_audit/INDEX_AUDIT.csv,eacb3cb891caeecf241f11753e807b806e4a153321208a3acd1ce41455057664,True,"fresh file hash binding; existing R index/seed audit reused, not rerun",/Users/lzhs/Documents/cnm/tasks/01_R_analysis/CMAverse_恢复工程_20260927/next_phase/PLAN13_全稿实证复核与修订_20260929/exploratory_specification_search_20261005_v1/absolute_continuousX_binaryM_B200_batch05/FEAS_112/METRICS.rds,d319220e8dfd362a81b934a3a308da05c0a4e12ae9efec70d34a3b4683b36129,3363
FEAS_113,/Users/lzhs/Documents/cnm/tasks/01_R_analysis/CMAverse_恢复工程_20260927/next_phase/PLAN13_全稿实证复核与修订_20260929/exploratory_specification_search_20261005_v1/absolute_continuousX_binaryM_B200_batch05/FEAS_113/FEAS_113/execution_inputs.rds,761629,a151b8266fa07ffaa523f02561e980aaf827e4581a8136b79a4e99ef58a06525,actual_execution_inputs,/Users/lzhs/Documents/cnm/tasks/01_R_analysis/CMAverse_恢复工程_20260927/next_phase/PLAN13_全稿实证复核与修订_20260929/exploratory_specification_search_20261005_v1/limited_followup_20261006_v1/numerical_closeout_20261006_v1/search_audit/INDEX_AUDIT.csv,eacb3cb891caeecf241f11753e807b806e4a153321208a3acd1ce41455057664,True,"fresh file hash binding; existing R index/seed audit reused, not rerun",/Users/lzhs/Documents/cnm/tasks/01_R_analysis/CMAverse_恢复工程_20260927/next_phase/PLAN13_全稿实证复核与修订_20260929/exploratory_specification_search_20261005_v1/absolute_continuousX_binaryM_B200_batch05/FEAS_113/METRICS.rds,c2e569d43455fa709f1b06f6eabc65e2f10ad319aa39bbb91c72cdf1cb8c5250,3336
FEAS_114,/Users/lzhs/Documents/cnm/tasks/01_R_analysis/CMAverse_恢复工程_20260927/next_phase/PLAN13_全稿实证复核与修订_20260929/exploratory_specification_search_20261005_v1/relativeX_binaryM_B200_batch08/FEAS_114/FEAS_114/execution_inputs.rds,699708,9aba61730486247e29e4cb8d31070eba74e5296c5a14762610cabf7cb5320e34,actual_execution_inputs,/Users/lzhs/Documents/cnm/tasks/01_R_analysis/CMAverse_恢复工程_20260927/next_phase/PLAN13_全稿实证复核与修订_20260929/exploratory_specification_search_20261005_v1/limited_followup_20261006_v1/numerical_closeout_20261006_v1/search_audit/INDEX_AUDIT.csv,eacb3cb891caeecf241f11753e807b806e4a153321208a3acd1ce41455057664,True,"fresh file hash binding; existing R index/seed audit reused, not rerun",/Users/lzhs/Documents/cnm/tasks/01_R_analysis/CMAverse_恢复工程_20260927/next_phase/PLAN13_全稿实证复核与修订_20260929/exploratory_specification_search_20261005_v1/relativeX_binaryM_B200_batch08/FEAS_114/METRICS.rds,e4d97ac2bca98395324d00c45841781f1c00f5dd76a0924e5df3666d1f2b13ef,3360
FEAS_115,/Users/lzhs/Documents/cnm/tasks/01_R_analysis/CMAverse_恢复工程_20260927/next_phase/PLAN13_全稿实证复核与修订_20260929/exploratory_specification_search_20261005_v1/relativeX_binaryM_B200_batch08/FEAS_115/FEAS_115/execution_inputs.rds,691398,090202ec5ab5214a3499618a0bc735efb9b794456f0767a83be03fcb64317b67,actual_execution_inputs,/Users/lzhs/Documents/cnm/tasks/01_R_analysis/CMAverse_恢复工程_20260927/next_phase/PLAN13_全稿实证复核与修订_20260929/exploratory_specification_search_20261005_v1/limited_followup_20261006_v1/numerical_closeout_20261006_v1/search_audit/INDEX_AUDIT.csv,eacb3cb891caeecf241f11753e807b806e4a153321208a3acd1ce41455057664,True,"fresh file hash binding; existing R index/seed audit reused, not rerun",/Users/lzhs/Documents/cnm/tasks/01_R_analysis/CMAverse_恢复工程_20260927/next_phase/PLAN13_全稿实证复核与修订_20260929/exploratory_specification_search_20261005_v1/relativeX_binaryM_B200_batch08/FEAS_115/METRICS.rds,397ceb32d0c84fa83cf30875efdb0607d4f775c2532910be5a84ca1c7f2cec21,3318
FEAS_116,/Users/lzhs/Documents/cnm/tasks/01_R_analysis/CMAverse_恢复工程_20260927/next_phase/PLAN13_全稿实证复核与修订_20260929/exploratory_specification_search_20261005_v1/binary_expanded_B200_batch03/FEAS_116/FEAS_116/execution_inputs.rds,1036675,405f80c85e6eadaa8623850993363aef1cb1caeb3fcf7d21c8eaf8a04d39dd55,actual_execution_inputs,/Users/lzhs/Documents/cnm/tasks/01_R_analysis/CMAverse_恢复工程_20260927/next_phase/PLAN13_全稿实证复核与修订_20260929/exploratory_specification_search_20261005_v1/limited_followup_20261006_v1/numerical_closeout_20261006_v1/search_audit/INDEX_AUDIT.csv,eacb3cb891caeecf241f11753e807b806e4a153321208a3acd1ce41455057664,True,"fresh file hash binding; existing R index/seed audit reused, not rerun",/Users/lzhs/Documents/cnm/tasks/01_R_analysis/CMAverse_恢复工程_20260927/next_phase/PLAN13_全稿实证复核与修订_20260929/exploratory_specification_search_20261005_v1/binary_expanded_B200_batch03/FEAS_116/METRICS.rds,f6860ae666b2c7d880f4c2a7f1c08a0e55b741c0059cde00aa8c2fc9109dc7b6,3336
FEAS_117,/Users/lzhs/Documents/cnm/tasks/01_R_analysis/CMAverse_恢复工程_20260927/next_phase/PLAN13_全稿实证复核与修订_20260929/exploratory_specification_search_20261005_v1/absolute_continuousX_binaryM_B200_batch05/FEAS_117/FEAS_117/execution_inputs.rds,724899,ee0b4a3a708bbe7400c9ad5fa435e00baadfe57512479f82cc0dbb71ea7a2286,actual_execution_inputs,/Users/lzhs/Documents/cnm/tasks/01_R_analysis/CMAverse_恢复工程_20260927/next_phase/PLAN13_全稿实证复核与修订_20260929/exploratory_specification_search_20261005_v1/limited_followup_20261006_v1/numerical_closeout_20261006_v1/search_audit/INDEX_AUDIT.csv,eacb3cb891caeecf241f11753e807b806e4a153321208a3acd1ce41455057664,True,"fresh file hash binding; existing R index/seed audit reused, not rerun",/Users/lzhs/Documents/cnm/tasks/01_R_analysis/CMAverse_恢复工程_20260927/next_phase/PLAN13_全稿实证复核与修订_20260929/exploratory_specification_search_20261005_v1/absolute_continuousX_binaryM_B200_batch05/FEAS_117/METRICS.rds,64ad8cd680f2a00198e966d9991ed0d226be06623ecbd672751122e90d3e7e75,3364
FEAS_118,/Users/lzhs/Documents/cnm/tasks/01_R_analysis/CMAverse_恢复工程_20260927/next_phase/PLAN13_全稿实证复核与修订_20260929/exploratory_specification_search_20261005_v1/absolute_continuousX_binaryM_B200_batch05/FEAS_118/FEAS_118/execution_inputs.rds,789742,edff9012d7395b94d2fb56230688e01a9310770e7d539e667ea71bc4a272c10e,actual_execution_inputs,/Users/lzhs/Documents/cnm/tasks/01_R_analysis/CMAverse_恢复工程_20260927/next_phase/PLAN13_全稿实证复核与修订_20260929/exploratory_specification_search_20261005_v1/limited_followup_20261006_v1/numerical_closeout_20261006_v1/search_audit/INDEX_AUDIT.csv,eacb3cb891caeecf241f11753e807b806e4a153321208a3acd1ce41455057664,True,"fresh file hash binding; existing R index/seed audit reused, not rerun",/Users/lzhs/Documents/cnm/tasks/01_R_analysis/CMAverse_恢复工程_20260927/next_phase/PLAN13_全稿实证复核与修订_20260929/exploratory_specification_search_20261005_v1/absolute_continuousX_binaryM_B200_batch05/FEAS_118/METRICS.rds,eca70e867ef71baf54f30dd26445e22e68d6b94c6b2a6bd2cb0026b272648a08,3371
FEAS_119,/Users/lzhs/Documents/cnm/tasks/01_R_analysis/CMAverse_恢复工程_20260927/next_phase/PLAN13_全稿实证复核与修订_20260929/exploratory_specification_search_20261005_v1/relativeX_binaryM_B200_batch08/FEAS_119/FEAS_119/execution_inputs.rds,563275,ab5b3fadfce25a719a94a145a05d489cc1e3b85d5cd1b819d9560515859fb78b,actual_execution_inputs,/Users/lzhs/Documents/cnm/tasks/01_R_analysis/CMAverse_恢复工程_20260927/next_phase/PLAN13_全稿实证复核与修订_20260929/exploratory_specification_search_20261005_v1/limited_followup_20261006_v1/numerical_closeout_20261006_v1/search_audit/INDEX_AUDIT.csv,eacb3cb891caeecf241f11753e807b806e4a153321208a3acd1ce41455057664,True,"fresh file hash binding; existing R index/seed audit reused, not rerun",/Users/lzhs/Documents/cnm/tasks/01_R_analysis/CMAverse_恢复工程_20260927/next_phase/PLAN13_全稿实证复核与修订_20260929/exploratory_specification_search_20261005_v1/relativeX_binaryM_B200_batch08/FEAS_119/METRICS.rds,36455d147ff3f4555e0ccd42898241c61077c079c84773927dc0894e8d7860ec,3351
FEAS_120,/Users/lzhs/Documents/cnm/tasks/01_R_analysis/CMAverse_恢复工程_20260927/next_phase/PLAN13_全稿实证复核与修订_20260929/exploratory_specification_search_20261005_v1/relativeX_binaryM_B200_batch08/FEAS_120/FEAS_120/execution_inputs.rds,676487,eda4c41b9a03b9976744c0b528fbb2f03cad630c1687135e22707e3dc1665525,actual_execution_inputs,/Users/lzhs/Documents/cnm/tasks/01_R_analysis/CMAverse_恢复工程_20260927/next_phase/PLAN13_全稿实证复核与修订_20260929/exploratory_specification_search_20261005_v1/limited_followup_20261006_v1/numerical_closeout_20261006_v1/search_audit/INDEX_AUDIT.csv,eacb3cb891caeecf241f11753e807b806e4a153321208a3acd1ce41455057664,True,"fresh file hash binding; existing R index/seed audit reused, not rerun",/Users/lzhs/Documents/cnm/tasks/01_R_analysis/CMAverse_恢复工程_20260927/next_phase/PLAN13_全稿实证复核与修订_20260929/exploratory_specification_search_20261005_v1/relativeX_binaryM_B200_batch08/FEAS_120/METRICS.rds,9d25bc43b33a1724e6a41b740a65a0aaa4ec0d40fe96e6f3a90d73acf69818e9,3369
FEAS_131,/Users/lzhs/Documents/cnm/tasks/01_R_analysis/CMAverse_恢复工程_20260927/next_phase/PLAN13_全稿实证复核与修订_20260929/exploratory_specification_search_20261005_v1/binary_expanded_B200_batch03/FEAS_131/FEAS_131/execution_inputs.rds,3163367,91e293293bcf9b837ddcd46e5f5b755872166d29b16e8256cb2c39062a8a323b,actual_execution_inputs,/Users/lzhs/Documents/cnm/tasks/01_R_analysis/CMAverse_恢复工程_20260927/next_phase/PLAN13_全稿实证复核与修订_20260929/exploratory_specification_search_20261005_v1/limited_followup_20261006_v1/numerical_closeout_20261006_v1/search_audit/INDEX_AUDIT.csv,eacb3cb891caeecf241f11753e807b806e4a153321208a3acd1ce41455057664,True,"fresh file hash binding; existing R index/seed audit reused, not rerun",/Users/lzhs/Documents/cnm/tasks/01_R_analysis/CMAverse_恢复工程_20260927/next_phase/PLAN13_全稿实证复核与修订_20260929/exploratory_specification_search_20261005_v1/binary_expanded_B200_batch03/FEAS_131/METRICS.rds,c82f99ace3dab036cca8f43808d3ca3191cafc03185adb7294b1614d0e1301e2,3353
FEAS_132,/Users/lzhs/Documents/cnm/tasks/01_R_analysis/CMAverse_恢复工程_20260927/next_phase/PLAN13_全稿实证复核与修订_20260929/exploratory_specification_search_20261005_v1/absolute_continuousX_binaryM_B200_batch05/FEAS_132/FEAS_132/execution_inputs.rds,1835418,5313f7084267faecdac7d22d405b799a9b932e124c2cbda0fe445c90e3d778cd,actual_execution_inputs,/Users/lzhs/Documents/cnm/tasks/01_R_analysis/CMAverse_恢复工程_20260927/next_phase/PLAN13_全稿实证复核与修订_20260929/exploratory_specification_search_20261005_v1/limited_followup_20261006_v1/numerical_closeout_20261006_v1/search_audit/INDEX_AUDIT.csv,eacb3cb891caeecf241f11753e807b806e4a153321208a3acd1ce41455057664,True,"fresh file hash binding; existing R index/seed audit reused, not rerun",/Users/lzhs/Documents/cnm/tasks/01_R_analysis/CMAverse_恢复工程_20260927/next_phase/PLAN13_全稿实证复核与修订_20260929/exploratory_specification_search_20261005_v1/absolute_continuousX_binaryM_B200_batch05/FEAS_132/METRICS.rds,1d5cfbe8983826dd0380c9e2cdcf265f249f7e10edc428cc101ecabab1f6cb83,3344
FEAS_133,/Users/lzhs/Documents/cnm/tasks/01_R_analysis/CMAverse_恢复工程_20260927/next_phase/PLAN13_全稿实证复核与修订_20260929/exploratory_specification_search_20261005_v1/absolute_continuousX_binaryM_B200_batch05/FEAS_133/FEAS_133/execution_inputs.rds,2106033,1bbc16f98062eea24143d56a25a4cc1a2d87d11841a5482bdf431e9a4d41f9a8,actual_execution_inputs,/Users/lzhs/Documents/cnm/tasks/01_R_analysis/CMAverse_恢复工程_20260927/next_phase/PLAN13_全稿实证复核与修订_20260929/exploratory_specification_search_20261005_v1/limited_followup_20261006_v1/numerical_closeout_20261006_v1/search_audit/INDEX_AUDIT.csv,eacb3cb891caeecf241f11753e807b806e4a153321208a3acd1ce41455057664,True,"fresh file hash binding; existing R index/seed audit reused, not rerun",/Users/lzhs/Documents/cnm/tasks/01_R_analysis/CMAverse_恢复工程_20260927/next_phase/PLAN13_全稿实证复核与修订_20260929/exploratory_specification_search_20261005_v1/absolute_continuousX_binaryM_B200_batch05/FEAS_133/METRICS.rds,c25ed419aa0369a7be71ca49b497c7fefa595742ed26302bb962308f56de9f66,3361
FEAS_134,/Users/lzhs/Documents/cnm/tasks/01_R_analysis/CMAverse_恢复工程_20260927/next_phase/PLAN13_全稿实证复核与修订_20260929/exploratory_specification_search_20261005_v1/relativeX_binaryM_B200_batch09/FEAS_134/FEAS_134/execution_inputs.rds,1839865,1dd15281d7d9782973a70478b3b97bf74f0917725f89587d5c861a3687659cf6,actual_execution_inputs,/Users/lzhs/Documents/cnm/tasks/01_R_analysis/CMAverse_恢复工程_20260927/next_phase/PLAN13_全稿实证复核与修订_20260929/exploratory_specification_search_20261005_v1/limited_followup_20261006_v1/numerical_closeout_20261006_v1/search_audit/INDEX_AUDIT.csv,eacb3cb891caeecf241f11753e807b806e4a153321208a3acd1ce41455057664,True,"fresh file hash binding; existing R index/seed audit reused, not rerun",/Users/lzhs/Documents/cnm/tasks/01_R_analysis/CMAverse_恢复工程_20260927/next_phase/PLAN13_全稿实证复核与修订_20260929/exploratory_specification_search_20261005_v1/relativeX_binaryM_B200_batch09/FEAS_134/METRICS.rds,e44d64ee0a9edc8d269657f4feb420d081e3819199d751de0e7240ae34db3c60,3361
FEAS_135,/Users/lzhs/Documents/cnm/tasks/01_R_analysis/CMAverse_恢复工程_20260927/next_phase/PLAN13_全稿实证复核与修订_20260929/exploratory_specification_search_20261005_v1/relativeX_binaryM_B200_batch09/FEAS_135/FEAS_135/execution_inputs.rds,1915004,076bdd43cbda7e9e9a10e9a7f794f8d42e7aa55d342c3598165d5e0a0768c43f,actual_execution_inputs,/Users/lzhs/Documents/cnm/tasks/01_R_analysis/CMAverse_恢复工程_20260927/next_phase/PLAN13_全稿实证复核与修订_20260929/exploratory_specification_search_20261005_v1/limited_followup_20261006_v1/numerical_closeout_20261006_v1/search_audit/INDEX_AUDIT.csv,eacb3cb891caeecf241f11753e807b806e4a153321208a3acd1ce41455057664,True,"fresh file hash binding; existing R index/seed audit reused, not rerun",/Users/lzhs/Documents/cnm/tasks/01_R_analysis/CMAverse_恢复工程_20260927/next_phase/PLAN13_全稿实证复核与修订_20260929/exploratory_specification_search_20261005_v1/relativeX_binaryM_B200_batch09/FEAS_135/METRICS.rds,145f4a986f459b06b2cd473752294d804d7128bf1e60ba5138f5f959c6b7c029,3344
FEAS_136,/Users/lzhs/Documents/cnm/tasks/01_R_analysis/CMAverse_恢复工程_20260927/next_phase/PLAN13_全稿实证复核与修订_20260929/exploratory_specification_search_20261005_v1/binary_expanded_B200_batch03/FEAS_136/FEAS_136/execution_inputs.rds,3125733,0c0067390dd52a96ccb6a406a6a63abcb35f58563aa49b2a607784b92b690916,actual_execution_inputs,/Users/lzhs/Documents/cnm/tasks/01_R_analysis/CMAverse_恢复工程_20260927/next_phase/PLAN13_全稿实证复核与修订_20260929/exploratory_specification_search_20261005_v1/limited_followup_20261006_v1/numerical_closeout_20261006_v1/search_audit/INDEX_AUDIT.csv,eacb3cb891caeecf241f11753e807b806e4a153321208a3acd1ce41455057664,True,"fresh file hash binding; existing R index/seed audit reused, not rerun",/Users/lzhs/Documents/cnm/tasks/01_R_analysis/CMAverse_恢复工程_20260927/next_phase/PLAN13_全稿实证复核与修订_20260929/exploratory_specification_search_20261005_v1/binary_expanded_B200_batch03/FEAS_136/METRICS.rds,3e78dd97d3eb58903631facacdd4bbd3a00b5975a8ecf99cb6888f641d8a96ea,3347
FEAS_137,/Users/lzhs/Documents/cnm/tasks/01_R_analysis/CMAverse_恢复工程_20260927/next_phase/PLAN13_全稿实证复核与修订_20260929/exploratory_specification_search_20261005_v1/absolute_continuousX_binaryM_B200_batch05/FEAS_137/FEAS_137/execution_inputs.rds,1896214,5ecf72f770cdde23ac17555c47f78b13ee3f91d1ebec04d64bc20daa4e0227e2,actual_execution_inputs,/Users/lzhs/Documents/cnm/tasks/01_R_analysis/CMAverse_恢复工程_20260927/next_phase/PLAN13_全稿实证复核与修订_20260929/exploratory_specification_search_20261005_v1/limited_followup_20261006_v1/numerical_closeout_20261006_v1/search_audit/INDEX_AUDIT.csv,eacb3cb891caeecf241f11753e807b806e4a153321208a3acd1ce41455057664,True,"fresh file hash binding; existing R index/seed audit reused, not rerun",/Users/lzhs/Documents/cnm/tasks/01_R_analysis/CMAverse_恢复工程_20260927/next_phase/PLAN13_全稿实证复核与修订_20260929/exploratory_specification_search_20261005_v1/absolute_continuousX_binaryM_B200_batch05/FEAS_137/METRICS.rds,f9fcaecd05323ea7dcc48e6c6efcda8826fbfe6b516d9919b4460076004358c2,3358
FEAS_138,/Users/lzhs/Documents/cnm/tasks/01_R_analysis/CMAverse_恢复工程_20260927/next_phase/PLAN13_全稿实证复核与修订_20260929/exploratory_specification_search_20261005_v1/absolute_continuousX_binaryM_B200_batch05/FEAS_138/FEAS_138/execution_inputs.rds,2154397,a16f96729706d5858f82d8af61fa4b9c76c7d9761e7d570a4bf7bd91ce1f95bd,actual_execution_inputs,/Users/lzhs/Documents/cnm/tasks/01_R_analysis/CMAverse_恢复工程_20260927/next_phase/PLAN13_全稿实证复核与修订_20260929/exploratory_specification_search_20261005_v1/limited_followup_20261006_v1/numerical_closeout_20261006_v1/search_audit/INDEX_AUDIT.csv,eacb3cb891caeecf241f11753e807b806e4a153321208a3acd1ce41455057664,True,"fresh file hash binding; existing R index/seed audit reused, not rerun",/Users/lzhs/Documents/cnm/tasks/01_R_analysis/CMAverse_恢复工程_20260927/next_phase/PLAN13_全稿实证复核与修订_20260929/exploratory_specification_search_20261005_v1/absolute_continuousX_binaryM_B200_batch05/FEAS_138/METRICS.rds,382f920bda642c34f069887529b60278d43b4c4b123bc07f7e8ab61ffa163aad,3336
FEAS_139,/Users/lzhs/Documents/cnm/tasks/01_R_analysis/CMAverse_恢复工程_20260927/next_phase/PLAN13_全稿实证复核与修订_20260929/exploratory_specification_search_20261005_v1/relativeX_binaryM_B200_batch09/FEAS_139/FEAS_139/execution_inputs.rds,1628508,072ca8f4e8cc1f9d473741cc24ccafdfe206596902ccdddd32ca0819f30d44ae,actual_execution_inputs,/Users/lzhs/Documents/cnm/tasks/01_R_analysis/CMAverse_恢复工程_20260927/next_phase/PLAN13_全稿实证复核与修订_20260929/exploratory_specification_search_20261005_v1/limited_followup_20261006_v1/numerical_closeout_20261006_v1/search_audit/INDEX_AUDIT.csv,eacb3cb891caeecf241f11753e807b806e4a153321208a3acd1ce41455057664,True,"fresh file hash binding; existing R index/seed audit reused, not rerun",/Users/lzhs/Documents/cnm/tasks/01_R_analysis/CMAverse_恢复工程_20260927/next_phase/PLAN13_全稿实证复核与修订_20260929/exploratory_specification_search_20261005_v1/relativeX_binaryM_B200_batch09/FEAS_139/METRICS.rds,f32f8f19796f4b2597e69db46ef9de9766c086ec42d773244fc0cb50a29e1854,3371
FEAS_140,/Users/lzhs/Documents/cnm/tasks/01_R_analysis/CMAverse_恢复工程_20260927/next_phase/PLAN13_全稿实证复核与修订_20260929/exploratory_specification_search_20261005_v1/relativeX_binaryM_B200_batch09/FEAS_140/FEAS_140/execution_inputs.rds,1901427,cec38f063ce3197d5294149bacebec52ecab4c7b913b1bc1e63ebd61ee39517a,actual_execution_inputs,/Users/lzhs/Documents/cnm/tasks/01_R_analysis/CMAverse_恢复工程_20260927/next_phase/PLAN13_全稿实证复核与修订_20260929/exploratory_specification_search_20261005_v1/limited_followup_20261006_v1/numerical_closeout_20261006_v1/search_audit/INDEX_AUDIT.csv,eacb3cb891caeecf241f11753e807b806e4a153321208a3acd1ce41455057664,True,"fresh file hash binding; existing R index/seed audit reused, not rerun",/Users/lzhs/Documents/cnm/tasks/01_R_analysis/CMAverse_恢复工程_20260927/next_phase/PLAN13_全稿实证复核与修订_20260929/exploratory_specification_search_20261005_v1/relativeX_binaryM_B200_batch09/FEAS_140/METRICS.rds,72ec3122181581a036e8212b91511d4b245d91729cdc5b90b4edf3cd13b711c3,3321
FEAS_141,/Users/lzhs/Documents/cnm/tasks/01_R_analysis/CMAverse_恢复工程_20260927/next_phase/PLAN13_全稿实证复核与修订_20260929/exploratory_specification_search_20261005_v1/relative_continuousM_B200_batch06/FEAS_141/FEAS_141/execution_inputs.rds,4240006,faad845117767a998fc82162dd691d3f07a94bfaa4093f3256825c4192618d37,actual_execution_inputs,/Users/lzhs/Documents/cnm/tasks/01_R_analysis/CMAverse_恢复工程_20260927/next_phase/PLAN13_全稿实证复核与修订_20260929/exploratory_specification_search_20261005_v1/limited_followup_20261006_v1/numerical_closeout_20261006_v1/search_audit/INDEX_AUDIT.csv,eacb3cb891caeecf241f11753e807b806e4a153321208a3acd1ce41455057664,True,"fresh file hash binding; existing R index/seed audit reused, not rerun",/Users/lzhs/Documents/cnm/tasks/01_R_analysis/CMAverse_恢复工程_20260927/next_phase/PLAN13_全稿实证复核与修订_20260929/exploratory_specification_search_20261005_v1/relative_continuousM_B200_batch06/FEAS_141/METRICS.rds,f65d55d0404e590ab131135ea597fa785e329bd5ca6735ca7201839f272f6eee,3329
FEAS_142,/Users/lzhs/Documents/cnm/tasks/01_R_analysis/CMAverse_恢复工程_20260927/next_phase/PLAN13_全稿实证复核与修订_20260929/exploratory_specification_search_20261005_v1/relative_continuousM_B200_batch06/FEAS_142/FEAS_142/execution_inputs.rds,2534632,1151ceec9a9292ca5ca50810067eaeb49af5a4033588aa78c4ca13fb98462335,actual_execution_inputs,/Users/lzhs/Documents/cnm/tasks/01_R_analysis/CMAverse_恢复工程_20260927/next_phase/PLAN13_全稿实证复核与修订_20260929/exploratory_specification_search_20261005_v1/limited_followup_20261006_v1/numerical_closeout_20261006_v1/search_audit/INDEX_AUDIT.csv,eacb3cb891caeecf241f11753e807b806e4a153321208a3acd1ce41455057664,True,"fresh file hash binding; existing R index/seed audit reused, not rerun",/Users/lzhs/Documents/cnm/tasks/01_R_analysis/CMAverse_恢复工程_20260927/next_phase/PLAN13_全稿实证复核与修订_20260929/exploratory_specification_search_20261005_v1/relative_continuousM_B200_batch06/FEAS_142/METRICS.rds,9d917aea6fe1ea5840b8ff507d4d667e15d12964c06be47261276bf4ccd1da53,3321
FEAS_143,/Users/lzhs/Documents/cnm/tasks/01_R_analysis/CMAverse_恢复工程_20260927/next_phase/PLAN13_全稿实证复核与修订_20260929/exploratory_specification_search_20261005_v1/relative_continuousM_B200_batch06/FEAS_143/FEAS_143/execution_inputs.rds,2886828,646385c081ebd81273c02c9bceda52ddeb1785337ff729094e6f8c31d4da47c2,actual_execution_inputs,/Users/lzhs/Documents/cnm/tasks/01_R_analysis/CMAverse_恢复工程_20260927/next_phase/PLAN13_全稿实证复核与修订_20260929/exploratory_specification_search_20261005_v1/limited_followup_20261006_v1/numerical_closeout_20261006_v1/search_audit/INDEX_AUDIT.csv,eacb3cb891caeecf241f11753e807b806e4a153321208a3acd1ce41455057664,True,"fresh file hash binding; existing R index/seed audit reused, not rerun",/Users/lzhs/Documents/cnm/tasks/01_R_analysis/CMAverse_恢复工程_20260927/next_phase/PLAN13_全稿实证复核与修订_20260929/exploratory_specification_search_20261005_v1/relative_continuousM_B200_batch06/FEAS_143/METRICS.rds,d66e7f7cb05bad446cd77d7817a2cda9e49c4440d43805d99e1dff7768b93026,3320
FEAS_144,/Users/lzhs/Documents/cnm/tasks/01_R_analysis/CMAverse_恢复工程_20260927/next_phase/PLAN13_全稿实证复核与修订_20260929/exploratory_specification_search_20261005_v1/relative_continuousM_B200_batch06/FEAS_144/FEAS_144/execution_inputs.rds,2321829,fa880fea3c07a2fdf8b1c3ada6326ef1cc3a35e82104a0cb82ee747892d08d4d,actual_execution_inputs,/Users/lzhs/Documents/cnm/tasks/01_R_analysis/CMAverse_恢复工程_20260927/next_phase/PLAN13_全稿实证复核与修订_20260929/exploratory_specification_search_20261005_v1/limited_followup_20261006_v1/numerical_closeout_20261006_v1/search_audit/INDEX_AUDIT.csv,eacb3cb891caeecf241f11753e807b806e4a153321208a3acd1ce41455057664,True,"fresh file hash binding; existing R index/seed audit reused, not rerun",/Users/lzhs/Documents/cnm/tasks/01_R_analysis/CMAverse_恢复工程_20260927/next_phase/PLAN13_全稿实证复核与修订_20260929/exploratory_specification_search_20261005_v1/relative_continuousM_B200_batch06/FEAS_144/METRICS.rds,f4da83ec3b5235bcea7dac88dc6347354807db4fedece93719113db338546488,3335
FEAS_145,/Users/lzhs/Documents/cnm/tasks/01_R_analysis/CMAverse_恢复工程_20260927/next_phase/PLAN13_全稿实证复核与修订_20260929/exploratory_specification_search_20261005_v1/relative_continuousM_B200_batch07_recovery_v1/FEAS_145/FEAS_145/execution_inputs.rds,2560285,fb2b5d1031dfdbee9855b39f1768e889629d1a2c514de45be466ef62527b70a4,actual_execution_inputs,/Users/lzhs/Documents/cnm/tasks/01_R_analysis/CMAverse_恢复工程_20260927/next_phase/PLAN13_全稿实证复核与修订_20260929/exploratory_specification_search_20261005_v1/limited_followup_20261006_v1/numerical_closeout_20261006_v1/search_audit/INDEX_AUDIT.csv,eacb3cb891caeecf241f11753e807b806e4a153321208a3acd1ce41455057664,True,"fresh file hash binding; existing R index/seed audit reused, not rerun",/Users/lzhs/Documents/cnm/tasks/01_R_analysis/CMAverse_恢复工程_20260927/next_phase/PLAN13_全稿实证复核与修订_20260929/exploratory_specification_search_20261005_v1/relative_continuousM_B200_batch07_recovery_v1/FEAS_145/METRICS.rds,9d330a78af4de0a72ffb23cb0ad308a10ed3cfb14eef3887bc3562a2d0817303,3310
FEAS_146,/Users/lzhs/Documents/cnm/tasks/01_R_analysis/CMAverse_恢复工程_20260927/next_phase/PLAN13_全稿实证复核与修订_20260929/exploratory_specification_search_20261005_v1/relative_continuousM_B200_batch07_recovery_v1/FEAS_146/FEAS_146/execution_inputs.rds,4240012,fbe858ffa681eb88091f6290144cac7c812a79d0d50890047e338be81f83e682,actual_execution_inputs,/Users/lzhs/Documents/cnm/tasks/01_R_analysis/CMAverse_恢复工程_20260927/next_phase/PLAN13_全稿实证复核与修订_20260929/exploratory_specification_search_20261005_v1/limited_followup_20261006_v1/numerical_closeout_20261006_v1/search_audit/INDEX_AUDIT.csv,eacb3cb891caeecf241f11753e807b806e4a153321208a3acd1ce41455057664,True,"fresh file hash binding; existing R index/seed audit reused, not rerun",/Users/lzhs/Documents/cnm/tasks/01_R_analysis/CMAverse_恢复工程_20260927/next_phase/PLAN13_全稿实证复核与修订_20260929/exploratory_specification_search_20261005_v1/relative_continuousM_B200_batch07_recovery_v1/FEAS_146/METRICS.rds,8e6be431f3eaa370a5f7578da03f381368f8744e2609ba48dc1423527aff5750,3323
FEAS_147,/Users/lzhs/Documents/cnm/tasks/01_R_analysis/CMAverse_恢复工程_20260927/next_phase/PLAN13_全稿实证复核与修订_20260929/exploratory_specification_search_20261005_v1/relative_continuousM_B200_batch07_recovery_v1/FEAS_147/FEAS_147/execution_inputs.rds,2534639,22b8056eeb72311494c2ad2f0699ef35ec0cb29d90534dd469410668bae891be,actual_execution_inputs,/Users/lzhs/Documents/cnm/tasks/01_R_analysis/CMAverse_恢复工程_20260927/next_phase/PLAN13_全稿实证复核与修订_20260929/exploratory_specification_search_20261005_v1/limited_followup_20261006_v1/numerical_closeout_20261006_v1/search_audit/INDEX_AUDIT.csv,eacb3cb891caeecf241f11753e807b806e4a153321208a3acd1ce41455057664,True,"fresh file hash binding; existing R index/seed audit reused, not rerun",/Users/lzhs/Documents/cnm/tasks/01_R_analysis/CMAverse_恢复工程_20260927/next_phase/PLAN13_全稿实证复核与修订_20260929/exploratory_specification_search_20261005_v1/relative_continuousM_B200_batch07_recovery_v1/FEAS_147/METRICS.rds,014a45ad9687cde9a3158efa699d15d40dbb229b02afd8cae05ad74761628efc,3324
FEAS_148,/Users/lzhs/Documents/cnm/tasks/01_R_analysis/CMAverse_恢复工程_20260927/next_phase/PLAN13_全稿实证复核与修订_20260929/exploratory_specification_search_20261005_v1/relative_continuousM_B200_batch07_recovery_v1/FEAS_148/FEAS_148/execution_inputs.rds,2886836,56b0113e0649369ed192e1d7923c91d35acef614bc36bc28753afbd624db054f,actual_execution_inputs,/Users/lzhs/Documents/cnm/tasks/01_R_analysis/CMAverse_恢复工程_20260927/next_phase/PLAN13_全稿实证复核与修订_20260929/exploratory_specification_search_20261005_v1/limited_followup_20261006_v1/numerical_closeout_20261006_v1/search_audit/INDEX_AUDIT.csv,eacb3cb891caeecf241f11753e807b806e4a153321208a3acd1ce41455057664,True,"fresh file hash binding; existing R index/seed audit reused, not rerun",/Users/lzhs/Documents/cnm/tasks/01_R_analysis/CMAverse_恢复工程_20260927/next_phase/PLAN13_全稿实证复核与修订_20260929/exploratory_specification_search_20261005_v1/relative_continuousM_B200_batch07_recovery_v1/FEAS_148/METRICS.rds,d1e15ff3887adc59ee9a8c727cb47d4b63802c59b269e5aa61caf718f52c4d81,3316
FEAS_149,/Users/lzhs/Documents/cnm/tasks/01_R_analysis/CMAverse_恢复工程_20260927/next_phase/PLAN13_全稿实证复核与修订_20260929/exploratory_specification_search_20261005_v1/relative_continuousM_B200_batch08/FEAS_149/FEAS_149/execution_inputs.rds,2321835,3ccb40e1eb2a9927b0c3375072e99f21c8a8f0156b8ca38e367ad6341f4a5855,actual_execution_inputs,/Users/lzhs/Documents/cnm/tasks/01_R_analysis/CMAverse_恢复工程_20260927/next_phase/PLAN13_全稿实证复核与修订_20260929/exploratory_specification_search_20261005_v1/limited_followup_20261006_v1/numerical_closeout_20261006_v1/search_audit/INDEX_AUDIT.csv,eacb3cb891caeecf241f11753e807b806e4a153321208a3acd1ce41455057664,True,"fresh file hash binding; existing R index/seed audit reused, not rerun",/Users/lzhs/Documents/cnm/tasks/01_R_analysis/CMAverse_恢复工程_20260927/next_phase/PLAN13_全稿实证复核与修订_20260929/exploratory_specification_search_20261005_v1/relative_continuousM_B200_batch08/FEAS_149/METRICS.rds,215692b92ffd8fa12fa2606bfc8ad9282cf9d9e6f4f00aa0e6efed789c9348dd,3345
FEAS_150,/Users/lzhs/Documents/cnm/tasks/01_R_analysis/CMAverse_恢复工程_20260927/next_phase/PLAN13_全稿实证复核与修订_20260929/exploratory_specification_search_20261005_v1/relative_continuousM_B200_batch08/FEAS_150/FEAS_150/execution_inputs.rds,2560295,1f0eef2ed9cdb0d53b9da1a122eab147eb571eaada0d32749901279cd61d1c50,actual_execution_inputs,/Users/lzhs/Documents/cnm/tasks/01_R_analysis/CMAverse_恢复工程_20260927/next_phase/PLAN13_全稿实证复核与修订_20260929/exploratory_specification_search_20261005_v1/limited_followup_20261006_v1/numerical_closeout_20261006_v1/search_audit/INDEX_AUDIT.csv,eacb3cb891caeecf241f11753e807b806e4a153321208a3acd1ce41455057664,True,"fresh file hash binding; existing R index/seed audit reused, not rerun",/Users/lzhs/Documents/cnm/tasks/01_R_analysis/CMAverse_恢复工程_20260927/next_phase/PLAN13_全稿实证复核与修订_20260929/exploratory_specification_search_20261005_v1/relative_continuousM_B200_batch08/FEAS_150/METRICS.rds,f4ba9e70f652d0f57fe04fe2ba544ff145d0ee7b76cc6f26b4fe30ad37b1a17a,3317
