"draw","component","old_valid","new_valid","max_abs_difference"
1,"probability",TRUE,TRUE,0
1,"original",TRUE,TRUE,0.000743668113592832
1,"capped",TRUE,TRUE,0.000722224202306165
2,"probability",TRUE,TRUE,0
2,"original",TRUE,TRUE,0.00171482028496683
2,"capped",TRUE,TRUE,0.00150379731145023
3,"probability",TRUE,TRUE,0
3,"original",TRUE,TRUE,0.00787401384522468
3,"capped",TRUE,TRUE,0.000779757189366848
4,"probability",TRUE,TRUE,0
4,"original",TRUE,TRUE,0.00351826340448014
4,"capped",TRUE,TRUE,0.00123847014699408
5,"probability",TRUE,TRUE,0
5,"original",TRUE,TRUE,0.00218782410858864
5,"capped",TRUE,TRUE,0.0010412338296959
6,"probability",TRUE,TRUE,0
6,"original",TRUE,TRUE,0.00326520573799804
6,"capped",TRUE,TRUE,0.00153952442552097
7,"probability",TRUE,TRUE,0
7,"original",TRUE,TRUE,0.00022471691062087
7,"capped",TRUE,TRUE,0.000455495631308978
8,"probability",TRUE,TRUE,0
8,"original",TRUE,TRUE,0.00259130121735751
8,"capped",TRUE,TRUE,0.00164387203891536
9,"probability",TRUE,TRUE,0
9,"original",TRUE,TRUE,0.00370496516413255
9,"capped",TRUE,TRUE,0.0011296267171943
10,"probability",TRUE,TRUE,0
10,"original",TRUE,TRUE,0.000487348713527069
10,"capped",TRUE,TRUE,0.00106660442826012
11,"probability",TRUE,TRUE,0
11,"original",TRUE,TRUE,0.00303407524827293
11,"capped",TRUE,TRUE,0.00190457467451921
12,"probability",TRUE,TRUE,0
12,"original",TRUE,TRUE,0.000718617015493805
12,"capped",TRUE,TRUE,0.000948968038578357
13,"probability",TRUE,TRUE,0
13,"original",TRUE,TRUE,0.000647856266361657
13,"capped",TRUE,TRUE,0.000264564015086677
14,"probability",TRUE,TRUE,0
14,"original",TRUE,TRUE,0.00305774186255547
14,"capped",TRUE,TRUE,0.000904516895424479
15,"probability",TRUE,TRUE,0
15,"original",TRUE,TRUE,0.00528562711381397
15,"capped",TRUE,TRUE,0.00181729866859826
16,"probability",TRUE,TRUE,0
16,"original",TRUE,TRUE,0.007757955152357
16,"capped",TRUE,TRUE,0.00224071717650531
17,"probability",TRUE,TRUE,0
17,"original",TRUE,TRUE,0.00784044365116188
17,"capped",TRUE,TRUE,0.00165496697407974
18,"probability",TRUE,TRUE,0
18,"original",TRUE,TRUE,0.00133124875607393
18,"capped",TRUE,TRUE,0.00085921092261998
19,"probability",TRUE,TRUE,0
19,"original",TRUE,TRUE,0.00567181630447422
19,"capped",TRUE,TRUE,0.00144291065081603
20,"probability",TRUE,TRUE,0
20,"original",TRUE,TRUE,0.00073383992323528
20,"capped",TRUE,TRUE,0.000334933964548867
21,"probability",TRUE,TRUE,0
21,"original",TRUE,TRUE,0.00123433092830538
21,"capped",TRUE,TRUE,0.000830322050468624
22,"probability",TRUE,TRUE,0
22,"original",TRUE,TRUE,0.00114731015884217
22,"capped",TRUE,TRUE,0.00119676208229436
23,"probability",TRUE,TRUE,0
23,"original",TRUE,TRUE,0.0011158674336329
23,"capped",TRUE,TRUE,0.00197022054416252
24,"probability",TRUE,TRUE,0
24,"original",TRUE,TRUE,0.001136399372486
24,"capped",TRUE,TRUE,0.00148200466469461
25,"probability",TRUE,TRUE,0
25,"original",TRUE,TRUE,0.00215226182536199
25,"capped",TRUE,TRUE,0.000949234798149234
26,"probability",TRUE,TRUE,0
26,"original",TRUE,TRUE,0.00160917514519099
26,"capped",TRUE,TRUE,0.00135290037865232
27,"probability",TRUE,TRUE,0
27,"original",TRUE,TRUE,0.0071917128381962
27,"capped",TRUE,TRUE,0.000142414494352039
28,"probability",TRUE,TRUE,0
28,"original",TRUE,TRUE,0.00370627839332371
28,"capped",TRUE,TRUE,0.000680456287952325
29,"probability",TRUE,TRUE,0
29,"original",TRUE,TRUE,0.000718562063937611
29,"capped",TRUE,TRUE,0.000550571377161191
30,"probability",TRUE,TRUE,0
30,"original",TRUE,TRUE,0.00105993548717009
30,"capped",TRUE,TRUE,0.000450037986638563
31,"probability",TRUE,TRUE,0
31,"original",TRUE,TRUE,0.00265598107268028
31,"capped",TRUE,TRUE,0.000489235649872799
32,"probability",TRUE,TRUE,0
32,"original",TRUE,TRUE,0.00533871791477836
32,"capped",TRUE,TRUE,0.00235253200343166
33,"probability",TRUE,TRUE,0
33,"original",FALSE,TRUE,NA
33,"capped",TRUE,TRUE,0.000814503000487576
34,"probability",TRUE,TRUE,0
34,"original",TRUE,TRUE,0.00429809132191217
34,"capped",TRUE,TRUE,0.000833812645616661
35,"probability",TRUE,TRUE,0
35,"original",TRUE,TRUE,0.00456705108096145
35,"capped",TRUE,TRUE,0.00363197571648044
36,"probability",TRUE,TRUE,0
36,"original",TRUE,TRUE,0.00472121045522655
36,"capped",TRUE,TRUE,0.00308683639861584
37,"probability",TRUE,TRUE,0
37,"original",TRUE,TRUE,0.0119367949506319
37,"capped",TRUE,TRUE,0.00202675918120576
38,"probability",TRUE,TRUE,0
38,"original",TRUE,TRUE,0.00319392889989345
38,"capped",TRUE,TRUE,0.00185339358378656
39,"probability",TRUE,TRUE,0
39,"original",TRUE,TRUE,0.00241340915867028
39,"capped",TRUE,TRUE,0.000829866900623699
40,"probability",TRUE,TRUE,0
40,"original",TRUE,TRUE,0.00427227780192396
40,"capped",TRUE,TRUE,0.0014612937391405
41,"probability",TRUE,TRUE,0
41,"original",TRUE,TRUE,0.00213527332041963
41,"capped",TRUE,TRUE,0.000788585868949809
42,"probability",TRUE,TRUE,0
42,"original",TRUE,TRUE,0.00418001778332666
42,"capped",TRUE,TRUE,0.00111614627256529
43,"probability",TRUE,TRUE,0
43,"original",TRUE,TRUE,0.00397750704539668
43,"capped",TRUE,TRUE,0.00200306937458805
44,"probability",TRUE,TRUE,0
44,"original",TRUE,TRUE,0.00149442287381873
44,"capped",TRUE,TRUE,0.000869589462364928
45,"probability",TRUE,TRUE,0
45,"original",TRUE,TRUE,0.00159863453896847
45,"capped",TRUE,TRUE,0.00111121936066638
46,"probability",TRUE,TRUE,0
46,"original",TRUE,TRUE,0.00337419353400392
46,"capped",TRUE,TRUE,0.000283735425327336
47,"probability",TRUE,TRUE,0
47,"original",TRUE,TRUE,0.00139653479795143
47,"capped",TRUE,TRUE,0.00136126829344718
48,"probability",TRUE,TRUE,0
48,"original",TRUE,TRUE,0.00507488567146908
48,"capped",TRUE,TRUE,0.00197604621773095
49,"probability",TRUE,TRUE,0
49,"original",TRUE,TRUE,0.00229115336573216
49,"capped",TRUE,TRUE,0.0010496950597485
50,"probability",TRUE,TRUE,0
50,"original",TRUE,TRUE,0.00212604229840352
50,"capped",TRUE,TRUE,0.00105468095768035
51,"probability",TRUE,TRUE,0
51,"original",TRUE,TRUE,0.00402780319937079
51,"capped",TRUE,TRUE,0.00166735595631451
52,"probability",TRUE,TRUE,0
52,"original",TRUE,TRUE,0.00549442592351923
52,"capped",TRUE,TRUE,0.00148764762781362
53,"probability",TRUE,TRUE,0
53,"original",TRUE,TRUE,0.000902809525310744
53,"capped",TRUE,TRUE,0.000673212349077801
54,"probability",TRUE,TRUE,0
54,"original",TRUE,TRUE,0.00433315978240145
54,"capped",TRUE,TRUE,0.000703667290306242
55,"probability",TRUE,TRUE,0
55,"original",TRUE,TRUE,0.00364248941072631
55,"capped",TRUE,TRUE,0.00097141900674913
56,"probability",TRUE,TRUE,0
56,"original",TRUE,TRUE,0.0029593644699375
56,"capped",TRUE,TRUE,0.00113259969280222
57,"probability",TRUE,TRUE,0
57,"original",TRUE,TRUE,0.00370557433221563
57,"capped",TRUE,TRUE,0.00283968250689881
58,"probability",TRUE,TRUE,0
58,"original",TRUE,TRUE,0.00218560549075519
58,"capped",TRUE,TRUE,0.00235115177131107
59,"probability",TRUE,TRUE,0
59,"original",TRUE,TRUE,0.00275206446413634
59,"capped",TRUE,TRUE,0.00414974060653606
60,"probability",TRUE,TRUE,0
60,"original",TRUE,TRUE,0.00386227596096944
60,"capped",TRUE,TRUE,0.00395803239622694
61,"probability",TRUE,TRUE,0
61,"original",TRUE,TRUE,0.00156556580884626
61,"capped",TRUE,TRUE,0.000321664905861496
62,"probability",TRUE,TRUE,0
62,"original",TRUE,TRUE,0.00183324684658714
62,"capped",TRUE,TRUE,0.00203032595315022
63,"probability",TRUE,TRUE,0
63,"original",TRUE,TRUE,0.000919695646702579
63,"capped",TRUE,TRUE,0.000668187383453756
64,"probability",TRUE,TRUE,0
64,"original",TRUE,TRUE,0.000558713265242261
64,"capped",TRUE,TRUE,0.00195966115620649
65,"probability",TRUE,TRUE,0
65,"original",TRUE,TRUE,0.000462939993390421
65,"capped",TRUE,TRUE,0.00088243061070159
66,"probability",TRUE,TRUE,0
66,"original",TRUE,TRUE,0.00175016580196896
66,"capped",TRUE,TRUE,0.00210572772687456
67,"probability",TRUE,TRUE,0
67,"original",TRUE,TRUE,0.00667047439046087
67,"capped",TRUE,TRUE,0.00110690716724093
68,"probability",TRUE,TRUE,0
68,"original",TRUE,TRUE,0.00210289658584983
68,"capped",TRUE,TRUE,0.00133736802670725
69,"probability",TRUE,TRUE,0
69,"original",TRUE,TRUE,0.00242414688609927
69,"capped",TRUE,TRUE,0.00105344014010456
70,"probability",TRUE,TRUE,0
70,"original",TRUE,TRUE,0.00152164026555468
70,"capped",TRUE,TRUE,0.00072254111700687
71,"probability",TRUE,TRUE,0
71,"original",TRUE,TRUE,0.00270187565840274
71,"capped",TRUE,TRUE,0.000979043260251444
72,"probability",TRUE,TRUE,0
72,"original",TRUE,TRUE,0.00294402694590801
72,"capped",TRUE,TRUE,0.000331605065682083
73,"probability",TRUE,TRUE,0
73,"original",TRUE,TRUE,0.00310753331257629
73,"capped",TRUE,TRUE,0.00157238566098883
74,"probability",TRUE,TRUE,0
74,"original",TRUE,TRUE,0.00306582003292277
74,"capped",TRUE,TRUE,0.00299336315873333
75,"probability",TRUE,TRUE,0
75,"original",TRUE,TRUE,0.00202249900500817
75,"capped",TRUE,TRUE,0.000644608888260123
76,"probability",TRUE,TRUE,0
76,"original",TRUE,TRUE,0.00831679797395424
76,"capped",TRUE,TRUE,0.000601824019108577
77,"probability",TRUE,TRUE,0
77,"original",TRUE,TRUE,0.00377102142440577
77,"capped",TRUE,TRUE,0.000523248383672126
78,"probability",TRUE,TRUE,0
78,"original",TRUE,TRUE,0.00668497129052881
78,"capped",TRUE,TRUE,0.000894613289418089
79,"probability",TRUE,TRUE,0
79,"original",TRUE,TRUE,0.00194597289263498
79,"capped",TRUE,TRUE,0.000861939662755162
80,"probability",TRUE,TRUE,0
80,"original",TRUE,TRUE,0.00226967312411119
80,"capped",TRUE,TRUE,0.000745354599892778
81,"probability",TRUE,TRUE,0
81,"original",TRUE,TRUE,0.00583720860392489
81,"capped",TRUE,TRUE,0.00211491379698359
82,"probability",TRUE,TRUE,0
82,"original",TRUE,TRUE,0.0022289595879954
82,"capped",TRUE,TRUE,0.000259276515073736
83,"probability",TRUE,TRUE,0
83,"original",TRUE,TRUE,0.00091844962967258
83,"capped",TRUE,TRUE,0.000662180621375796
84,"probability",TRUE,TRUE,0
84,"original",TRUE,TRUE,0.00170492591269067
84,"capped",TRUE,TRUE,0.00425671529480098
85,"probability",TRUE,TRUE,0
85,"original",TRUE,TRUE,0.00142568639221707
85,"capped",TRUE,TRUE,0.000804170895925438
86,"probability",TRUE,TRUE,0
86,"original",TRUE,TRUE,0.00166685400746758
86,"capped",TRUE,TRUE,0.00295428256616503
87,"probability",TRUE,TRUE,0
87,"original",TRUE,TRUE,0.00250036069350301
87,"capped",TRUE,TRUE,0.00205979073490781
88,"probability",TRUE,TRUE,0
88,"original",TRUE,TRUE,0.00273615183531462
88,"capped",TRUE,TRUE,0.000139541763665818
89,"probability",TRUE,TRUE,0
89,"original",TRUE,TRUE,0.000111388542201496
89,"capped",TRUE,TRUE,0.00107078863137389
90,"probability",TRUE,TRUE,0
90,"original",TRUE,TRUE,0.00177299706665224
90,"capped",TRUE,TRUE,0.00105956323724143
91,"probability",TRUE,TRUE,0
91,"original",TRUE,TRUE,0.00299039317436467
91,"capped",TRUE,TRUE,0.0006433951200151
92,"probability",TRUE,TRUE,0
92,"original",TRUE,TRUE,0.00629347995623419
92,"capped",TRUE,TRUE,0.000296244597841167
93,"probability",TRUE,TRUE,0
93,"original",TRUE,TRUE,0.00976811717575643
93,"capped",TRUE,TRUE,0.00147955216422169
94,"probability",TRUE,TRUE,0
94,"original",TRUE,TRUE,0.00345545333609465
94,"capped",TRUE,TRUE,0.000553701835265485
95,"probability",TRUE,TRUE,0
95,"original",TRUE,TRUE,0.0086612384905056
95,"capped",TRUE,TRUE,0.00226751507095813
96,"probability",TRUE,TRUE,0
96,"original",TRUE,TRUE,0.00147122486044537
96,"capped",TRUE,TRUE,0.00198876776588719
97,"probability",TRUE,TRUE,0
97,"original",FALSE,TRUE,NA
97,"capped",TRUE,TRUE,0.00208148909734973
98,"probability",TRUE,TRUE,0
98,"original",TRUE,TRUE,0.00352766956261874
98,"capped",TRUE,TRUE,0.00239491764421018
99,"probability",TRUE,TRUE,0
99,"original",TRUE,TRUE,0.00127686844636887
99,"capped",TRUE,TRUE,0.000493394044671192
100,"probability",TRUE,TRUE,0
100,"original",TRUE,TRUE,0.00173699608137667
100,"capped",TRUE,TRUE,0.00298530806369257
101,"probability",TRUE,TRUE,0
101,"original",TRUE,TRUE,0.0177351202839304
101,"capped",TRUE,TRUE,0.00279218491478161
102,"probability",TRUE,TRUE,0
102,"original",TRUE,TRUE,0.00348401846992985
102,"capped",TRUE,TRUE,0.00193078282810433
103,"probability",TRUE,TRUE,0
103,"original",TRUE,TRUE,0.00681121035271559
103,"capped",TRUE,TRUE,0.0010485865831722
104,"probability",TRUE,TRUE,0
104,"original",TRUE,TRUE,0.0067449523113936
104,"capped",TRUE,TRUE,0.00321817867902041
105,"probability",TRUE,TRUE,0
105,"original",TRUE,TRUE,0.00886173897998788
105,"capped",TRUE,TRUE,0.00081857941546204
106,"probability",TRUE,TRUE,0
106,"original",TRUE,TRUE,0.000916479174975393
106,"capped",TRUE,TRUE,0.0012909998532411
107,"probability",TRUE,TRUE,0
107,"original",TRUE,TRUE,0.0052847492266892
107,"capped",TRUE,TRUE,0.0033389530781136
108,"probability",TRUE,TRUE,0
108,"original",TRUE,TRUE,0.000975601126171455
108,"capped",TRUE,TRUE,0.00120389437712376
109,"probability",TRUE,TRUE,0
109,"original",TRUE,TRUE,0.00280288348453794
109,"capped",TRUE,TRUE,0.00137837998263279
110,"probability",TRUE,TRUE,0
110,"original",TRUE,TRUE,0.00173374189959219
110,"capped",TRUE,TRUE,0.00269511323795157
111,"probability",TRUE,TRUE,0
111,"original",TRUE,TRUE,0.00707270063973553
111,"capped",TRUE,TRUE,0.000979739701534754
112,"probability",TRUE,TRUE,0
112,"original",TRUE,TRUE,0.00142334343121675
112,"capped",TRUE,TRUE,0.00209699254926754
113,"probability",TRUE,TRUE,0
113,"original",TRUE,TRUE,0.00211627183756491
113,"capped",TRUE,TRUE,0.000690936333000991
114,"probability",TRUE,TRUE,0
114,"original",TRUE,TRUE,0.00707811152919291
114,"capped",TRUE,TRUE,0.00167427317527569
115,"probability",TRUE,TRUE,0
115,"original",TRUE,TRUE,0.00654896903835223
115,"capped",TRUE,TRUE,0.000716623631035418
116,"probability",TRUE,TRUE,0
116,"original",TRUE,TRUE,0.00635718707938793
116,"capped",TRUE,TRUE,0.00181496356867683
117,"probability",TRUE,TRUE,0
117,"original",TRUE,TRUE,0.00213950592469203
117,"capped",TRUE,TRUE,0.000556498439227227
118,"probability",TRUE,TRUE,0
118,"original",TRUE,TRUE,0.00793091723215866
118,"capped",TRUE,TRUE,0.00120464890093075
119,"probability",TRUE,TRUE,0
119,"original",TRUE,TRUE,0.00161531059104902
119,"capped",TRUE,TRUE,0.00229459368175355
120,"probability",TRUE,TRUE,0
120,"original",TRUE,TRUE,0.00191929565034243
120,"capped",TRUE,TRUE,0.00110995430276617
121,"probability",TRUE,TRUE,0
121,"original",TRUE,TRUE,0.00730703483171169
121,"capped",TRUE,TRUE,0.000975169099035611
122,"probability",TRUE,TRUE,0
122,"original",TRUE,TRUE,0.00374747784367457
122,"capped",TRUE,TRUE,0.000327486020069045
123,"probability",TRUE,TRUE,0
123,"original",TRUE,TRUE,0.00326244225275119
123,"capped",TRUE,TRUE,0.00175690675324347
124,"probability",TRUE,TRUE,0
124,"original",FALSE,TRUE,NA
124,"capped",TRUE,TRUE,0.00111460781622696
125,"probability",TRUE,TRUE,0
125,"original",TRUE,TRUE,0.00206445893320506
125,"capped",TRUE,TRUE,0.00212138187579737
126,"probability",TRUE,TRUE,0
126,"original",TRUE,TRUE,0.000870645042592599
126,"capped",TRUE,TRUE,0.0010524957063538
127,"probability",TRUE,TRUE,0
127,"original",TRUE,TRUE,0.00389816819961908
127,"capped",TRUE,TRUE,0.000558712748718548
128,"probability",TRUE,TRUE,0
128,"original",TRUE,TRUE,0.00364057975869514
128,"capped",TRUE,TRUE,0.00190241429897853
129,"probability",TRUE,TRUE,0
129,"original",TRUE,TRUE,0.00318985076462042
129,"capped",TRUE,TRUE,0.000687894534273426
130,"probability",TRUE,TRUE,0
130,"original",TRUE,TRUE,0.000697183850776772
130,"capped",TRUE,TRUE,0.00223648192633874
131,"probability",TRUE,TRUE,0
131,"original",TRUE,TRUE,0.00191599061118808
131,"capped",TRUE,TRUE,0.000322724889301185
132,"probability",TRUE,TRUE,0
132,"original",TRUE,TRUE,0.000711811324393352
132,"capped",TRUE,TRUE,0.000682679622897808
133,"probability",TRUE,TRUE,0
133,"original",TRUE,TRUE,0.00119188250058144
133,"capped",TRUE,TRUE,0.000840219732207714
134,"probability",TRUE,TRUE,0
134,"original",FALSE,TRUE,NA
134,"capped",TRUE,TRUE,0.000709842582029552
135,"probability",TRUE,TRUE,0
135,"original",TRUE,TRUE,0.00309359538972842
135,"capped",TRUE,TRUE,0.000846996107534359
136,"probability",TRUE,TRUE,0
136,"original",TRUE,TRUE,0.000853995634599869
136,"capped",TRUE,TRUE,0.00112474235925575
137,"probability",TRUE,TRUE,0
137,"original",TRUE,TRUE,0.00219022933243096
137,"capped",TRUE,TRUE,0.00102928475250508
138,"probability",TRUE,TRUE,0
138,"original",TRUE,TRUE,0.00114331344897067
138,"capped",TRUE,TRUE,0.00115992692424527
139,"probability",TRUE,TRUE,0
139,"original",TRUE,TRUE,0.00148814474444947
139,"capped",TRUE,TRUE,0.00202351835163128
140,"probability",TRUE,TRUE,0
140,"original",TRUE,TRUE,0.00305673548555419
140,"capped",TRUE,TRUE,0.00120823324444075
141,"probability",TRUE,TRUE,0
141,"original",TRUE,TRUE,0.00369990730724368
141,"capped",TRUE,TRUE,0.00034239759575172
142,"probability",TRUE,TRUE,0
142,"original",TRUE,TRUE,0.0110376634712281
142,"capped",TRUE,TRUE,0.00214007826376061
143,"probability",TRUE,TRUE,0
143,"original",TRUE,TRUE,0.00103255015462445
143,"capped",TRUE,TRUE,0.000549131571714767
144,"probability",TRUE,TRUE,0
144,"original",TRUE,TRUE,0.00133258285922722
144,"capped",TRUE,TRUE,0.000759573092835808
145,"probability",TRUE,TRUE,0
145,"original",TRUE,TRUE,0.00180614889890762
145,"capped",TRUE,TRUE,0.00123321375073715
146,"probability",TRUE,TRUE,0
146,"original",TRUE,TRUE,0.0015875703462811
146,"capped",TRUE,TRUE,0.000601591778874422
147,"probability",TRUE,TRUE,0
147,"original",TRUE,TRUE,0.00362086135059414
147,"capped",TRUE,TRUE,0.00328094276040503
148,"probability",TRUE,TRUE,0
148,"original",TRUE,TRUE,0.00180658199289496
148,"capped",TRUE,TRUE,0.000566438974956895
149,"probability",TRUE,TRUE,0
149,"original",TRUE,TRUE,0.001717918921603
149,"capped",TRUE,TRUE,0.000680168240990042
150,"probability",TRUE,TRUE,0
150,"original",FALSE,TRUE,NA
150,"capped",TRUE,TRUE,0.00290784239385999
151,"probability",TRUE,TRUE,0
151,"original",TRUE,TRUE,0.00237568945016875
151,"capped",TRUE,TRUE,0.00148051638683455
152,"probability",TRUE,TRUE,0
152,"original",TRUE,TRUE,0.00373035140096434
152,"capped",TRUE,TRUE,0.00117201522681931
153,"probability",TRUE,TRUE,0
153,"original",TRUE,TRUE,0.000623962375055243
153,"capped",TRUE,TRUE,0.000509593472518333
154,"probability",TRUE,TRUE,0
154,"original",TRUE,TRUE,0.000500316662005673
154,"capped",TRUE,TRUE,0.000609993738848402
155,"probability",TRUE,TRUE,0
155,"original",TRUE,TRUE,0.00847240077940725
155,"capped",TRUE,TRUE,0.000785645015007219
156,"probability",TRUE,TRUE,0
156,"original",TRUE,TRUE,0.00902572340839214
156,"capped",TRUE,TRUE,0.00120714672277344
157,"probability",TRUE,TRUE,0
157,"original",TRUE,TRUE,0.00354373563683197
157,"capped",TRUE,TRUE,0.00121133884221081
158,"probability",TRUE,TRUE,0
158,"original",TRUE,TRUE,0.00173242451892719
158,"capped",TRUE,TRUE,0.00134584860089149
159,"probability",TRUE,TRUE,0
159,"original",TRUE,TRUE,0.00404880370415839
159,"capped",TRUE,TRUE,0.00222047893599253
160,"probability",TRUE,TRUE,0
160,"original",TRUE,TRUE,0.00569826280494112
160,"capped",TRUE,TRUE,0.00117586537466963
161,"probability",TRUE,TRUE,0
161,"original",TRUE,TRUE,0.0022617294393541
161,"capped",TRUE,TRUE,0.000157482796495856
162,"probability",TRUE,TRUE,0
162,"original",TRUE,TRUE,0.00576077994796265
162,"capped",TRUE,TRUE,0.00377330214307392
163,"probability",TRUE,TRUE,0
163,"original",TRUE,TRUE,0.00391000005512154
163,"capped",TRUE,TRUE,0.00423389443787059
164,"probability",TRUE,TRUE,0
164,"original",TRUE,TRUE,0.001362377772125
164,"capped",TRUE,TRUE,0.000274117954441877
165,"probability",TRUE,TRUE,0
165,"original",TRUE,TRUE,0.00142070930282046
165,"capped",TRUE,TRUE,0.00228924533036701
166,"probability",TRUE,TRUE,0
166,"original",TRUE,TRUE,0.00346379350496484
166,"capped",TRUE,TRUE,0.000364242848451823
167,"probability",TRUE,TRUE,0
167,"original",TRUE,TRUE,0.00188202812708482
167,"capped",TRUE,TRUE,0.000411762868210985
168,"probability",TRUE,TRUE,0
168,"original",TRUE,TRUE,0.00272820817220776
168,"capped",TRUE,TRUE,0.000517498413678652
169,"probability",TRUE,TRUE,0
169,"original",TRUE,TRUE,0.000971928525583365
169,"capped",TRUE,TRUE,0.000936074164279432
170,"probability",TRUE,TRUE,0
170,"original",TRUE,TRUE,0.00450904566860189
170,"capped",TRUE,TRUE,0.00137422247429875
171,"probability",TRUE,TRUE,0
171,"original",TRUE,TRUE,0.00170571224247595
171,"capped",TRUE,TRUE,0.00101209855220219
172,"probability",TRUE,TRUE,0
172,"original",TRUE,TRUE,0.00252359878419384
172,"capped",TRUE,TRUE,0.00190929597621903
173,"probability",TRUE,TRUE,0
173,"original",TRUE,TRUE,0.00322388068502022
173,"capped",TRUE,TRUE,0.000565820799231176
174,"probability",TRUE,TRUE,0
174,"original",TRUE,TRUE,0.00357858463893379
174,"capped",TRUE,TRUE,0.0013619916022094
175,"probability",TRUE,TRUE,0
175,"original",TRUE,TRUE,0.00257932869769562
175,"capped",TRUE,TRUE,0.0016163910916589
176,"probability",TRUE,TRUE,0
176,"original",TRUE,TRUE,0.000428602339198392
176,"capped",TRUE,TRUE,0.000478400476509933
177,"probability",TRUE,TRUE,0
177,"original",TRUE,TRUE,0.00820581769771422
177,"capped",TRUE,TRUE,0.00123621650990913
178,"probability",TRUE,TRUE,0
178,"original",TRUE,TRUE,0.00408177246359465
178,"capped",TRUE,TRUE,0.000634840065227849
179,"probability",TRUE,TRUE,0
179,"original",TRUE,TRUE,0.00186789149458377
179,"capped",TRUE,TRUE,0.00134417901855244
180,"probability",TRUE,TRUE,0
180,"original",TRUE,TRUE,0.0019833350413947
180,"capped",TRUE,TRUE,0.00145053152411734
181,"probability",TRUE,TRUE,0
181,"original",TRUE,TRUE,0.00447619538645583
181,"capped",TRUE,TRUE,0.000785658857047622
182,"probability",TRUE,TRUE,0
182,"original",TRUE,TRUE,0.000726994576879747
182,"capped",TRUE,TRUE,0.00207799482211612
183,"probability",TRUE,TRUE,0
183,"original",TRUE,TRUE,0.00251564655341596
183,"capped",TRUE,TRUE,0.00231472220778528
184,"probability",TRUE,TRUE,0
184,"original",TRUE,TRUE,0.00156410676284935
184,"capped",TRUE,TRUE,0.000843763890227223
185,"probability",TRUE,TRUE,0
185,"original",TRUE,TRUE,0.00277881913331157
185,"capped",TRUE,TRUE,0.000345251603000918
186,"probability",TRUE,TRUE,0
186,"original",TRUE,TRUE,0.00390134651389928
186,"capped",TRUE,TRUE,0.000787620792614518
187,"probability",TRUE,TRUE,0
187,"original",TRUE,TRUE,0.0103918975212878
187,"capped",TRUE,TRUE,0.00130810969853457
188,"probability",TRUE,TRUE,0
188,"original",TRUE,TRUE,0.00195408272006858
188,"capped",TRUE,TRUE,0.000464227841156628
189,"probability",TRUE,TRUE,0
189,"original",TRUE,TRUE,0.00932904297176229
189,"capped",TRUE,TRUE,0.00337612426741885
190,"probability",TRUE,TRUE,0
190,"original",TRUE,TRUE,0.00101659724049785
190,"capped",TRUE,TRUE,0.00120450445254328
191,"probability",TRUE,TRUE,0
191,"original",TRUE,TRUE,0.00075180671258579
191,"capped",TRUE,TRUE,0.000657596643790725
192,"probability",TRUE,TRUE,0
192,"original",TRUE,TRUE,0.0103601922008423
192,"capped",TRUE,TRUE,0.000832081338870694
193,"probability",TRUE,TRUE,0
193,"original",TRUE,TRUE,0.00447556172018793
193,"capped",TRUE,TRUE,0.00215818283000857
194,"probability",TRUE,TRUE,0
194,"original",TRUE,TRUE,0.00596902213551687
194,"capped",TRUE,TRUE,0.00260289785721568
195,"probability",TRUE,TRUE,0
195,"original",TRUE,TRUE,0.00112761623754665
195,"capped",TRUE,TRUE,0.000365868065692609
196,"probability",TRUE,TRUE,0
196,"original",TRUE,TRUE,0.000850125109323585
196,"capped",TRUE,TRUE,0.000619981853340335
197,"probability",TRUE,TRUE,0
197,"original",TRUE,TRUE,0.0074528147499251
197,"capped",TRUE,TRUE,0.00167852950161418
198,"probability",TRUE,TRUE,0
198,"original",TRUE,TRUE,0.0025338846535341
198,"capped",TRUE,TRUE,0.0006440591224397
199,"probability",TRUE,TRUE,0
199,"original",TRUE,TRUE,0.00116819605776541
199,"capped",TRUE,TRUE,0.00106769383680927
200,"probability",TRUE,TRUE,0
200,"original",TRUE,TRUE,0.00320374436898518
200,"capped",TRUE,TRUE,0.000754048202580293
201,"probability",TRUE,TRUE,0
201,"original",TRUE,TRUE,0.00556267053987014
201,"capped",TRUE,TRUE,0.000872701448205504
202,"probability",TRUE,TRUE,0
202,"original",TRUE,TRUE,0.00923743778466246
202,"capped",TRUE,TRUE,0.00033315911350229
203,"probability",TRUE,TRUE,0
203,"original",TRUE,TRUE,0.000984305657716789
203,"capped",TRUE,TRUE,0.000627908389880361
204,"probability",TRUE,TRUE,0
204,"original",TRUE,TRUE,0.00282448404791324
204,"capped",TRUE,TRUE,0.00187081339861805
205,"probability",TRUE,TRUE,0
205,"original",TRUE,TRUE,0.00492365752557333
205,"capped",TRUE,TRUE,0.00206086371709091
206,"probability",TRUE,TRUE,0
206,"original",TRUE,TRUE,0.0039151773195556
206,"capped",TRUE,TRUE,0.00161758571064397
207,"probability",TRUE,TRUE,0
207,"original",TRUE,TRUE,0.00108214378805371
207,"capped",TRUE,TRUE,0.00126060585741783
208,"probability",TRUE,TRUE,0
208,"original",TRUE,TRUE,0.00385173268374217
208,"capped",TRUE,TRUE,0.00147339866958163
209,"probability",TRUE,TRUE,0
209,"original",FALSE,TRUE,NA
209,"capped",TRUE,TRUE,0.00121863210366513
210,"probability",TRUE,TRUE,0
210,"original",TRUE,TRUE,0.00538344857647033
210,"capped",TRUE,TRUE,0.00113847086551289
211,"probability",TRUE,TRUE,0
211,"original",TRUE,TRUE,0.00463876970235333
211,"capped",TRUE,TRUE,0.000548758015806783
212,"probability",TRUE,TRUE,0
212,"original",TRUE,TRUE,0.00160181492552169
212,"capped",TRUE,TRUE,0.000335249579411112
213,"probability",TRUE,TRUE,0
213,"original",TRUE,TRUE,0.00201587333770448
213,"capped",TRUE,TRUE,0.00122214658630071
214,"probability",TRUE,TRUE,0
214,"original",TRUE,TRUE,0.00215384950559994
214,"capped",TRUE,TRUE,0.00124532729577709
215,"probability",TRUE,TRUE,0
215,"original",TRUE,TRUE,0.00200942581188457
215,"capped",TRUE,TRUE,0.00135013807945228
216,"probability",TRUE,TRUE,0
216,"original",TRUE,TRUE,0.00519196912373765
216,"capped",TRUE,TRUE,0.000609607255306344
217,"probability",TRUE,TRUE,0
217,"original",TRUE,TRUE,0.00201334144272636
217,"capped",TRUE,TRUE,0.00154686882219579
218,"probability",TRUE,TRUE,0
218,"original",TRUE,TRUE,0.00477646852490921
218,"capped",TRUE,TRUE,0.00110337498976776
219,"probability",TRUE,TRUE,0
219,"original",TRUE,TRUE,0.000782397986817784
219,"capped",TRUE,TRUE,0.00166444287637546
220,"probability",TRUE,TRUE,0
220,"original",TRUE,TRUE,0.00253100153633312
220,"capped",TRUE,TRUE,0.00124966647246794
221,"probability",TRUE,TRUE,0
221,"original",TRUE,TRUE,0.00906183587798637
221,"capped",TRUE,TRUE,0.000673709310179404
222,"probability",TRUE,TRUE,0
222,"original",TRUE,TRUE,0.00497684840037493
222,"capped",TRUE,TRUE,0.00230503065843024
223,"probability",TRUE,TRUE,0
223,"original",TRUE,TRUE,0.00330266292257164
223,"capped",TRUE,TRUE,0.00102698344053209
224,"probability",TRUE,TRUE,0
224,"original",TRUE,TRUE,0.00256734928291991
224,"capped",TRUE,TRUE,0.000797292094183888
225,"probability",TRUE,TRUE,0
225,"original",TRUE,TRUE,0.00425492243246595
225,"capped",TRUE,TRUE,0.00147872684325989
226,"probability",TRUE,TRUE,0
226,"original",TRUE,TRUE,0.00679315569303895
226,"capped",TRUE,TRUE,0.00122583603985582
227,"probability",TRUE,TRUE,0
227,"original",TRUE,TRUE,0.00335781796931123
227,"capped",TRUE,TRUE,0.000999855868991428
228,"probability",TRUE,TRUE,0
228,"original",FALSE,TRUE,NA
228,"capped",TRUE,TRUE,0.00165542120804218
229,"probability",TRUE,TRUE,0
229,"original",FALSE,TRUE,NA
229,"capped",TRUE,TRUE,0.00102969435072708
230,"probability",TRUE,TRUE,0
230,"original",TRUE,TRUE,0.00770803063530678
230,"capped",TRUE,TRUE,0.000579968610921355
231,"probability",TRUE,TRUE,0
231,"original",TRUE,TRUE,0.00440359732646201
231,"capped",TRUE,TRUE,0.000742131549287706
232,"probability",TRUE,TRUE,0
232,"original",TRUE,TRUE,0.00306888167467889
232,"capped",TRUE,TRUE,0.00128043866936878
233,"probability",TRUE,TRUE,0
233,"original",TRUE,TRUE,0.00108542134454126
233,"capped",TRUE,TRUE,0.000728300282496264
234,"probability",TRUE,TRUE,0
234,"original",TRUE,TRUE,0.00087767520600579
234,"capped",TRUE,TRUE,0.000122870762496063
235,"probability",TRUE,TRUE,0
235,"original",TRUE,TRUE,0.0027654233668386
235,"capped",TRUE,TRUE,0.00116444054578224
236,"probability",TRUE,TRUE,0
236,"original",TRUE,TRUE,0.00140851160894329
236,"capped",TRUE,TRUE,0.00150655499943753
237,"probability",TRUE,TRUE,0
237,"original",TRUE,TRUE,0.00373576721005975
237,"capped",TRUE,TRUE,0.00122923702582511
238,"probability",TRUE,TRUE,0
238,"original",TRUE,TRUE,0.00103105651594149
238,"capped",TRUE,TRUE,0.000579100412238631
239,"probability",TRUE,TRUE,0
239,"original",FALSE,TRUE,NA
239,"capped",TRUE,TRUE,0.00102536936637065
240,"probability",TRUE,TRUE,0
240,"original",TRUE,TRUE,0.00236006867645777
240,"capped",TRUE,TRUE,0.000391738091508387
241,"probability",TRUE,TRUE,0
241,"original",FALSE,TRUE,NA
241,"capped",TRUE,TRUE,0.00266261589410988
242,"probability",TRUE,TRUE,0
242,"original",TRUE,TRUE,0.00557256828843222
242,"capped",TRUE,TRUE,0.00091750977270344
243,"probability",TRUE,TRUE,0
243,"original",TRUE,TRUE,0.000448140370288286
243,"capped",TRUE,TRUE,0.000625592047711621
244,"probability",TRUE,TRUE,0
244,"original",TRUE,TRUE,0.00125303646053965
244,"capped",TRUE,TRUE,0.000725836911257716
245,"probability",TRUE,TRUE,0
245,"original",TRUE,TRUE,0.00111888368745383
245,"capped",TRUE,TRUE,0.00168167106148687
246,"probability",TRUE,TRUE,0
246,"original",TRUE,TRUE,0.000549610809645884
246,"capped",TRUE,TRUE,0.000257575567442103
247,"probability",TRUE,TRUE,0
247,"original",TRUE,TRUE,0.00829848337026462
247,"capped",TRUE,TRUE,0.000920678309103806
248,"probability",TRUE,TRUE,0
248,"original",TRUE,TRUE,0.00879848578293263
248,"capped",TRUE,TRUE,0.00129671903567896
249,"probability",TRUE,TRUE,0
249,"original",TRUE,TRUE,0.00339912614019511
249,"capped",TRUE,TRUE,0.00119556252532504
250,"probability",TRUE,TRUE,0
250,"original",TRUE,TRUE,0.00623424471880085
250,"capped",TRUE,TRUE,0.00122858425596206
251,"probability",TRUE,TRUE,0
251,"original",TRUE,TRUE,0.0012721015425754
251,"capped",TRUE,TRUE,0.00119976318880077
252,"probability",TRUE,TRUE,0
252,"original",TRUE,TRUE,0.00776515958629886
252,"capped",TRUE,TRUE,0.000831310574646693
253,"probability",TRUE,TRUE,0
253,"original",TRUE,TRUE,0.0030964706520038
253,"capped",TRUE,TRUE,0.000615007764785958
254,"probability",TRUE,TRUE,0
254,"original",TRUE,TRUE,0.000958976573762982
254,"capped",TRUE,TRUE,0.00254415073327152
255,"probability",TRUE,TRUE,0
255,"original",TRUE,TRUE,0.0011020199814169
255,"capped",TRUE,TRUE,0.00232859024626819
256,"probability",TRUE,TRUE,0
256,"original",TRUE,TRUE,0.00470953133847729
256,"capped",TRUE,TRUE,0.00181634935611896
257,"probability",TRUE,TRUE,0
257,"original",TRUE,TRUE,0.00275944087219671
257,"capped",TRUE,TRUE,0.00266786962356491
258,"probability",TRUE,TRUE,0
258,"original",TRUE,TRUE,0.00293213517728574
258,"capped",TRUE,TRUE,0.00115251911782011
259,"probability",TRUE,TRUE,0
259,"original",TRUE,TRUE,0.000507312568863938
259,"capped",TRUE,TRUE,0.000598557021987745
260,"probability",TRUE,TRUE,0
260,"original",TRUE,TRUE,0.00324105878632963
260,"capped",TRUE,TRUE,0.00192790474024207
261,"probability",TRUE,TRUE,0
261,"original",TRUE,TRUE,0.00573048828893974
261,"capped",TRUE,TRUE,0.000499160179614933
262,"probability",TRUE,TRUE,0
262,"original",TRUE,TRUE,0.00686054840082306
262,"capped",TRUE,TRUE,0.000803179149055921
263,"probability",TRUE,TRUE,0
263,"original",TRUE,TRUE,0.00225367056238568
263,"capped",TRUE,TRUE,0.00178491580469853
264,"probability",TRUE,TRUE,0
264,"original",FALSE,TRUE,NA
264,"capped",TRUE,TRUE,0.000436264118732765
265,"probability",TRUE,TRUE,0
265,"original",FALSE,TRUE,NA
265,"capped",TRUE,TRUE,0.000960574833293037
266,"probability",TRUE,TRUE,0
266,"original",TRUE,TRUE,0.00247459473658651
266,"capped",TRUE,TRUE,0.00193315044404763
267,"probability",TRUE,TRUE,0
267,"original",TRUE,TRUE,0.00120067019497583
267,"capped",TRUE,TRUE,0.000225440342674688
268,"probability",TRUE,TRUE,0
268,"original",TRUE,TRUE,0.00527057705461331
268,"capped",TRUE,TRUE,0.000960710859132519
269,"probability",TRUE,TRUE,0
269,"original",TRUE,TRUE,0.00840766331431198
269,"capped",TRUE,TRUE,0.00043819831733316
270,"probability",TRUE,TRUE,0
270,"original",TRUE,TRUE,0.00182326555339074
270,"capped",TRUE,TRUE,0.00135522710689884
271,"probability",TRUE,TRUE,0
271,"original",TRUE,TRUE,0.0038828673867819
271,"capped",TRUE,TRUE,0.00260678377954449
272,"probability",TRUE,TRUE,0
272,"original",TRUE,TRUE,0.00139654522952526
272,"capped",TRUE,TRUE,0.00114351431496829
273,"probability",TRUE,TRUE,0
273,"original",TRUE,TRUE,0.00788358949131407
273,"capped",TRUE,TRUE,0.00150349997672805
274,"probability",TRUE,TRUE,0
274,"original",TRUE,TRUE,0.00306901753927935
274,"capped",TRUE,TRUE,0.00044996467706504
275,"probability",TRUE,TRUE,0
275,"original",TRUE,TRUE,0.00101107535576972
275,"capped",TRUE,TRUE,0.000832314098534681
276,"probability",TRUE,TRUE,0
276,"original",TRUE,TRUE,0.00927913870093278
276,"capped",TRUE,TRUE,0.000261746635345617
277,"probability",TRUE,TRUE,0
277,"original",TRUE,TRUE,0.00204018583583299
277,"capped",TRUE,TRUE,0.000701216086983258
278,"probability",TRUE,TRUE,0
278,"original",TRUE,TRUE,0.00106215484340666
278,"capped",TRUE,TRUE,0.00130424318503941
279,"probability",TRUE,TRUE,0
279,"original",TRUE,TRUE,0.00517220595937573
279,"capped",TRUE,TRUE,0.000909799661890531
280,"probability",TRUE,TRUE,0
280,"original",TRUE,TRUE,0.00218965839275498
280,"capped",TRUE,TRUE,0.00063607134774557
281,"probability",TRUE,TRUE,0
281,"original",TRUE,TRUE,0.00362295087760955
281,"capped",TRUE,TRUE,0.00173278999052684
282,"probability",TRUE,TRUE,0
282,"original",TRUE,TRUE,0.000406019472315222
282,"capped",TRUE,TRUE,0.00150496717251514
283,"probability",TRUE,TRUE,0
283,"original",TRUE,TRUE,0.00411071335325985
283,"capped",TRUE,TRUE,0.00107668143601813
284,"probability",TRUE,TRUE,0
284,"original",TRUE,TRUE,0.00511861867806829
284,"capped",TRUE,TRUE,0.00107664867021207
285,"probability",TRUE,TRUE,0
285,"original",TRUE,TRUE,0.00421189830958113
285,"capped",TRUE,TRUE,0.00171533908189048
286,"probability",TRUE,TRUE,0
286,"original",TRUE,TRUE,0.00638592041696029
286,"capped",TRUE,TRUE,0.00103909287649628
287,"probability",TRUE,TRUE,0
287,"original",TRUE,TRUE,0.0122129742484702
287,"capped",TRUE,TRUE,0.0011178030773209
288,"probability",TRUE,TRUE,0
288,"original",TRUE,TRUE,0.000758801864552794
288,"capped",TRUE,TRUE,0.000917751396279698
289,"probability",TRUE,TRUE,0
289,"original",TRUE,TRUE,0.000754298270958742
289,"capped",TRUE,TRUE,0.000377142168822786
290,"probability",TRUE,TRUE,0
290,"original",TRUE,TRUE,0.00204089870368307
290,"capped",TRUE,TRUE,0.000552205125288197
291,"probability",TRUE,TRUE,0
291,"original",TRUE,TRUE,0.00375369791794355
291,"capped",TRUE,TRUE,0.00112554045511004
292,"probability",TRUE,TRUE,0
292,"original",TRUE,TRUE,0.00218970823610221
292,"capped",TRUE,TRUE,0.00130542708095049
293,"probability",TRUE,TRUE,0
293,"original",TRUE,TRUE,0.0052020649263369
293,"capped",TRUE,TRUE,0.000772547148574887
294,"probability",TRUE,TRUE,0
294,"original",TRUE,TRUE,0.00106624848310055
294,"capped",TRUE,TRUE,0.000697529718572731
295,"probability",TRUE,TRUE,0
295,"original",TRUE,TRUE,0.0076025759494911
295,"capped",TRUE,TRUE,0.00115121639583293
296,"probability",TRUE,TRUE,0
296,"original",TRUE,TRUE,0.00339176796544649
296,"capped",TRUE,TRUE,0.000749935836360294
297,"probability",TRUE,TRUE,0
297,"original",TRUE,TRUE,0.00719061274326549
297,"capped",TRUE,TRUE,0.00241394948761808
298,"probability",TRUE,TRUE,0
298,"original",TRUE,TRUE,0.001768746548926
298,"capped",TRUE,TRUE,0.0010060672836758
299,"probability",TRUE,TRUE,0
299,"original",TRUE,TRUE,0.00453743938573936
299,"capped",TRUE,TRUE,0.00109800032651108
300,"probability",TRUE,TRUE,0
300,"original",TRUE,TRUE,0.00189744159481364
300,"capped",TRUE,TRUE,0.000520525992968146
301,"probability",TRUE,TRUE,0
301,"original",TRUE,TRUE,0.000922902351327082
301,"capped",TRUE,TRUE,0.00110812939567495
302,"probability",TRUE,TRUE,0
302,"original",TRUE,TRUE,0.00485395821164758
302,"capped",TRUE,TRUE,0.00395521625358075
303,"probability",TRUE,TRUE,0
303,"original",TRUE,TRUE,0.000473838518175285
303,"capped",TRUE,TRUE,0.000721141423944971
304,"probability",TRUE,TRUE,0
304,"original",TRUE,TRUE,0.00302342202059336
304,"capped",TRUE,TRUE,0.00110697673382631
305,"probability",TRUE,TRUE,0
305,"original",TRUE,TRUE,0.0028032216529148
305,"capped",TRUE,TRUE,0.0030994760746097
306,"probability",TRUE,TRUE,0
306,"original",TRUE,TRUE,0.00451249382315666
306,"capped",TRUE,TRUE,0.00335176749943855
307,"probability",TRUE,TRUE,0
307,"original",TRUE,TRUE,0.00304798699939823
307,"capped",TRUE,TRUE,0.000788515975706616
308,"probability",TRUE,TRUE,0
308,"original",TRUE,TRUE,0.00153034607956215
308,"capped",TRUE,TRUE,0.000637505310976394
309,"probability",TRUE,TRUE,0
309,"original",TRUE,TRUE,0.00616424057589882
309,"capped",TRUE,TRUE,0.00115512693560049
310,"probability",TRUE,TRUE,0
310,"original",TRUE,TRUE,0.00137246500614552
310,"capped",TRUE,TRUE,0.00077786426514237
311,"probability",TRUE,TRUE,0
311,"original",TRUE,TRUE,0.00357910860512334
311,"capped",TRUE,TRUE,0.00277996154118654
312,"probability",TRUE,TRUE,0
312,"original",TRUE,TRUE,0.00492938377107777
312,"capped",TRUE,TRUE,0.00174500441105607
313,"probability",TRUE,TRUE,0
313,"original",FALSE,TRUE,NA
313,"capped",TRUE,TRUE,0.00209823814539689
314,"probability",TRUE,TRUE,0
314,"original",TRUE,TRUE,0.000840374577866676
314,"capped",TRUE,TRUE,0.000865923442306737
315,"probability",TRUE,TRUE,0
315,"original",TRUE,TRUE,0.00233933671900921
315,"capped",TRUE,TRUE,0.000696345485398098
316,"probability",TRUE,TRUE,0
316,"original",TRUE,TRUE,0.00222295030156516
316,"capped",TRUE,TRUE,0.000706032000330481
317,"probability",TRUE,TRUE,0
317,"original",TRUE,TRUE,0.0056596261363886
317,"capped",TRUE,TRUE,0.00056934599217584
318,"probability",TRUE,TRUE,0
318,"original",TRUE,TRUE,0.00262903961279193
318,"capped",TRUE,TRUE,0.000532099762942551
319,"probability",TRUE,TRUE,0
319,"original",TRUE,TRUE,0.00476327967895429
319,"capped",TRUE,TRUE,0.000653182414744435
320,"probability",TRUE,TRUE,0
320,"original",TRUE,TRUE,0.00450119131310345
320,"capped",TRUE,TRUE,0.000619026293052549
321,"probability",TRUE,TRUE,0
321,"original",TRUE,TRUE,0.014994390540167
321,"capped",TRUE,TRUE,0.00203116777507262
322,"probability",TRUE,TRUE,0
322,"original",TRUE,TRUE,0.00164154508183856
322,"capped",TRUE,TRUE,0.000795691034838342
323,"probability",TRUE,TRUE,0
323,"original",TRUE,TRUE,0.0021992694166606
323,"capped",TRUE,TRUE,0.000912553027969665
324,"probability",TRUE,TRUE,0
324,"original",TRUE,TRUE,0.00367119438101327
324,"capped",TRUE,TRUE,0.000406640498617605
325,"probability",TRUE,TRUE,0
325,"original",TRUE,TRUE,0.00313146076818782
325,"capped",TRUE,TRUE,0.000918596154662055
326,"probability",TRUE,TRUE,0
326,"original",TRUE,TRUE,0.00407443891500137
326,"capped",TRUE,TRUE,0.00108925595954545
327,"probability",TRUE,TRUE,0
327,"original",TRUE,TRUE,0.0117962815671255
327,"capped",TRUE,TRUE,0.00209331977806571
328,"probability",TRUE,TRUE,0
328,"original",TRUE,TRUE,0.00478479207420435
328,"capped",TRUE,TRUE,0.00143426106828315
329,"probability",TRUE,TRUE,0
329,"original",TRUE,TRUE,0.00280299958468788
329,"capped",TRUE,TRUE,0.00154937420958845
330,"probability",TRUE,TRUE,0
330,"original",TRUE,TRUE,0.00322512660548213
330,"capped",TRUE,TRUE,0.000460872645628996
331,"probability",TRUE,TRUE,0
331,"original",TRUE,TRUE,0.00178405798433801
331,"capped",TRUE,TRUE,0.00182687143325211
332,"probability",TRUE,TRUE,0
332,"original",TRUE,TRUE,0.00240174551653993
332,"capped",TRUE,TRUE,0.000389043355653484
333,"probability",TRUE,TRUE,0
333,"original",TRUE,TRUE,0.00409640276854795
333,"capped",TRUE,TRUE,0.00188088913258611
334,"probability",TRUE,TRUE,0
334,"original",TRUE,TRUE,0.00557962499223663
334,"capped",TRUE,TRUE,0.000562259698909884
335,"probability",TRUE,TRUE,0
335,"original",TRUE,TRUE,0.00145954384473868
335,"capped",TRUE,TRUE,0.000613729922935846
336,"probability",TRUE,TRUE,0
336,"original",TRUE,TRUE,0.00316066037741791
336,"capped",TRUE,TRUE,0.00117239688723458
337,"probability",TRUE,TRUE,0
337,"original",TRUE,TRUE,0.000668058627049106
337,"capped",TRUE,TRUE,0.000569647651651906
338,"probability",TRUE,TRUE,0
338,"original",TRUE,TRUE,0.00238400614601986
338,"capped",TRUE,TRUE,0.0018597697717162
339,"probability",TRUE,TRUE,0
339,"original",TRUE,TRUE,0.00426643531553594
339,"capped",TRUE,TRUE,0.000367993732609762
340,"probability",TRUE,TRUE,0
340,"original",TRUE,TRUE,0.00389721276119204
340,"capped",TRUE,TRUE,0.00104051037627784
341,"probability",TRUE,TRUE,0
341,"original",TRUE,TRUE,0.00469932449624366
341,"capped",TRUE,TRUE,0.00143026792704859
342,"probability",TRUE,TRUE,0
342,"original",TRUE,TRUE,0.00107368573157984
342,"capped",TRUE,TRUE,0.00129217653553759
343,"probability",TRUE,TRUE,0
343,"original",TRUE,TRUE,0.00198904261815613
343,"capped",TRUE,TRUE,0.00141098275886264
344,"probability",TRUE,TRUE,0
344,"original",TRUE,TRUE,0.00179762700248176
344,"capped",TRUE,TRUE,0.00201055517722892
345,"probability",TRUE,TRUE,0
345,"original",TRUE,TRUE,0.00195758517283906
345,"capped",TRUE,TRUE,0.00101247938133042
346,"probability",TRUE,TRUE,0
346,"original",TRUE,TRUE,0.00196534352539501
346,"capped",TRUE,TRUE,0.000267279497663253
347,"probability",TRUE,TRUE,0
347,"original",TRUE,TRUE,0.00769353090324643
347,"capped",TRUE,TRUE,0.00125210286852706
348,"probability",TRUE,TRUE,0
348,"original",TRUE,TRUE,0.00432445548864635
348,"capped",TRUE,TRUE,0.000569109492280617
349,"probability",TRUE,TRUE,0
349,"original",TRUE,TRUE,0.00214625179462047
349,"capped",TRUE,TRUE,0.000456907396085171
350,"probability",TRUE,TRUE,0
350,"original",TRUE,TRUE,0.00226219571637643
350,"capped",TRUE,TRUE,0.00138608798827988
351,"probability",TRUE,TRUE,0
351,"original",TRUE,TRUE,0.00619041014345179
351,"capped",TRUE,TRUE,0.00536511221391045
352,"probability",TRUE,TRUE,0
352,"original",TRUE,TRUE,0.00226690355619752
352,"capped",TRUE,TRUE,0.000786419264414917
353,"probability",TRUE,TRUE,0
353,"original",TRUE,TRUE,0.00064648243539267
353,"capped",TRUE,TRUE,0.000537083223349555
354,"probability",TRUE,TRUE,0
354,"original",TRUE,TRUE,0.000871285857442672
354,"capped",TRUE,TRUE,0.00173347097809895
355,"probability",TRUE,TRUE,0
355,"original",TRUE,TRUE,0.00399453323492338
355,"capped",TRUE,TRUE,0.00269010630608868
356,"probability",TRUE,TRUE,0
356,"original",TRUE,TRUE,0.0043364720246899
356,"capped",TRUE,TRUE,0.000962853643180495
357,"probability",TRUE,TRUE,0
357,"original",TRUE,TRUE,0.00189657072368199
357,"capped",TRUE,TRUE,0.000214292121809123
358,"probability",TRUE,TRUE,0
358,"original",TRUE,TRUE,0.00313520754425411
358,"capped",TRUE,TRUE,0.00105927159608754
359,"probability",TRUE,TRUE,0
359,"original",TRUE,TRUE,0.00122784121392172
359,"capped",TRUE,TRUE,0.00050282538685309
360,"probability",TRUE,TRUE,0
360,"original",TRUE,TRUE,0.003693634920797
360,"capped",TRUE,TRUE,0.000442169001892978
361,"probability",TRUE,TRUE,0
361,"original",TRUE,TRUE,0.00320307138400366
361,"capped",TRUE,TRUE,0.00178664588632671
362,"probability",TRUE,TRUE,0
362,"original",TRUE,TRUE,0.00163529167035392
362,"capped",TRUE,TRUE,0.000905272216229491
363,"probability",TRUE,TRUE,0
363,"original",TRUE,TRUE,0.00799383625996342
363,"capped",TRUE,TRUE,0.00283148647116604
364,"probability",TRUE,TRUE,0
364,"original",TRUE,TRUE,0.000741208420990347
364,"capped",TRUE,TRUE,0.0016738547674322
365,"probability",TRUE,TRUE,0
365,"original",TRUE,TRUE,0.0012908542423764
365,"capped",TRUE,TRUE,0.00133084850564025
366,"probability",TRUE,TRUE,0
366,"original",TRUE,TRUE,0.00143071076803025
366,"capped",TRUE,TRUE,0.00093615083643872
367,"probability",TRUE,TRUE,0
367,"original",TRUE,TRUE,0.000986690746088925
367,"capped",TRUE,TRUE,0.000439380806668055
368,"probability",TRUE,TRUE,0
368,"original",TRUE,TRUE,0.00086311497734215
368,"capped",TRUE,TRUE,0.00051423590770483
369,"probability",TRUE,TRUE,0
369,"original",TRUE,TRUE,0.00796330775696852
369,"capped",TRUE,TRUE,0.000757053177331102
370,"probability",TRUE,TRUE,0
370,"original",TRUE,TRUE,0.00781224860243412
370,"capped",TRUE,TRUE,0.00254239259244216
371,"probability",TRUE,TRUE,0
371,"original",TRUE,TRUE,0.0014863971261363
371,"capped",TRUE,TRUE,0.000621744092839549
372,"probability",TRUE,TRUE,0
372,"original",TRUE,TRUE,0.000844498669849258
372,"capped",TRUE,TRUE,0.00029391550825153
373,"probability",TRUE,TRUE,0
373,"original",FALSE,TRUE,NA
373,"capped",TRUE,TRUE,0.00116211302710667
374,"probability",TRUE,TRUE,0
374,"original",TRUE,TRUE,0.00115216596303469
374,"capped",TRUE,TRUE,0.000781370061723408
375,"probability",TRUE,TRUE,0
375,"original",TRUE,TRUE,0.00340588657341812
375,"capped",TRUE,TRUE,0.000451483439540823
376,"probability",TRUE,TRUE,0
376,"original",TRUE,TRUE,0.00467418504577211
376,"capped",TRUE,TRUE,0.000813688555592051
377,"probability",TRUE,TRUE,0
377,"original",TRUE,TRUE,0.000641209909822749
377,"capped",TRUE,TRUE,0.00234320199570703
378,"probability",TRUE,TRUE,0
378,"original",TRUE,TRUE,0.00135017251070835
378,"capped",TRUE,TRUE,0.000816209361389042
379,"probability",TRUE,TRUE,0
379,"original",TRUE,TRUE,0.00279509951882062
379,"capped",TRUE,TRUE,0.00176536298667429
380,"probability",TRUE,TRUE,0
380,"original",TRUE,TRUE,0.00778098056780152
380,"capped",TRUE,TRUE,0.0023835088269486
381,"probability",TRUE,TRUE,0
381,"original",TRUE,TRUE,0.00209076410799724
381,"capped",TRUE,TRUE,0.00045800898316628
382,"probability",TRUE,TRUE,0
382,"original",TRUE,TRUE,0.0037892241527544
382,"capped",TRUE,TRUE,0.0005209190385429
383,"probability",TRUE,TRUE,0
383,"original",TRUE,TRUE,0.00160721087989835
383,"capped",TRUE,TRUE,0.00038042933792326
384,"probability",TRUE,TRUE,0
384,"original",TRUE,TRUE,0.00356284916023242
384,"capped",TRUE,TRUE,0.0015738069848652
385,"probability",TRUE,TRUE,0
385,"original",TRUE,TRUE,0.00477198716381366
385,"capped",TRUE,TRUE,0.0013893990846654
386,"probability",TRUE,TRUE,0
386,"original",TRUE,TRUE,0.00522128321133764
386,"capped",TRUE,TRUE,0.000990799841737555
387,"probability",TRUE,TRUE,0
387,"original",TRUE,TRUE,0.00414429220808898
387,"capped",TRUE,TRUE,0.000595131891728329
388,"probability",TRUE,TRUE,0
388,"original",TRUE,TRUE,0.00496957893993866
388,"capped",TRUE,TRUE,0.00151516301208332
389,"probability",TRUE,TRUE,0
389,"original",TRUE,TRUE,0.00122457725861125
389,"capped",TRUE,TRUE,0.00098878603458985
390,"probability",TRUE,TRUE,0
390,"original",TRUE,TRUE,0.000387845621869332
390,"capped",TRUE,TRUE,0.000244899976664215
391,"probability",TRUE,TRUE,0
391,"original",TRUE,TRUE,0.00108722275936834
391,"capped",TRUE,TRUE,0.000529246448493836
392,"probability",TRUE,TRUE,0
392,"original",TRUE,TRUE,0.00290994015426005
392,"capped",TRUE,TRUE,0.000922491883265764
393,"probability",TRUE,TRUE,0
393,"original",TRUE,TRUE,0.0034936085586672
393,"capped",TRUE,TRUE,0.00150232659719762
394,"probability",TRUE,TRUE,0
394,"original",TRUE,TRUE,0.00324097080295616
394,"capped",TRUE,TRUE,9.43142903260252e-05
395,"probability",TRUE,TRUE,0
395,"original",TRUE,TRUE,0.00239268516963165
395,"capped",TRUE,TRUE,0.000493090110197159
396,"probability",TRUE,TRUE,0
396,"original",TRUE,TRUE,0.00353094536842491
396,"capped",TRUE,TRUE,0.00144143275076836
397,"probability",TRUE,TRUE,0
397,"original",TRUE,TRUE,0.0026677575704781
397,"capped",TRUE,TRUE,0.0022139692072205
398,"probability",TRUE,TRUE,0
398,"original",TRUE,TRUE,0.00148861995167238
398,"capped",TRUE,TRUE,0.00090951103219794
399,"probability",TRUE,TRUE,0
399,"original",TRUE,TRUE,0.0013293965316592
399,"capped",TRUE,TRUE,0.00143475759513478
400,"probability",TRUE,TRUE,0
400,"original",TRUE,TRUE,0.00500974273225552
400,"capped",TRUE,TRUE,0.00142714421001955
401,"probability",TRUE,TRUE,0
401,"original",TRUE,TRUE,0.0023875807055358
401,"capped",TRUE,TRUE,0.000694208804041807
402,"probability",TRUE,TRUE,0
402,"original",TRUE,TRUE,0.00658726822033984
402,"capped",TRUE,TRUE,0.00124597169417839
403,"probability",TRUE,TRUE,0
403,"original",TRUE,TRUE,0.00144904809094015
403,"capped",TRUE,TRUE,0.00132170547466615
404,"probability",TRUE,TRUE,0
404,"original",TRUE,TRUE,0.00148746911230546
404,"capped",TRUE,TRUE,0.00136072599750037
405,"probability",TRUE,TRUE,0
405,"original",TRUE,TRUE,0.00285044808232371
405,"capped",TRUE,TRUE,0.0013207141540974
406,"probability",TRUE,TRUE,0
406,"original",TRUE,TRUE,0.000520714340016326
406,"capped",TRUE,TRUE,0.00115859876505198
407,"probability",TRUE,TRUE,0
407,"original",TRUE,TRUE,0.00281825395249768
407,"capped",TRUE,TRUE,0.00147691440090991
408,"probability",TRUE,TRUE,0
408,"original",TRUE,TRUE,0.00337945000085682
408,"capped",TRUE,TRUE,0.000307606605794319
409,"probability",TRUE,TRUE,0
409,"original",TRUE,TRUE,0.000832982494561207
409,"capped",TRUE,TRUE,0.000860986120539309
410,"probability",TRUE,TRUE,0
410,"original",TRUE,TRUE,0.00105310406762715
410,"capped",TRUE,TRUE,0.00110030136789518
411,"probability",TRUE,TRUE,0
411,"original",TRUE,TRUE,0.00329159765800346
411,"capped",TRUE,TRUE,0.000771646799670123
412,"probability",TRUE,TRUE,0
412,"original",TRUE,TRUE,0.0017076579841131
412,"capped",TRUE,TRUE,0.00118741568218184
413,"probability",TRUE,TRUE,0
413,"original",TRUE,TRUE,0.00260023465460346
413,"capped",TRUE,TRUE,0.0020020198911368
414,"probability",TRUE,TRUE,0
414,"original",TRUE,TRUE,0.00119037005096345
414,"capped",TRUE,TRUE,0.000855899930819248
415,"probability",TRUE,TRUE,0
415,"original",TRUE,TRUE,0.00333384844571682
415,"capped",TRUE,TRUE,0.00214861968370172
416,"probability",TRUE,TRUE,0
416,"original",TRUE,TRUE,0.00465170043202789
416,"capped",TRUE,TRUE,0.00096163730411547
417,"probability",TRUE,TRUE,0
417,"original",TRUE,TRUE,0.00382985228690558
417,"capped",TRUE,TRUE,0.000630792982690309
418,"probability",TRUE,TRUE,0
418,"original",TRUE,TRUE,0.00113151669792089
418,"capped",TRUE,TRUE,0.00178302080649217
419,"probability",TRUE,TRUE,0
419,"original",TRUE,TRUE,0.00263490215991169
419,"capped",TRUE,TRUE,0.00132187279935891
420,"probability",TRUE,TRUE,0
420,"original",TRUE,TRUE,0.00597585259002642
420,"capped",TRUE,TRUE,0.000914945246726973
421,"probability",TRUE,TRUE,0
421,"original",TRUE,TRUE,0.0023541527849531
421,"capped",TRUE,TRUE,0.0018256489534858
422,"probability",TRUE,TRUE,0
422,"original",TRUE,TRUE,0.000296510802137107
422,"capped",TRUE,TRUE,0.00124602800107709
423,"probability",TRUE,TRUE,0
423,"original",TRUE,TRUE,0.00261915017402359
423,"capped",TRUE,TRUE,0.00104063410692135
424,"probability",TRUE,TRUE,0
424,"original",TRUE,TRUE,0.00443034786376728
424,"capped",TRUE,TRUE,0.00104974740208519
425,"probability",TRUE,TRUE,0
425,"original",TRUE,TRUE,0.00351487483390756
425,"capped",TRUE,TRUE,0.000799195937769781
426,"probability",TRUE,TRUE,0
426,"original",TRUE,TRUE,0.00161180793904947
426,"capped",TRUE,TRUE,0.000308130364373937
427,"probability",TRUE,TRUE,0
427,"original",TRUE,TRUE,0.00249281607986518
427,"capped",TRUE,TRUE,0.000400645809488509
428,"probability",TRUE,TRUE,0
428,"original",TRUE,TRUE,0.00538130756365973
428,"capped",TRUE,TRUE,0.00170334244273107
429,"probability",TRUE,TRUE,0
429,"original",TRUE,TRUE,0.003663078382246
429,"capped",TRUE,TRUE,0.00249837104074402
430,"probability",TRUE,TRUE,0
430,"original",TRUE,TRUE,0.00225128520261464
430,"capped",TRUE,TRUE,0.00255413156109086
431,"probability",TRUE,TRUE,0
431,"original",TRUE,TRUE,0.00400930958591772
431,"capped",TRUE,TRUE,0.000733461203282104
432,"probability",TRUE,TRUE,0
432,"original",TRUE,TRUE,0.00372618989594997
432,"capped",TRUE,TRUE,0.000729624628846182
433,"probability",TRUE,TRUE,0
433,"original",TRUE,TRUE,0.00332718713314328
433,"capped",TRUE,TRUE,0.000605471897646481
434,"probability",TRUE,TRUE,0
434,"original",TRUE,TRUE,0.0101003371007806
434,"capped",TRUE,TRUE,0.000789024830119445
435,"probability",TRUE,TRUE,0
435,"original",TRUE,TRUE,0.00580892584017079
435,"capped",TRUE,TRUE,0.000814782863535868
436,"probability",TRUE,TRUE,0
436,"original",TRUE,TRUE,0.00347237042113591
436,"capped",TRUE,TRUE,0.000339008473602576
437,"probability",TRUE,TRUE,0
437,"original",TRUE,TRUE,0.000359940969422157
437,"capped",TRUE,TRUE,0.000526414170302303
438,"probability",TRUE,TRUE,0
438,"original",TRUE,TRUE,0.00166459337932379
438,"capped",TRUE,TRUE,0.00083766652851569
439,"probability",TRUE,TRUE,0
439,"original",TRUE,TRUE,0.00193558091532253
439,"capped",TRUE,TRUE,0.00154495039940628
440,"probability",TRUE,TRUE,0
440,"original",TRUE,TRUE,0.000335653584500051
440,"capped",TRUE,TRUE,0.000669697099134225
441,"probability",TRUE,TRUE,0
441,"original",TRUE,TRUE,0.000800722028705181
441,"capped",TRUE,TRUE,0.00148197035856867
442,"probability",TRUE,TRUE,0
442,"original",TRUE,TRUE,0.00461208506652611
442,"capped",TRUE,TRUE,0.00211890975254292
443,"probability",TRUE,TRUE,0
443,"original",TRUE,TRUE,0.00163195962659834
443,"capped",TRUE,TRUE,0.000282224358421956
444,"probability",TRUE,TRUE,0
444,"original",TRUE,TRUE,0.00286920384193579
444,"capped",TRUE,TRUE,0.000898005622332221
445,"probability",TRUE,TRUE,0
445,"original",TRUE,TRUE,0.00391159447443457
445,"capped",TRUE,TRUE,0.00205811185516325
446,"probability",TRUE,TRUE,0
446,"original",TRUE,TRUE,0.00100233008636508
446,"capped",TRUE,TRUE,0.00249321367044431
447,"probability",TRUE,TRUE,0
447,"original",TRUE,TRUE,0.00165049256013106
447,"capped",TRUE,TRUE,0.00133639732584356
448,"probability",TRUE,TRUE,0
448,"original",TRUE,TRUE,0.0105061636601
448,"capped",TRUE,TRUE,0.00165304722893467
449,"probability",TRUE,TRUE,0
449,"original",TRUE,TRUE,0.00528932453875797
449,"capped",TRUE,TRUE,0.000938433359401358
450,"probability",TRUE,TRUE,0
450,"original",TRUE,TRUE,0.00243789103610226
450,"capped",TRUE,TRUE,0.00275464187480878
451,"probability",TRUE,TRUE,0
451,"original",TRUE,TRUE,0.00722591446687204
451,"capped",TRUE,TRUE,0.00289754319221913
452,"probability",TRUE,TRUE,0
452,"original",TRUE,TRUE,0.00057903317078356
452,"capped",TRUE,TRUE,0.000574315229616928
453,"probability",TRUE,TRUE,0
453,"original",TRUE,TRUE,0.00236622106174877
453,"capped",TRUE,TRUE,0.000306423181676507
454,"probability",TRUE,TRUE,0
454,"original",TRUE,TRUE,0.00151166672621628
454,"capped",TRUE,TRUE,0.000279406706390262
455,"probability",TRUE,TRUE,0
455,"original",TRUE,TRUE,0.00359630710479664
455,"capped",TRUE,TRUE,0.00130725466023307
456,"probability",TRUE,TRUE,0
456,"original",TRUE,TRUE,0.0084557968796517
456,"capped",TRUE,TRUE,0.00314569451614233
457,"probability",TRUE,TRUE,0
457,"original",TRUE,TRUE,0.00589772342880224
457,"capped",TRUE,TRUE,0.000653517637161372
458,"probability",TRUE,TRUE,0
458,"original",TRUE,TRUE,0.00143475267572057
458,"capped",TRUE,TRUE,0.00188753545943143
459,"probability",TRUE,TRUE,0
459,"original",TRUE,TRUE,0.000845011022335029
459,"capped",TRUE,TRUE,0.0043545917502481
460,"probability",TRUE,TRUE,0
460,"original",TRUE,TRUE,0.00374173763291097
460,"capped",TRUE,TRUE,0.00101215973968394
461,"probability",TRUE,TRUE,0
461,"original",TRUE,TRUE,0.000595030397050778
461,"capped",TRUE,TRUE,0.000491499916655869
462,"probability",TRUE,TRUE,0
462,"original",TRUE,TRUE,0.00278805924244097
462,"capped",TRUE,TRUE,0.000833103041479433
463,"probability",TRUE,TRUE,0
463,"original",TRUE,TRUE,0.00433946759054749
463,"capped",TRUE,TRUE,0.000397441245802099
464,"probability",TRUE,TRUE,0
464,"original",TRUE,TRUE,0.00450057390270864
464,"capped",TRUE,TRUE,0.000826791661634019
465,"probability",TRUE,TRUE,0
465,"original",TRUE,TRUE,0.00143194194199836
465,"capped",TRUE,TRUE,0.000724674411760162
466,"probability",TRUE,TRUE,0
466,"original",TRUE,TRUE,0.00246077251684795
466,"capped",TRUE,TRUE,0.00101592131584027
467,"probability",TRUE,TRUE,0
467,"original",TRUE,TRUE,0.00603544714839899
467,"capped",TRUE,TRUE,0.00250967209039032
468,"probability",TRUE,TRUE,0
468,"original",TRUE,TRUE,0.00267338764338199
468,"capped",TRUE,TRUE,0.00106264313924953
469,"probability",TRUE,TRUE,0
469,"original",TRUE,TRUE,0.00216133415511877
469,"capped",TRUE,TRUE,0.000597017922089549
470,"probability",TRUE,TRUE,0
470,"original",TRUE,TRUE,0.0219427879188103
470,"capped",TRUE,TRUE,0.00122561399997778
471,"probability",TRUE,TRUE,0
471,"original",TRUE,TRUE,0.00428449996746139
471,"capped",TRUE,TRUE,0.000887629003237578
472,"probability",TRUE,TRUE,0
472,"original",TRUE,TRUE,0.00504911846565292
472,"capped",TRUE,TRUE,0.000629530722038751
473,"probability",TRUE,TRUE,0
473,"original",TRUE,TRUE,0.00443511620601811
473,"capped",TRUE,TRUE,0.0013051812026994
474,"probability",TRUE,TRUE,0
474,"original",TRUE,TRUE,0.000423561773310155
474,"capped",TRUE,TRUE,0.00089013719123443
475,"probability",TRUE,TRUE,0
475,"original",TRUE,TRUE,0.00290091448931662
475,"capped",TRUE,TRUE,0.000750038203179315
476,"probability",TRUE,TRUE,0
476,"original",TRUE,TRUE,0.00325227177787646
476,"capped",TRUE,TRUE,0.000605795971203804
477,"probability",TRUE,TRUE,0
477,"original",TRUE,TRUE,0.0023984322279933
477,"capped",TRUE,TRUE,0.0010863352891306
478,"probability",TRUE,TRUE,0
478,"original",TRUE,TRUE,0.00330982269667146
478,"capped",TRUE,TRUE,0.00136138332904778
479,"probability",TRUE,TRUE,0
479,"original",TRUE,TRUE,0.00634650868669695
479,"capped",TRUE,TRUE,0.000830964688567803
480,"probability",TRUE,TRUE,0
480,"original",TRUE,TRUE,0.00399980660859001
480,"capped",TRUE,TRUE,0.000837220194590316
481,"probability",TRUE,TRUE,0
481,"original",TRUE,TRUE,0.00234732365149881
481,"capped",TRUE,TRUE,0.00252237859567828
482,"probability",TRUE,TRUE,0
482,"original",TRUE,TRUE,0.00057287647988602
482,"capped",TRUE,TRUE,0.000264212276581688
483,"probability",TRUE,TRUE,0
483,"original",TRUE,TRUE,0.00206688758676776
483,"capped",TRUE,TRUE,0.000710557727938266
484,"probability",TRUE,TRUE,0
484,"original",TRUE,TRUE,0.00259448197392231
484,"capped",TRUE,TRUE,0.00101251199975394
485,"probability",TRUE,TRUE,0
485,"original",TRUE,TRUE,0.00395815973968894
485,"capped",TRUE,TRUE,0.00117547658082628
486,"probability",TRUE,TRUE,0
486,"original",TRUE,TRUE,0.00826212863738185
486,"capped",TRUE,TRUE,0.000817279609620414
487,"probability",TRUE,TRUE,0
487,"original",TRUE,TRUE,0.000768345560672401
487,"capped",TRUE,TRUE,0.00143288116573359
488,"probability",TRUE,TRUE,0
488,"original",TRUE,TRUE,0.00135622473483821
488,"capped",TRUE,TRUE,0.000759087383645607
489,"probability",TRUE,TRUE,0
489,"original",TRUE,TRUE,0.0030672550077675
489,"capped",TRUE,TRUE,0.00163233474670577
490,"probability",TRUE,TRUE,0
490,"original",TRUE,TRUE,0.00219877034675164
490,"capped",TRUE,TRUE,0.00111853011595109
491,"probability",TRUE,TRUE,0
491,"original",TRUE,TRUE,0.00755264431704461
491,"capped",TRUE,TRUE,0.00173273804403351
492,"probability",TRUE,TRUE,0
492,"original",TRUE,TRUE,0.000857448023673157
492,"capped",TRUE,TRUE,0.0021701735082047
493,"probability",TRUE,TRUE,0
493,"original",TRUE,TRUE,0.00461153772767631
493,"capped",TRUE,TRUE,0.00132138014154748
494,"probability",TRUE,TRUE,0
494,"original",TRUE,TRUE,0.00301081203190989
494,"capped",TRUE,TRUE,0.00128948155926878
495,"probability",TRUE,TRUE,0
495,"original",TRUE,TRUE,0.00310363492801002
495,"capped",TRUE,TRUE,0.000914848482693742
496,"probability",TRUE,TRUE,0
496,"original",TRUE,TRUE,0.00122892329218871
496,"capped",TRUE,TRUE,0.00107869412607542
497,"probability",TRUE,TRUE,0
497,"original",TRUE,TRUE,0.00110031112610898
497,"capped",TRUE,TRUE,0.00176383405162994
498,"probability",TRUE,TRUE,0
498,"original",TRUE,TRUE,0.000358823098416394
498,"capped",TRUE,TRUE,0.00132552778149275
499,"probability",TRUE,TRUE,0
499,"original",TRUE,TRUE,0.000469746812274963
499,"capped",TRUE,TRUE,0.000556946227582955
500,"probability",TRUE,TRUE,0
500,"original",TRUE,TRUE,0.000831531707419231
500,"capped",TRUE,TRUE,0.0015222101576029
501,"probability",TRUE,TRUE,0
501,"original",TRUE,TRUE,0.00336817421553803
501,"capped",TRUE,TRUE,0.00176721183709105
502,"probability",TRUE,TRUE,0
502,"original",TRUE,TRUE,0.000801854540512181
502,"capped",TRUE,TRUE,0.000375082404911353
503,"probability",TRUE,TRUE,0
503,"original",TRUE,TRUE,0.000580629167501456
503,"capped",TRUE,TRUE,0.000563874454655888
504,"probability",TRUE,TRUE,0
504,"original",TRUE,TRUE,0.00662995975480385
504,"capped",TRUE,TRUE,0.000521756633027337
505,"probability",TRUE,TRUE,0
505,"original",TRUE,TRUE,0.00789716612734637
505,"capped",TRUE,TRUE,0.00281325056816684
506,"probability",TRUE,TRUE,0
506,"original",TRUE,TRUE,0.000717560456450883
506,"capped",TRUE,TRUE,0.00104843268195864
507,"probability",TRUE,TRUE,0
507,"original",TRUE,TRUE,0.00139526027457393
507,"capped",TRUE,TRUE,0.000843059952181591
508,"probability",TRUE,TRUE,0
508,"original",TRUE,TRUE,0.00325536005645688
508,"capped",TRUE,TRUE,0.00076058806944701
509,"probability",TRUE,TRUE,0
509,"original",TRUE,TRUE,0.00334428498548078
509,"capped",TRUE,TRUE,0.000940387370999218
510,"probability",TRUE,TRUE,0
510,"original",TRUE,TRUE,0.000865802941078186
510,"capped",TRUE,TRUE,0.00152345074150873
511,"probability",TRUE,TRUE,0
511,"original",TRUE,TRUE,0.00139476201842115
511,"capped",TRUE,TRUE,0.000244201869589844
512,"probability",TRUE,TRUE,0
512,"original",TRUE,TRUE,0.00054225189877144
512,"capped",TRUE,TRUE,0.000483665566303415
513,"probability",TRUE,TRUE,0
513,"original",TRUE,TRUE,0.000495715518745499
513,"capped",TRUE,TRUE,0.000334930741992423
514,"probability",TRUE,TRUE,0
514,"original",TRUE,TRUE,0.00219720064382756
514,"capped",TRUE,TRUE,0.000967835046967735
515,"probability",TRUE,TRUE,0
515,"original",TRUE,TRUE,0.00227314240795806
515,"capped",TRUE,TRUE,0.000224595590573529
516,"probability",TRUE,TRUE,0
516,"original",TRUE,TRUE,0.00791272550801736
516,"capped",TRUE,TRUE,0.00167842759253745
517,"probability",TRUE,TRUE,0
517,"original",TRUE,TRUE,0.000722898298107566
517,"capped",TRUE,TRUE,0.000938209769643095
518,"probability",TRUE,TRUE,0
518,"original",TRUE,TRUE,0.00334333586582858
518,"capped",TRUE,TRUE,0.00115945022506381
519,"probability",TRUE,TRUE,0
519,"original",TRUE,TRUE,0.00255984880652704
519,"capped",TRUE,TRUE,0.000420760651188345
520,"probability",TRUE,TRUE,0
520,"original",TRUE,TRUE,0.00511799144548064
520,"capped",TRUE,TRUE,0.000777032631802399
521,"probability",TRUE,TRUE,0
521,"original",TRUE,TRUE,0.00507135393622349
521,"capped",TRUE,TRUE,0.000590644515945371
522,"probability",TRUE,TRUE,0
522,"original",TRUE,TRUE,0.00199448167668947
522,"capped",TRUE,TRUE,0.00219042905075284
523,"probability",TRUE,TRUE,0
523,"original",TRUE,TRUE,0.00116624765970741
523,"capped",TRUE,TRUE,0.00099075214111366
524,"probability",TRUE,TRUE,0
524,"original",TRUE,TRUE,0.00120929213410648
524,"capped",TRUE,TRUE,0.00137128706467848
525,"probability",TRUE,TRUE,0
525,"original",TRUE,TRUE,0.00185089379894521
525,"capped",TRUE,TRUE,0.000460443119948195
526,"probability",TRUE,TRUE,0
526,"original",TRUE,TRUE,0.00246570363519183
526,"capped",TRUE,TRUE,0.00175631294826317
527,"probability",TRUE,TRUE,0
527,"original",TRUE,TRUE,0.00525539488913296
527,"capped",TRUE,TRUE,0.00129370689213459
528,"probability",TRUE,TRUE,0
528,"original",TRUE,TRUE,0.00454665280702571
528,"capped",TRUE,TRUE,0.00122837899392891
529,"probability",TRUE,TRUE,0
529,"original",TRUE,TRUE,0.00376153137533564
529,"capped",TRUE,TRUE,0.000549865554368978
530,"probability",TRUE,TRUE,0
530,"original",TRUE,TRUE,0.0024630807234729
530,"capped",TRUE,TRUE,0.0014725711866177
531,"probability",TRUE,TRUE,0
531,"original",TRUE,TRUE,0.00284105037619042
531,"capped",TRUE,TRUE,0.00234889954317907
532,"probability",TRUE,TRUE,0
532,"original",TRUE,TRUE,0.00563927369985251
532,"capped",TRUE,TRUE,0.00217785177407848
533,"probability",TRUE,TRUE,0
533,"original",TRUE,TRUE,0.00179205514181291
533,"capped",TRUE,TRUE,0.0011862045304234
534,"probability",TRUE,TRUE,0
534,"original",TRUE,TRUE,0.00390645905442
534,"capped",TRUE,TRUE,0.0010575650184137
535,"probability",TRUE,TRUE,0
535,"original",TRUE,TRUE,0.0119042681628585
535,"capped",TRUE,TRUE,0.00161072893401837
536,"probability",TRUE,TRUE,0
536,"original",TRUE,TRUE,0.00175340720145556
536,"capped",TRUE,TRUE,0.00169961264169771
537,"probability",TRUE,TRUE,0
537,"original",TRUE,TRUE,0.00103004038026455
537,"capped",TRUE,TRUE,0.00254015147812936
538,"probability",TRUE,TRUE,0
538,"original",TRUE,TRUE,0.00367348079169694
538,"capped",TRUE,TRUE,0.000142558485499933
539,"probability",TRUE,TRUE,0
539,"original",TRUE,TRUE,0.00231091950529816
539,"capped",TRUE,TRUE,0.00044736901200082
540,"probability",TRUE,TRUE,0
540,"original",TRUE,TRUE,0.00155990595430566
540,"capped",TRUE,TRUE,0.00102512587854164
541,"probability",TRUE,TRUE,0
541,"original",TRUE,TRUE,0.00137559403331267
541,"capped",TRUE,TRUE,0.00150956422407234
542,"probability",TRUE,TRUE,0
542,"original",TRUE,TRUE,0.00212154650161267
542,"capped",TRUE,TRUE,0.000528707218613533
543,"probability",TRUE,TRUE,0
543,"original",TRUE,TRUE,0.00370665015037019
543,"capped",TRUE,TRUE,0.00113823396347357
544,"probability",TRUE,TRUE,0
544,"original",TRUE,TRUE,0.00250747728267342
544,"capped",TRUE,TRUE,0.00185275013775055
545,"probability",TRUE,TRUE,0
545,"original",TRUE,TRUE,0.0105806769476331
545,"capped",TRUE,TRUE,0.000930252939021159
546,"probability",TRUE,TRUE,0
546,"original",TRUE,TRUE,0.00116958444881021
546,"capped",TRUE,TRUE,0.0015938588527078
547,"probability",TRUE,TRUE,0
547,"original",TRUE,TRUE,0.00980595629144076
547,"capped",TRUE,TRUE,0.0016582001210228
548,"probability",TRUE,TRUE,0
548,"original",TRUE,TRUE,0.0107426253256904
548,"capped",TRUE,TRUE,0.000731668937092422
549,"probability",TRUE,TRUE,0
549,"original",TRUE,TRUE,0.0055455064972918
549,"capped",TRUE,TRUE,0.00142760756142479
550,"probability",TRUE,TRUE,0
550,"original",TRUE,TRUE,0.0019036411644997
550,"capped",TRUE,TRUE,0.00158944151510454
551,"probability",TRUE,TRUE,0
551,"original",TRUE,TRUE,0.00303853690746081
551,"capped",TRUE,TRUE,0.000428904031558375
552,"probability",TRUE,TRUE,0
552,"original",TRUE,TRUE,0.00182641610925316
552,"capped",TRUE,TRUE,0.000844768894921799
553,"probability",TRUE,TRUE,0
553,"original",TRUE,TRUE,0.00369086017498432
553,"capped",TRUE,TRUE,0.000981068067474666
554,"probability",TRUE,TRUE,0
554,"original",TRUE,TRUE,0.000486222625376342
554,"capped",TRUE,TRUE,0.00042806358261771
555,"probability",TRUE,TRUE,0
555,"original",TRUE,TRUE,0.00303729856155854
555,"capped",TRUE,TRUE,0.000822309605137406
556,"probability",TRUE,TRUE,0
556,"original",TRUE,TRUE,0.00235329151838215
556,"capped",TRUE,TRUE,0.000441039666618792
557,"probability",TRUE,TRUE,0
557,"original",TRUE,TRUE,0.00237799489368484
557,"capped",TRUE,TRUE,0.00271213933659098
558,"probability",TRUE,TRUE,0
558,"original",TRUE,TRUE,0.00322363906219358
558,"capped",TRUE,TRUE,0.00158896555095112
559,"probability",TRUE,TRUE,0
559,"original",TRUE,TRUE,0.00223589893560039
559,"capped",TRUE,TRUE,0.00330222582091011
560,"probability",TRUE,TRUE,0
560,"original",TRUE,TRUE,0.00434135023085247
560,"capped",TRUE,TRUE,0.00166624323562559
561,"probability",TRUE,TRUE,0
561,"original",TRUE,TRUE,0.00129244009881546
561,"capped",TRUE,TRUE,0.00102702045458614
562,"probability",TRUE,TRUE,0
562,"original",TRUE,TRUE,0.00634655578880938
562,"capped",TRUE,TRUE,0.0016608465019381
563,"probability",TRUE,TRUE,0
563,"original",TRUE,TRUE,0.00460731525856772
563,"capped",TRUE,TRUE,0.00170987373275722
564,"probability",TRUE,TRUE,0
564,"original",TRUE,TRUE,0.0011358564136259
564,"capped",TRUE,TRUE,0.000477930089267886
565,"probability",TRUE,TRUE,0
565,"original",TRUE,TRUE,0.00414921223756259
565,"capped",TRUE,TRUE,0.000786927028038065
566,"probability",TRUE,TRUE,0
566,"original",TRUE,TRUE,0.00780792914219575
566,"capped",TRUE,TRUE,0.000866174943581655
567,"probability",TRUE,TRUE,0
567,"original",TRUE,TRUE,0.00277697046442427
567,"capped",TRUE,TRUE,0.00230266844053517
568,"probability",TRUE,TRUE,0
568,"original",TRUE,TRUE,0.00265086099008016
568,"capped",TRUE,TRUE,0.000533424606302901
569,"probability",TRUE,TRUE,0
569,"original",TRUE,TRUE,0.00192807954962504
569,"capped",TRUE,TRUE,0.00119598557567535
570,"probability",TRUE,TRUE,0
570,"original",TRUE,TRUE,0.00162495339885282
570,"capped",TRUE,TRUE,0.000142191771931977
571,"probability",TRUE,TRUE,0
571,"original",TRUE,TRUE,0.0056897869737611
571,"capped",TRUE,TRUE,0.00202181272448243
572,"probability",TRUE,TRUE,0
572,"original",TRUE,TRUE,0.00520145564629004
572,"capped",TRUE,TRUE,0.00342831049574954
573,"probability",TRUE,TRUE,0
573,"original",TRUE,TRUE,0.00104915683320428
573,"capped",TRUE,TRUE,0.00206441716351691
574,"probability",TRUE,TRUE,0
574,"original",TRUE,TRUE,0.00765966236654947
574,"capped",TRUE,TRUE,0.00126290279921193
575,"probability",TRUE,TRUE,0
575,"original",TRUE,TRUE,0.0102030224012442
575,"capped",TRUE,TRUE,0.00427368310747855
576,"probability",TRUE,TRUE,0
576,"original",TRUE,TRUE,0.00781891999887208
576,"capped",TRUE,TRUE,0.000515279754011999
577,"probability",TRUE,TRUE,0
577,"original",TRUE,TRUE,0.00392910641225797
577,"capped",TRUE,TRUE,0.0005128399177039
578,"probability",TRUE,TRUE,0
578,"original",TRUE,TRUE,0.00837386573022769
578,"capped",TRUE,TRUE,0.000591327278813836
579,"probability",TRUE,TRUE,0
579,"original",TRUE,TRUE,0.00263457307180204
579,"capped",TRUE,TRUE,0.00160770920325959
580,"probability",TRUE,TRUE,0
580,"original",TRUE,TRUE,0.00287392870048109
580,"capped",TRUE,TRUE,0.0013687786750296
581,"probability",TRUE,TRUE,0
581,"original",TRUE,TRUE,0.000477523380766343
581,"capped",TRUE,TRUE,0.00077171258555353
582,"probability",TRUE,TRUE,0
582,"original",TRUE,TRUE,0.00107170030204173
582,"capped",TRUE,TRUE,0.000647681603346939
583,"probability",TRUE,TRUE,0
583,"original",TRUE,TRUE,0.000306198555502846
583,"capped",TRUE,TRUE,0.000521179508837122
584,"probability",TRUE,TRUE,0
584,"original",TRUE,TRUE,0.00265875169388252
584,"capped",TRUE,TRUE,0.000940490123056748
585,"probability",TRUE,TRUE,0
585,"original",TRUE,TRUE,0.00278177907031463
585,"capped",TRUE,TRUE,0.000905929529174898
586,"probability",TRUE,TRUE,0
586,"original",TRUE,TRUE,0.00537578180884424
586,"capped",TRUE,TRUE,0.00114496961770705
587,"probability",TRUE,TRUE,0
587,"original",TRUE,TRUE,0.00153493605317889
587,"capped",TRUE,TRUE,0.00184138748733886
588,"probability",TRUE,TRUE,0
588,"original",TRUE,TRUE,0.00053906187932995
588,"capped",TRUE,TRUE,0.000356506210970053
589,"probability",TRUE,TRUE,0
589,"original",TRUE,TRUE,0.00714675755867944
589,"capped",TRUE,TRUE,0.00183910226372319
590,"probability",TRUE,TRUE,0
590,"original",TRUE,TRUE,0.00279632849447076
590,"capped",TRUE,TRUE,0.000854740996047099
591,"probability",TRUE,TRUE,0
591,"original",TRUE,TRUE,0.00419230717649555
591,"capped",TRUE,TRUE,0.000978212871149964
592,"probability",TRUE,TRUE,0
592,"original",TRUE,TRUE,0.00140980414879444
592,"capped",TRUE,TRUE,0.00283303619397834
593,"probability",TRUE,TRUE,0
593,"original",TRUE,TRUE,0.00141113270700277
593,"capped",TRUE,TRUE,0.000299914619866115
594,"probability",TRUE,TRUE,0
594,"original",TRUE,TRUE,0.00554934395275808
594,"capped",TRUE,TRUE,0.00107605595751892
595,"probability",TRUE,TRUE,0
595,"original",TRUE,TRUE,0.00267150694394047
595,"capped",TRUE,TRUE,0.00073930409538292
596,"probability",TRUE,TRUE,0
596,"original",TRUE,TRUE,0.00215350684406701
596,"capped",TRUE,TRUE,0.00159186800998157
597,"probability",TRUE,TRUE,0
597,"original",TRUE,TRUE,0.00638611175766002
597,"capped",TRUE,TRUE,0.00254118075444865
598,"probability",TRUE,TRUE,0
598,"original",TRUE,TRUE,0.00125546706593127
598,"capped",TRUE,TRUE,0.000871785967532901
599,"probability",TRUE,TRUE,0
599,"original",TRUE,TRUE,0.00424415733793104
599,"capped",TRUE,TRUE,0.00210271644808202
600,"probability",TRUE,TRUE,0
600,"original",TRUE,TRUE,0.00249213848912433
600,"capped",TRUE,TRUE,0.00136807340085454
601,"probability",TRUE,TRUE,0
601,"original",TRUE,TRUE,0.00112287598013339
601,"capped",TRUE,TRUE,0.00171551376497092
602,"probability",TRUE,TRUE,0
602,"original",TRUE,TRUE,0.0031442399119257
602,"capped",TRUE,TRUE,9.32529487407407e-05
603,"probability",TRUE,TRUE,0
603,"original",TRUE,TRUE,0.00337240982413789
603,"capped",TRUE,TRUE,0.000590808941353771
604,"probability",TRUE,TRUE,0
604,"original",TRUE,TRUE,0.00125047645602194
604,"capped",TRUE,TRUE,0.0015254069348174
605,"probability",TRUE,TRUE,0
605,"original",TRUE,TRUE,0.00480190459693652
605,"capped",TRUE,TRUE,0.000402902418265683
606,"probability",TRUE,TRUE,0
606,"original",TRUE,TRUE,0.00502430396824849
606,"capped",TRUE,TRUE,0.000556565649290519
607,"probability",TRUE,TRUE,0
607,"original",TRUE,TRUE,0.00254240758194157
607,"capped",TRUE,TRUE,0.000558416065409517
608,"probability",TRUE,TRUE,0
608,"original",TRUE,TRUE,0.00181813712498524
608,"capped",TRUE,TRUE,0.000871672264416645
609,"probability",TRUE,TRUE,0
609,"original",TRUE,TRUE,0.000639572864226778
609,"capped",TRUE,TRUE,0.000628653572501747
610,"probability",TRUE,TRUE,0
610,"original",TRUE,TRUE,0.00443568537836114
610,"capped",TRUE,TRUE,0.00125089983421844
611,"probability",TRUE,TRUE,0
611,"original",TRUE,TRUE,0.00539573780391223
611,"capped",TRUE,TRUE,0.00100594449870073
612,"probability",TRUE,TRUE,0
612,"original",TRUE,TRUE,0.00621664995385629
612,"capped",TRUE,TRUE,0.00206884104906635
613,"probability",TRUE,TRUE,0
613,"original",TRUE,TRUE,0.00208038452926829
613,"capped",TRUE,TRUE,0.00150853041203547
614,"probability",TRUE,TRUE,0
614,"original",TRUE,TRUE,0.00105161474893833
614,"capped",TRUE,TRUE,0.000752492356507872
615,"probability",TRUE,TRUE,0
615,"original",TRUE,TRUE,0.00290339862757349
615,"capped",TRUE,TRUE,0.00201463538749991
616,"probability",TRUE,TRUE,0
616,"original",TRUE,TRUE,0.00230859059585242
616,"capped",TRUE,TRUE,0.000994442911625981
617,"probability",TRUE,TRUE,0
617,"original",TRUE,TRUE,0.00802315075403115
617,"capped",TRUE,TRUE,0.000685077532031286
618,"probability",TRUE,TRUE,0
618,"original",FALSE,TRUE,NA
618,"capped",TRUE,TRUE,0.00262945464663744
619,"probability",TRUE,TRUE,0
619,"original",TRUE,TRUE,0.000639644911935022
619,"capped",TRUE,TRUE,0.00116550372940338
620,"probability",TRUE,TRUE,0
620,"original",TRUE,TRUE,0.00165362433201466
620,"capped",TRUE,TRUE,0.000527436991013985
621,"probability",TRUE,TRUE,0
621,"original",TRUE,TRUE,0.00186356650909225
621,"capped",TRUE,TRUE,0.00200876720965049
622,"probability",TRUE,TRUE,0
622,"original",TRUE,TRUE,0.000199420584095833
622,"capped",TRUE,TRUE,0.000343009182515175
623,"probability",TRUE,TRUE,0
623,"original",TRUE,TRUE,0.00270910318990047
623,"capped",TRUE,TRUE,0.00157931339000328
624,"probability",TRUE,TRUE,0
624,"original",TRUE,TRUE,0.00186163225008329
624,"capped",TRUE,TRUE,0.000948352351763049
625,"probability",TRUE,TRUE,0
625,"original",TRUE,TRUE,0.00198778825669166
625,"capped",TRUE,TRUE,0.000322524582749395
626,"probability",TRUE,TRUE,0
626,"original",FALSE,TRUE,NA
626,"capped",TRUE,TRUE,0.00284856718932502
627,"probability",TRUE,TRUE,0
627,"original",TRUE,TRUE,0.0051964226435075
627,"capped",TRUE,TRUE,0.00218310696098456
628,"probability",TRUE,TRUE,0
628,"original",TRUE,TRUE,0.0151843172080994
628,"capped",TRUE,TRUE,0.00105049351019915
629,"probability",TRUE,TRUE,0
629,"original",TRUE,TRUE,0.00636996505742715
629,"capped",TRUE,TRUE,0.00110009956092938
630,"probability",TRUE,TRUE,0
630,"original",TRUE,TRUE,0.00459174463744461
630,"capped",TRUE,TRUE,0.00054754029124382
631,"probability",TRUE,TRUE,0
631,"original",TRUE,TRUE,0.00119752089933201
631,"capped",TRUE,TRUE,0.00150427916002371
632,"probability",TRUE,TRUE,0
632,"original",TRUE,TRUE,0.00139966499998678
632,"capped",TRUE,TRUE,0.00090926150769377
633,"probability",TRUE,TRUE,0
633,"original",TRUE,TRUE,0.00234589501008031
633,"capped",TRUE,TRUE,0.00141123931058829
634,"probability",TRUE,TRUE,0
634,"original",FALSE,TRUE,NA
634,"capped",TRUE,TRUE,0.00172147983414561
635,"probability",TRUE,TRUE,0
635,"original",TRUE,TRUE,0.0068787776753183
635,"capped",TRUE,TRUE,0.0017991660441723
636,"probability",TRUE,TRUE,0
636,"original",TRUE,TRUE,0.00602419160203382
636,"capped",TRUE,TRUE,0.00256811108258148
637,"probability",TRUE,TRUE,0
637,"original",TRUE,TRUE,0.000881454580927254
637,"capped",TRUE,TRUE,0.000875453665294401
638,"probability",TRUE,TRUE,0
638,"original",TRUE,TRUE,0.000338387206873847
638,"capped",TRUE,TRUE,0.0012984765885875
639,"probability",TRUE,TRUE,0
639,"original",TRUE,TRUE,0.00111512150256488
639,"capped",TRUE,TRUE,0.00116082419384611
640,"probability",TRUE,TRUE,0
640,"original",TRUE,TRUE,0.0106549792568487
640,"capped",TRUE,TRUE,0.00227300276284836
641,"probability",TRUE,TRUE,0
641,"original",TRUE,TRUE,0.00323488676422556
641,"capped",TRUE,TRUE,0.00180401199262903
642,"probability",TRUE,TRUE,0
642,"original",TRUE,TRUE,0.00244652616897412
642,"capped",TRUE,TRUE,0.000412715392602792
643,"probability",TRUE,TRUE,0
643,"original",TRUE,TRUE,0.00113280006638661
643,"capped",TRUE,TRUE,0.000433464678771145
644,"probability",TRUE,TRUE,0
644,"original",TRUE,TRUE,0.00686885082445343
644,"capped",TRUE,TRUE,0.00267298038793484
645,"probability",TRUE,TRUE,0
645,"original",TRUE,TRUE,0.0024086415049851
645,"capped",TRUE,TRUE,0.00264257432382919
646,"probability",TRUE,TRUE,0
646,"original",TRUE,TRUE,0.000739566310571149
646,"capped",TRUE,TRUE,0.00111186185137768
647,"probability",TRUE,TRUE,0
647,"original",TRUE,TRUE,0.00405511014309212
647,"capped",TRUE,TRUE,0.0012502176991056
648,"probability",TRUE,TRUE,0
648,"original",TRUE,TRUE,0.0066883047299342
648,"capped",TRUE,TRUE,0.00351264556800857
649,"probability",TRUE,TRUE,0
649,"original",TRUE,TRUE,0.005524723955876
649,"capped",TRUE,TRUE,0.000615575483013941
650,"probability",TRUE,TRUE,0
650,"original",TRUE,TRUE,0.000357530269644357
650,"capped",TRUE,TRUE,0.000913962592321127
651,"probability",TRUE,TRUE,0
651,"original",TRUE,TRUE,0.000889706732593254
651,"capped",TRUE,TRUE,0.001636834252011
652,"probability",TRUE,TRUE,0
652,"original",TRUE,TRUE,0.00578138921154192
652,"capped",TRUE,TRUE,0.00040675391732492
653,"probability",TRUE,TRUE,0
653,"original",TRUE,TRUE,0.00366273595924937
653,"capped",TRUE,TRUE,0.00166959966091085
654,"probability",TRUE,TRUE,0
654,"original",TRUE,TRUE,0.00292515846009422
654,"capped",TRUE,TRUE,0.00158390094766503
655,"probability",TRUE,TRUE,0
655,"original",TRUE,TRUE,0.00103413031945365
655,"capped",TRUE,TRUE,0.00160097513147406
656,"probability",TRUE,TRUE,0
656,"original",TRUE,TRUE,0.00136647099028409
656,"capped",TRUE,TRUE,0.00077210139930628
657,"probability",TRUE,TRUE,0
657,"original",TRUE,TRUE,0.00312938484837133
657,"capped",TRUE,TRUE,0.000960147727290916
658,"probability",TRUE,TRUE,0
658,"original",TRUE,TRUE,0.00181018862167548
658,"capped",TRUE,TRUE,0.000433695204034024
659,"probability",TRUE,TRUE,0
659,"original",TRUE,TRUE,0.00844189968574582
659,"capped",TRUE,TRUE,0.000533426062045095
660,"probability",TRUE,TRUE,0
660,"original",TRUE,TRUE,0.00196232635095228
660,"capped",TRUE,TRUE,0.00168672471293618
661,"probability",TRUE,TRUE,0
661,"original",TRUE,TRUE,0.00470244248649898
661,"capped",TRUE,TRUE,0.00108912494762592
662,"probability",TRUE,TRUE,0
662,"original",TRUE,TRUE,0.00685557768486689
662,"capped",TRUE,TRUE,0.000845440152041022
663,"probability",TRUE,TRUE,0
663,"original",TRUE,TRUE,0.00577895818180707
663,"capped",TRUE,TRUE,0.00154561092965766
664,"probability",TRUE,TRUE,0
664,"original",TRUE,TRUE,0.00196285394083695
664,"capped",TRUE,TRUE,0.00247360681855469
665,"probability",TRUE,TRUE,0
665,"original",TRUE,TRUE,0.00197187473736093
665,"capped",TRUE,TRUE,0.000925004540732743
666,"probability",TRUE,TRUE,0
666,"original",TRUE,TRUE,0.00346203881323959
666,"capped",TRUE,TRUE,0.00195735981054668
667,"probability",TRUE,TRUE,0
667,"original",TRUE,TRUE,0.00320492671457373
667,"capped",TRUE,TRUE,0.000776998129204287
668,"probability",TRUE,TRUE,0
668,"original",TRUE,TRUE,0.00152161398112582
668,"capped",TRUE,TRUE,0.000506126578407873
669,"probability",TRUE,TRUE,0
669,"original",TRUE,TRUE,0.00592633485576854
669,"capped",TRUE,TRUE,0.00112568023653736
670,"probability",TRUE,TRUE,0
670,"original",TRUE,TRUE,0.00396535924784303
670,"capped",TRUE,TRUE,0.00108295293406968
671,"probability",TRUE,TRUE,0
671,"original",TRUE,TRUE,0.00377622856452575
671,"capped",TRUE,TRUE,0.00218663896989568
672,"probability",TRUE,TRUE,0
672,"original",TRUE,TRUE,0.00429717841218036
672,"capped",TRUE,TRUE,0.000281066560262389
673,"probability",TRUE,TRUE,0
673,"original",TRUE,TRUE,0.0205769065303443
673,"capped",TRUE,TRUE,0.00222596387825291
674,"probability",TRUE,TRUE,0
674,"original",TRUE,TRUE,0.000679190281054787
674,"capped",TRUE,TRUE,0.00142468464180467
675,"probability",TRUE,TRUE,0
675,"original",TRUE,TRUE,0.00734753935675059
675,"capped",TRUE,TRUE,0.00268664590869605
676,"probability",TRUE,TRUE,0
676,"original",TRUE,TRUE,0.00172612101994929
676,"capped",TRUE,TRUE,0.00142235429230908
677,"probability",TRUE,TRUE,0
677,"original",TRUE,TRUE,0.018423818530394
677,"capped",TRUE,TRUE,0.00275595094734626
678,"probability",TRUE,TRUE,0
678,"original",TRUE,TRUE,0.00310941601284043
678,"capped",TRUE,TRUE,0.00130994983076249
679,"probability",TRUE,TRUE,0
679,"original",TRUE,TRUE,0.00185997234691726
679,"capped",TRUE,TRUE,0.00117337246428484
680,"probability",TRUE,TRUE,0
680,"original",TRUE,TRUE,0.00465439429129333
680,"capped",TRUE,TRUE,0.000341132467653438
681,"probability",TRUE,TRUE,0
681,"original",TRUE,TRUE,0.0200457919701194
681,"capped",TRUE,TRUE,0.00345075805357808
682,"probability",TRUE,TRUE,0
682,"original",TRUE,TRUE,0.00539226915760338
682,"capped",TRUE,TRUE,0.00201407727651137
683,"probability",TRUE,TRUE,0
683,"original",TRUE,TRUE,0.00291742730959044
683,"capped",TRUE,TRUE,0.00081140957949799
684,"probability",TRUE,TRUE,0
684,"original",TRUE,TRUE,0.00297317321081447
684,"capped",TRUE,TRUE,0.00257471358985484
685,"probability",TRUE,TRUE,0
685,"original",TRUE,TRUE,0.00355646251779973
685,"capped",TRUE,TRUE,0.000428149430945268
686,"probability",TRUE,TRUE,0
686,"original",FALSE,TRUE,NA
686,"capped",TRUE,TRUE,0.00186940311162687
687,"probability",TRUE,TRUE,0
687,"original",TRUE,TRUE,0.0112584895900039
687,"capped",TRUE,TRUE,0.000459739899099532
688,"probability",TRUE,TRUE,0
688,"original",TRUE,TRUE,0.00190186028864048
688,"capped",TRUE,TRUE,0.000518726885086807
689,"probability",TRUE,TRUE,0
689,"original",TRUE,TRUE,0.00250651784470435
689,"capped",TRUE,TRUE,0.000497450352078488
690,"probability",TRUE,TRUE,0
690,"original",TRUE,TRUE,0.00187687479923504
690,"capped",TRUE,TRUE,0.000336183845782045
691,"probability",TRUE,TRUE,0
691,"original",TRUE,TRUE,0.00364729994850066
691,"capped",TRUE,TRUE,0.000257527914641287
692,"probability",TRUE,TRUE,0
692,"original",TRUE,TRUE,0.00241375486830542
692,"capped",TRUE,TRUE,0.00235238061239329
693,"probability",TRUE,TRUE,0
693,"original",TRUE,TRUE,0.00453147565613676
693,"capped",TRUE,TRUE,0.000341598338955862
694,"probability",TRUE,TRUE,0
694,"original",TRUE,TRUE,0.00132426002253538
694,"capped",TRUE,TRUE,0.000727353641583051
695,"probability",TRUE,TRUE,0
695,"original",TRUE,TRUE,0.00797283145494987
695,"capped",TRUE,TRUE,0.0006516073607159
696,"probability",TRUE,TRUE,0
696,"original",TRUE,TRUE,0.00512948663795143
696,"capped",TRUE,TRUE,0.00109961935188529
697,"probability",TRUE,TRUE,0
697,"original",TRUE,TRUE,0.00305212157675072
697,"capped",TRUE,TRUE,0.00182068059024232
698,"probability",TRUE,TRUE,0
698,"original",TRUE,TRUE,0.00189531390890707
698,"capped",TRUE,TRUE,0.000467772606430827
699,"probability",TRUE,TRUE,0
699,"original",TRUE,TRUE,0.00375371905622401
699,"capped",TRUE,TRUE,0.00130343477946937
700,"probability",TRUE,TRUE,0
700,"original",TRUE,TRUE,0.0045211170188999
700,"capped",TRUE,TRUE,0.00136571363945492
701,"probability",TRUE,TRUE,0
701,"original",TRUE,TRUE,0.0027892403979024
701,"capped",TRUE,TRUE,0.000962898020418379
702,"probability",TRUE,TRUE,0
702,"original",FALSE,TRUE,NA
702,"capped",TRUE,TRUE,0.001763409631236
703,"probability",TRUE,TRUE,0
703,"original",TRUE,TRUE,0.00221074768904117
703,"capped",TRUE,TRUE,0.00115749238452878
704,"probability",TRUE,TRUE,0
704,"original",TRUE,TRUE,0.00165866943132897
704,"capped",TRUE,TRUE,0.00114398803583171
705,"probability",TRUE,TRUE,0
705,"original",TRUE,TRUE,0.0124065206520818
705,"capped",TRUE,TRUE,0.00138533441699096
706,"probability",TRUE,TRUE,0
706,"original",TRUE,TRUE,0.00584398597177938
706,"capped",TRUE,TRUE,0.000761950368740827
707,"probability",TRUE,TRUE,0
707,"original",TRUE,TRUE,0.000786219451775594
707,"capped",TRUE,TRUE,0.000373163698775159
708,"probability",TRUE,TRUE,0
708,"original",TRUE,TRUE,0.00226351637515165
708,"capped",TRUE,TRUE,0.00100084254616206
709,"probability",TRUE,TRUE,0
709,"original",TRUE,TRUE,0.00129409205012365
709,"capped",TRUE,TRUE,0.00070231816764732
710,"probability",TRUE,TRUE,0
710,"original",TRUE,TRUE,0.0027841309032226
710,"capped",TRUE,TRUE,0.00143661811635809
711,"probability",TRUE,TRUE,0
711,"original",TRUE,TRUE,0.00458906287510175
711,"capped",TRUE,TRUE,0.00101913673449161
712,"probability",TRUE,TRUE,0
712,"original",TRUE,TRUE,0.00321240461684802
712,"capped",TRUE,TRUE,0.000550546751895808
713,"probability",TRUE,TRUE,0
713,"original",TRUE,TRUE,0.00117210134450119
713,"capped",TRUE,TRUE,0.0023353680359719
714,"probability",TRUE,TRUE,0
714,"original",TRUE,TRUE,0.00235607257097215
714,"capped",TRUE,TRUE,0.00101454150697933
715,"probability",TRUE,TRUE,0
715,"original",TRUE,TRUE,0.0037504972283422
715,"capped",TRUE,TRUE,0.000407582924346173
716,"probability",TRUE,TRUE,0
716,"original",TRUE,TRUE,0.00272929898362406
716,"capped",TRUE,TRUE,0.00126207676983725
717,"probability",TRUE,TRUE,0
717,"original",TRUE,TRUE,0.00450572184849563
717,"capped",TRUE,TRUE,0.000475411858225527
718,"probability",TRUE,TRUE,0
718,"original",FALSE,TRUE,NA
718,"capped",TRUE,TRUE,0.00180686690818543
719,"probability",TRUE,TRUE,0
719,"original",TRUE,TRUE,0.003491055923865
719,"capped",TRUE,TRUE,0.00113658737128475
720,"probability",TRUE,TRUE,0
720,"original",TRUE,TRUE,0.00506232892465164
720,"capped",TRUE,TRUE,0.000766742183792246
721,"probability",TRUE,TRUE,0
721,"original",TRUE,TRUE,0.00424959079321852
721,"capped",TRUE,TRUE,0.000693333342585589
722,"probability",TRUE,TRUE,0
722,"original",TRUE,TRUE,0.0114810469838791
722,"capped",TRUE,TRUE,0.000259144307854342
723,"probability",TRUE,TRUE,0
723,"original",TRUE,TRUE,0.00200291194277469
723,"capped",TRUE,TRUE,0.0012410682753945
724,"probability",TRUE,TRUE,0
724,"original",TRUE,TRUE,0.00304969606126804
724,"capped",TRUE,TRUE,0.000925762788313023
725,"probability",TRUE,TRUE,0
725,"original",TRUE,TRUE,0.00242223151747822
725,"capped",TRUE,TRUE,0.00250594258551118
726,"probability",TRUE,TRUE,0
726,"original",TRUE,TRUE,0.00681149535526515
726,"capped",TRUE,TRUE,0.00109041546032174
727,"probability",TRUE,TRUE,0
727,"original",TRUE,TRUE,0.000948297499157036
727,"capped",TRUE,TRUE,0.00105624444611152
728,"probability",TRUE,TRUE,0
728,"original",TRUE,TRUE,0.000803404382043738
728,"capped",TRUE,TRUE,0.00128583812742988
729,"probability",TRUE,TRUE,0
729,"original",TRUE,TRUE,0.0023187915411178
729,"capped",TRUE,TRUE,0.000286768801528225
730,"probability",TRUE,TRUE,0
730,"original",TRUE,TRUE,0.00172048377628187
730,"capped",TRUE,TRUE,0.0017866781861855
731,"probability",TRUE,TRUE,0
731,"original",TRUE,TRUE,0.000693649795501017
731,"capped",TRUE,TRUE,0.00136062250686564
732,"probability",TRUE,TRUE,0
732,"original",TRUE,TRUE,0.00580464107923362
732,"capped",TRUE,TRUE,0.000335791546707043
733,"probability",TRUE,TRUE,0
733,"original",TRUE,TRUE,0.0107016258262043
733,"capped",TRUE,TRUE,0.000266791538074074
734,"probability",TRUE,TRUE,0
734,"original",TRUE,TRUE,0.00171661833230985
734,"capped",TRUE,TRUE,0.000871831749748253
735,"probability",TRUE,TRUE,0
735,"original",TRUE,TRUE,0.00539916315413436
735,"capped",TRUE,TRUE,0.0012477600411458
736,"probability",TRUE,TRUE,0
736,"original",TRUE,TRUE,0.00387027841777199
736,"capped",TRUE,TRUE,0.00161958601216661
737,"probability",TRUE,TRUE,0
737,"original",TRUE,TRUE,0.000396314356763128
737,"capped",TRUE,TRUE,0.000605017613906966
738,"probability",TRUE,TRUE,0
738,"original",TRUE,TRUE,0.00815287559474598
738,"capped",TRUE,TRUE,0.000860056925731101
739,"probability",TRUE,TRUE,0
739,"original",TRUE,TRUE,0.00385659628355484
739,"capped",TRUE,TRUE,0.00176097665722352
740,"probability",TRUE,TRUE,0
740,"original",TRUE,TRUE,0.00665316884767009
740,"capped",TRUE,TRUE,0.00180799405091037
741,"probability",TRUE,TRUE,0
741,"original",TRUE,TRUE,0.0227888423150979
741,"capped",TRUE,TRUE,0.000673095415223202
742,"probability",TRUE,TRUE,0
742,"original",TRUE,TRUE,0.0017983052762105
742,"capped",TRUE,TRUE,0.00133289938043291
743,"probability",TRUE,TRUE,0
743,"original",TRUE,TRUE,0.00050002654042558
743,"capped",TRUE,TRUE,0.000788950369820185
744,"probability",TRUE,TRUE,0
744,"original",TRUE,TRUE,0.00361946099422994
744,"capped",TRUE,TRUE,0.00374218223356237
745,"probability",TRUE,TRUE,0
745,"original",TRUE,TRUE,0.00546112146475508
745,"capped",TRUE,TRUE,0.00128014443420454
746,"probability",TRUE,TRUE,0
746,"original",TRUE,TRUE,0.000701111329476589
746,"capped",TRUE,TRUE,0.000866612442106174
747,"probability",TRUE,TRUE,0
747,"original",TRUE,TRUE,0.0039832596003837
747,"capped",TRUE,TRUE,0.00271773955802956
748,"probability",TRUE,TRUE,0
748,"original",TRUE,TRUE,0.00345459870629838
748,"capped",TRUE,TRUE,0.00235989702028405
749,"probability",TRUE,TRUE,0
749,"original",TRUE,TRUE,0.00324795730383087
749,"capped",TRUE,TRUE,0.00119844705218242
750,"probability",TRUE,TRUE,0
750,"original",TRUE,TRUE,0.00144988341993724
750,"capped",TRUE,TRUE,0.00089486944921191
751,"probability",TRUE,TRUE,0
751,"original",TRUE,TRUE,0.00704435055526176
751,"capped",TRUE,TRUE,0.00089233594137994
752,"probability",TRUE,TRUE,0
752,"original",TRUE,TRUE,0.00316674847587706
752,"capped",TRUE,TRUE,0.00164914405354466
753,"probability",TRUE,TRUE,0
753,"original",FALSE,TRUE,NA
753,"capped",TRUE,TRUE,0.000719054193634605
754,"probability",TRUE,TRUE,0
754,"original",TRUE,TRUE,0.000588252684579516
754,"capped",TRUE,TRUE,0.000223142737659998
755,"probability",TRUE,TRUE,0
755,"original",TRUE,TRUE,0.00214133163881058
755,"capped",TRUE,TRUE,0.000271436006237025
756,"probability",TRUE,TRUE,0
756,"original",TRUE,TRUE,0.00128712292477928
756,"capped",TRUE,TRUE,0.000237987227244219
757,"probability",TRUE,TRUE,0
757,"original",TRUE,TRUE,0.00435469159139323
757,"capped",TRUE,TRUE,0.00148459282807245
758,"probability",TRUE,TRUE,0
758,"original",TRUE,TRUE,0.00195304904968907
758,"capped",TRUE,TRUE,0.000584674298721666
759,"probability",TRUE,TRUE,0
759,"original",TRUE,TRUE,0.00341964526380423
759,"capped",TRUE,TRUE,0.00114919507392841
760,"probability",TRUE,TRUE,0
760,"original",TRUE,TRUE,0.00183583640626495
760,"capped",TRUE,TRUE,0.00254215066821928
761,"probability",TRUE,TRUE,0
761,"original",TRUE,TRUE,0.00165976557028813
761,"capped",TRUE,TRUE,0.000645976183022867
762,"probability",TRUE,TRUE,0
762,"original",TRUE,TRUE,0.00504545645414822
762,"capped",TRUE,TRUE,0.0010426390467515
763,"probability",TRUE,TRUE,0
763,"original",TRUE,TRUE,0.00670873719616694
763,"capped",TRUE,TRUE,0.00284653664098045
764,"probability",TRUE,TRUE,0
764,"original",TRUE,TRUE,0.00359344103288706
764,"capped",TRUE,TRUE,0.000869414542318481
765,"probability",TRUE,TRUE,0
765,"original",TRUE,TRUE,0.00275386491151153
765,"capped",TRUE,TRUE,0.000822720286755896
766,"probability",TRUE,TRUE,0
766,"original",TRUE,TRUE,0.00340621424203746
766,"capped",TRUE,TRUE,0.00153805816385244
767,"probability",TRUE,TRUE,0
767,"original",TRUE,TRUE,0.00261223968261959
767,"capped",TRUE,TRUE,0.000833865141942169
768,"probability",TRUE,TRUE,0
768,"original",TRUE,TRUE,0.000659186334644346
768,"capped",TRUE,TRUE,0.000908982123004165
769,"probability",TRUE,TRUE,0
769,"original",TRUE,TRUE,0.000558325664634651
769,"capped",TRUE,TRUE,0.00105629227792292
770,"probability",TRUE,TRUE,0
770,"original",TRUE,TRUE,0.00190422845081883
770,"capped",TRUE,TRUE,0.000748128420504202
771,"probability",TRUE,TRUE,0
771,"original",TRUE,TRUE,0.00106769038313814
771,"capped",TRUE,TRUE,0.00183272050905003
772,"probability",TRUE,TRUE,0
772,"original",TRUE,TRUE,0.000721818454689327
772,"capped",TRUE,TRUE,0.000200099678700383
773,"probability",TRUE,TRUE,0
773,"original",TRUE,TRUE,0.00286566131540322
773,"capped",TRUE,TRUE,8.8221785119913e-05
774,"probability",TRUE,TRUE,0
774,"original",FALSE,TRUE,NA
774,"capped",TRUE,TRUE,0.00357386399117132
775,"probability",TRUE,TRUE,0
775,"original",TRUE,TRUE,0.00207075483575636
775,"capped",TRUE,TRUE,0.00049772285856875
776,"probability",TRUE,TRUE,0
776,"original",TRUE,TRUE,0.00221161529809422
776,"capped",TRUE,TRUE,0.00127861297107046
777,"probability",TRUE,TRUE,0
777,"original",TRUE,TRUE,0.00172463846244852
777,"capped",TRUE,TRUE,0.000331147413469068
778,"probability",TRUE,TRUE,0
778,"original",TRUE,TRUE,0.0134601828895136
778,"capped",TRUE,TRUE,0.00118992763896841
779,"probability",TRUE,TRUE,0
779,"original",TRUE,TRUE,0.007964351412312
779,"capped",TRUE,TRUE,0.00122960467498245
780,"probability",TRUE,TRUE,0
780,"original",TRUE,TRUE,0.000251297591411515
780,"capped",TRUE,TRUE,0.0014058838335842
781,"probability",TRUE,TRUE,0
781,"original",TRUE,TRUE,0.0037085491023916
781,"capped",TRUE,TRUE,0.0015461409105697
782,"probability",TRUE,TRUE,0
782,"original",TRUE,TRUE,0.00279677734471306
782,"capped",TRUE,TRUE,0.000623788324396912
783,"probability",TRUE,TRUE,0
783,"original",TRUE,TRUE,0.000818666187242911
783,"capped",TRUE,TRUE,0.00097759794776664
784,"probability",TRUE,TRUE,0
784,"original",TRUE,TRUE,0.00942570798324738
784,"capped",TRUE,TRUE,0.0027902549443013
785,"probability",TRUE,TRUE,0
785,"original",TRUE,TRUE,0.00591403692034476
785,"capped",TRUE,TRUE,0.00205531080072063
786,"probability",TRUE,TRUE,0
786,"original",TRUE,TRUE,0.00702499997997208
786,"capped",TRUE,TRUE,0.00190571338419687
787,"probability",TRUE,TRUE,0
787,"original",TRUE,TRUE,0.000914230896810864
787,"capped",TRUE,TRUE,0.00100476750844081
788,"probability",TRUE,TRUE,0
788,"original",TRUE,TRUE,0.00466641935467749
788,"capped",TRUE,TRUE,0.00123613200558026
789,"probability",TRUE,TRUE,0
789,"original",TRUE,TRUE,0.00180620620233185
789,"capped",TRUE,TRUE,0.00270906484412947
790,"probability",TRUE,TRUE,0
790,"original",TRUE,TRUE,0.00699467956734878
790,"capped",TRUE,TRUE,0.000481943959119491
791,"probability",TRUE,TRUE,0
791,"original",TRUE,TRUE,0.00200436649811309
791,"capped",TRUE,TRUE,0.00107202188371502
792,"probability",TRUE,TRUE,0
792,"original",TRUE,TRUE,0.0153397780215059
792,"capped",TRUE,TRUE,0.000389648863112768
793,"probability",TRUE,TRUE,0
793,"original",TRUE,TRUE,0.00510358861095739
793,"capped",TRUE,TRUE,0.0010414331463906
794,"probability",TRUE,TRUE,0
794,"original",TRUE,TRUE,0.00332590865471616
794,"capped",TRUE,TRUE,0.00100618310949585
795,"probability",TRUE,TRUE,0
795,"original",TRUE,TRUE,0.00177821558602176
795,"capped",TRUE,TRUE,0.0014046591429917
796,"probability",TRUE,TRUE,0
796,"original",TRUE,TRUE,0.00671419178651611
796,"capped",TRUE,TRUE,0.00221466251846358
797,"probability",TRUE,TRUE,0
797,"original",TRUE,TRUE,0.0058092206666629
797,"capped",TRUE,TRUE,0.00107647793387855
798,"probability",TRUE,TRUE,0
798,"original",TRUE,TRUE,0.000946422824299908
798,"capped",TRUE,TRUE,0.00036082416408334
799,"probability",TRUE,TRUE,0
799,"original",TRUE,TRUE,0.000804230673331574
799,"capped",TRUE,TRUE,0.000744200953288754
800,"probability",TRUE,TRUE,0
800,"original",TRUE,TRUE,0.00216766526719425
800,"capped",TRUE,TRUE,0.000889763576665814
801,"probability",TRUE,TRUE,0
801,"original",TRUE,TRUE,0.00251240011245812
801,"capped",TRUE,TRUE,0.00138684533367517
802,"probability",TRUE,TRUE,0
802,"original",TRUE,TRUE,0.00150128029737573
802,"capped",TRUE,TRUE,0.00147927690164096
803,"probability",TRUE,TRUE,0
803,"original",TRUE,TRUE,0.00409840943352435
803,"capped",TRUE,TRUE,0.000476717060106324
804,"probability",TRUE,TRUE,0
804,"original",TRUE,TRUE,0.00281685212123506
804,"capped",TRUE,TRUE,0.00151267973748048
805,"probability",TRUE,TRUE,0
805,"original",TRUE,TRUE,0.00285717474691083
805,"capped",TRUE,TRUE,0.000710304331182243
806,"probability",TRUE,TRUE,0
806,"original",TRUE,TRUE,0.00182047325428414
806,"capped",TRUE,TRUE,0.00097875634509137
807,"probability",TRUE,TRUE,0
807,"original",TRUE,TRUE,0.00106139446479148
807,"capped",TRUE,TRUE,0.000578776631190436
808,"probability",TRUE,TRUE,0
808,"original",TRUE,TRUE,0.00208985107019544
808,"capped",TRUE,TRUE,0.00098033063754599
809,"probability",TRUE,TRUE,0
809,"original",TRUE,TRUE,0.00196240698067385
809,"capped",TRUE,TRUE,0.00103286882320752
810,"probability",TRUE,TRUE,0
810,"original",TRUE,TRUE,0.00248518364741912
810,"capped",TRUE,TRUE,0.00167799219787312
811,"probability",TRUE,TRUE,0
811,"original",TRUE,TRUE,0.00121151974231637
811,"capped",TRUE,TRUE,0.000819031297247363
812,"probability",TRUE,TRUE,0
812,"original",TRUE,TRUE,0.00360792784128705
812,"capped",TRUE,TRUE,0.000725072686030614
813,"probability",TRUE,TRUE,0
813,"original",TRUE,TRUE,0.00107384992065107
813,"capped",TRUE,TRUE,0.000411065617186068
814,"probability",TRUE,TRUE,0
814,"original",TRUE,TRUE,0.00312925594334246
814,"capped",TRUE,TRUE,0.00119383309154131
815,"probability",TRUE,TRUE,0
815,"original",TRUE,TRUE,0.00281649010882479
815,"capped",TRUE,TRUE,0.00214665596234731
816,"probability",TRUE,TRUE,0
816,"original",TRUE,TRUE,0.00248093431381236
816,"capped",TRUE,TRUE,0.000251272073945374
817,"probability",TRUE,TRUE,0
817,"original",TRUE,TRUE,0.0031463859697709
817,"capped",TRUE,TRUE,0.00221950357851597
818,"probability",TRUE,TRUE,0
818,"original",TRUE,TRUE,0.00136760754428877
818,"capped",TRUE,TRUE,0.000301377237846623
819,"probability",TRUE,TRUE,0
819,"original",TRUE,TRUE,0.00297892103198905
819,"capped",TRUE,TRUE,0.00084619778775874
820,"probability",TRUE,TRUE,0
820,"original",TRUE,TRUE,0.00103661636536145
820,"capped",TRUE,TRUE,0.000636109265535367
821,"probability",TRUE,TRUE,0
821,"original",TRUE,TRUE,0.00109230638339852
821,"capped",TRUE,TRUE,0.00031087107976191
822,"probability",TRUE,TRUE,0
822,"original",TRUE,TRUE,0.00515244127741354
822,"capped",TRUE,TRUE,0.001594577269735
823,"probability",TRUE,TRUE,0
823,"original",TRUE,TRUE,0.00412477611949669
823,"capped",TRUE,TRUE,0.00203556019778262
824,"probability",TRUE,TRUE,0
824,"original",TRUE,TRUE,0.00172022100132097
824,"capped",TRUE,TRUE,0.00151253101443771
825,"probability",TRUE,TRUE,0
825,"original",TRUE,TRUE,0.00390730054437682
825,"capped",TRUE,TRUE,0.00134340559118407
826,"probability",TRUE,TRUE,0
826,"original",TRUE,TRUE,0.00441908438032357
826,"capped",TRUE,TRUE,0.00119439591504111
827,"probability",TRUE,TRUE,0
827,"original",TRUE,TRUE,0.00237559556441624
827,"capped",TRUE,TRUE,0.00295140761918589
828,"probability",TRUE,TRUE,0
828,"original",TRUE,TRUE,0.00845899490102653
828,"capped",TRUE,TRUE,0.00125284213488897
829,"probability",TRUE,TRUE,0
829,"original",TRUE,TRUE,0.00128894912762689
829,"capped",TRUE,TRUE,0.000695773244430598
830,"probability",TRUE,TRUE,0
830,"original",TRUE,TRUE,0.00364276162403598
830,"capped",TRUE,TRUE,0.00163447104316461
831,"probability",TRUE,TRUE,0
831,"original",TRUE,TRUE,0.00463153235102709
831,"capped",TRUE,TRUE,0.000799866788764092
832,"probability",TRUE,TRUE,0
832,"original",TRUE,TRUE,0.00118850447248775
832,"capped",TRUE,TRUE,0.000769361365819066
833,"probability",TRUE,TRUE,0
833,"original",TRUE,TRUE,0.00281060418800649
833,"capped",TRUE,TRUE,0.000513138674250513
834,"probability",TRUE,TRUE,0
834,"original",TRUE,TRUE,0.00120593762328269
834,"capped",TRUE,TRUE,0.00375085234297501
835,"probability",TRUE,TRUE,0
835,"original",TRUE,TRUE,0.004742753364539
835,"capped",TRUE,TRUE,0.00184274295876463
836,"probability",TRUE,TRUE,0
836,"original",TRUE,TRUE,0.00118352428226842
836,"capped",TRUE,TRUE,0.000579840217302063
837,"probability",TRUE,TRUE,0
837,"original",TRUE,TRUE,0.0030057671027528
837,"capped",TRUE,TRUE,0.00122520434447182
838,"probability",TRUE,TRUE,0
838,"original",TRUE,TRUE,0.00499432683191259
838,"capped",TRUE,TRUE,0.000766497762864304
839,"probability",TRUE,TRUE,0
839,"original",TRUE,TRUE,0.00143122340339019
839,"capped",TRUE,TRUE,0.000602374009059048
840,"probability",TRUE,TRUE,0
840,"original",TRUE,TRUE,0.000667308553065737
840,"capped",TRUE,TRUE,0.00065041329996518
841,"probability",TRUE,TRUE,0
841,"original",TRUE,TRUE,0.00335862436318024
841,"capped",TRUE,TRUE,0.00122167414683361
842,"probability",TRUE,TRUE,0
842,"original",TRUE,TRUE,0.0039731209288778
842,"capped",TRUE,TRUE,0.00175809063621912
843,"probability",TRUE,TRUE,0
843,"original",TRUE,TRUE,0.00134829900945377
843,"capped",TRUE,TRUE,0.0017553430135564
844,"probability",TRUE,TRUE,0
844,"original",TRUE,TRUE,0.000893081105168392
844,"capped",TRUE,TRUE,0.000613318192282719
845,"probability",TRUE,TRUE,0
845,"original",TRUE,TRUE,0.00735236749988744
845,"capped",TRUE,TRUE,0.00115877960066157
846,"probability",TRUE,TRUE,0
846,"original",TRUE,TRUE,0.00425957577159863
846,"capped",TRUE,TRUE,0.00166399253517824
847,"probability",TRUE,TRUE,0
847,"original",TRUE,TRUE,0.00179985413464578
847,"capped",TRUE,TRUE,0.00203348572986428
848,"probability",TRUE,TRUE,0
848,"original",TRUE,TRUE,0.00349060473245544
848,"capped",TRUE,TRUE,0.00170813190000985
849,"probability",TRUE,TRUE,0
849,"original",TRUE,TRUE,0.0041179219306855
849,"capped",TRUE,TRUE,0.00115861385975791
850,"probability",TRUE,TRUE,0
850,"original",TRUE,TRUE,0.00242658624340919
850,"capped",TRUE,TRUE,0.00176840801517386
851,"probability",TRUE,TRUE,0
851,"original",TRUE,TRUE,0.00201317225096531
851,"capped",TRUE,TRUE,0.0026322048105385
852,"probability",TRUE,TRUE,0
852,"original",TRUE,TRUE,0.00272486013620643
852,"capped",TRUE,TRUE,0.00141990558800842
853,"probability",TRUE,TRUE,0
853,"original",TRUE,TRUE,0.00105973325948838
853,"capped",TRUE,TRUE,0.00102585042573367
854,"probability",TRUE,TRUE,0
854,"original",TRUE,TRUE,0.00070183460555695
854,"capped",TRUE,TRUE,0.00106139581771458
855,"probability",TRUE,TRUE,0
855,"original",TRUE,TRUE,0.00144405258905067
855,"capped",TRUE,TRUE,0.000841690908210069
856,"probability",TRUE,TRUE,0
856,"original",TRUE,TRUE,0.00174562970990166
856,"capped",TRUE,TRUE,0.00078926182737149
857,"probability",TRUE,TRUE,0
857,"original",TRUE,TRUE,0.00204227751286012
857,"capped",TRUE,TRUE,0.00085518192222267
858,"probability",TRUE,TRUE,0
858,"original",TRUE,TRUE,0.00299980733304395
858,"capped",TRUE,TRUE,0.000458203091689313
859,"probability",TRUE,TRUE,0
859,"original",TRUE,TRUE,0.00436275555941645
859,"capped",TRUE,TRUE,0.00130351616751057
860,"probability",TRUE,TRUE,0
860,"original",TRUE,TRUE,0.00157940639818577
860,"capped",TRUE,TRUE,0.000664128379888496
861,"probability",TRUE,TRUE,0
861,"original",TRUE,TRUE,0.000923601716593225
861,"capped",TRUE,TRUE,0.00179298174125364
862,"probability",TRUE,TRUE,0
862,"original",TRUE,TRUE,0.00155041412464385
862,"capped",TRUE,TRUE,0.000667259293209099
863,"probability",TRUE,TRUE,0
863,"original",FALSE,TRUE,NA
863,"capped",TRUE,TRUE,0.00204965854712569
864,"probability",TRUE,TRUE,0
864,"original",TRUE,TRUE,0.00659950680439181
864,"capped",TRUE,TRUE,0.00143723401937734
865,"probability",TRUE,TRUE,0
865,"original",TRUE,TRUE,0.00119744082216755
865,"capped",TRUE,TRUE,0.000588024151454647
866,"probability",TRUE,TRUE,0
866,"original",TRUE,TRUE,0.00109790373841179
866,"capped",TRUE,TRUE,0.00129724708398271
867,"probability",TRUE,TRUE,0
867,"original",TRUE,TRUE,0.00432649662461415
867,"capped",TRUE,TRUE,0.00277838996524338
868,"probability",TRUE,TRUE,0
868,"original",TRUE,TRUE,0.000470295792602826
868,"capped",TRUE,TRUE,0.000278429089092924
869,"probability",TRUE,TRUE,0
869,"original",TRUE,TRUE,0.00288859125087271
869,"capped",TRUE,TRUE,0.000944630816071879
870,"probability",TRUE,TRUE,0
870,"original",TRUE,TRUE,0.00524244083196734
870,"capped",TRUE,TRUE,0.00184133805281839
871,"probability",TRUE,TRUE,0
871,"original",TRUE,TRUE,0.00397526824490768
871,"capped",TRUE,TRUE,0.00191678065903034
872,"probability",TRUE,TRUE,0
872,"original",TRUE,TRUE,0.00175131770829751
872,"capped",TRUE,TRUE,0.00138621663295879
873,"probability",TRUE,TRUE,0
873,"original",TRUE,TRUE,0.0025326883173733
873,"capped",TRUE,TRUE,0.000607861068324667
874,"probability",TRUE,TRUE,0
874,"original",TRUE,TRUE,0.00319035663785172
874,"capped",TRUE,TRUE,0.00118552667489524
875,"probability",TRUE,TRUE,0
875,"original",TRUE,TRUE,0.00303287810851316
875,"capped",TRUE,TRUE,0.00243473194967692
876,"probability",TRUE,TRUE,0
876,"original",TRUE,TRUE,0.00117382973366631
876,"capped",TRUE,TRUE,0.000501745801084752
877,"probability",TRUE,TRUE,0
877,"original",TRUE,TRUE,0.00298221909717356
877,"capped",TRUE,TRUE,0.00052460201361626
878,"probability",TRUE,TRUE,0
878,"original",TRUE,TRUE,0.0058971760909472
878,"capped",TRUE,TRUE,0.00170392659892826
879,"probability",TRUE,TRUE,0
879,"original",TRUE,TRUE,0.00550921918651071
879,"capped",TRUE,TRUE,0.000904819341982943
880,"probability",TRUE,TRUE,0
880,"original",TRUE,TRUE,0.00139355042801625
880,"capped",TRUE,TRUE,0.00190373854502468
881,"probability",TRUE,TRUE,0
881,"original",TRUE,TRUE,0.0127101778002263
881,"capped",TRUE,TRUE,0.000599835201853693
882,"probability",TRUE,TRUE,0
882,"original",TRUE,TRUE,0.00225325655298647
882,"capped",TRUE,TRUE,0.00182574268637037
883,"probability",TRUE,TRUE,0
883,"original",TRUE,TRUE,0.00106483657475565
883,"capped",TRUE,TRUE,0.00031836130546381
884,"probability",TRUE,TRUE,0
884,"original",TRUE,TRUE,0.00231250459133037
884,"capped",TRUE,TRUE,0.00122094957047381
885,"probability",TRUE,TRUE,0
885,"original",TRUE,TRUE,0.00333802849261744
885,"capped",TRUE,TRUE,0.00035622262485191
886,"probability",TRUE,TRUE,0
886,"original",TRUE,TRUE,0.00153801445962642
886,"capped",TRUE,TRUE,0.00209468540012026
887,"probability",TRUE,TRUE,0
887,"original",TRUE,TRUE,0.00488328933462867
887,"capped",TRUE,TRUE,0.000864982643847156
888,"probability",TRUE,TRUE,0
888,"original",TRUE,TRUE,0.00257026562457696
888,"capped",TRUE,TRUE,0.000257125627001642
889,"probability",TRUE,TRUE,0
889,"original",TRUE,TRUE,0.0067422601802889
889,"capped",TRUE,TRUE,0.000863856091511295
890,"probability",TRUE,TRUE,0
890,"original",TRUE,TRUE,0.000719010014535115
890,"capped",TRUE,TRUE,0.0010995459459906
891,"probability",TRUE,TRUE,0
891,"original",TRUE,TRUE,0.00177888877122712
891,"capped",TRUE,TRUE,0.000396224879089857
892,"probability",TRUE,TRUE,0
892,"original",TRUE,TRUE,0.00289692417142717
892,"capped",TRUE,TRUE,0.0015477030515445
893,"probability",TRUE,TRUE,0
893,"original",TRUE,TRUE,0.000708073213715465
893,"capped",TRUE,TRUE,0.000803179413445321
894,"probability",TRUE,TRUE,0
894,"original",TRUE,TRUE,0.00296410725164975
894,"capped",TRUE,TRUE,0.00026861669962841
895,"probability",TRUE,TRUE,0
895,"original",TRUE,TRUE,0.00146466474380702
895,"capped",TRUE,TRUE,0.00077450695507153
896,"probability",TRUE,TRUE,0
896,"original",TRUE,TRUE,0.00186764360177349
896,"capped",TRUE,TRUE,0.00122661826799231
897,"probability",TRUE,TRUE,0
897,"original",TRUE,TRUE,0.00196284578327877
897,"capped",TRUE,TRUE,0.00132254852420743
898,"probability",TRUE,TRUE,0
898,"original",TRUE,TRUE,0.00434115311958294
898,"capped",TRUE,TRUE,0.00103758117461794
899,"probability",TRUE,TRUE,0
899,"original",TRUE,TRUE,0.000368158987093636
899,"capped",TRUE,TRUE,0.00120027209748486
900,"probability",TRUE,TRUE,0
900,"original",TRUE,TRUE,0.00722345540123293
900,"capped",TRUE,TRUE,0.000678771540997047
901,"probability",TRUE,TRUE,0
901,"original",TRUE,TRUE,0.00236409141931304
901,"capped",TRUE,TRUE,0.00139734385319201
902,"probability",TRUE,TRUE,0
902,"original",TRUE,TRUE,0.00108875988284041
902,"capped",TRUE,TRUE,0.00122348154786067
903,"probability",TRUE,TRUE,0
903,"original",TRUE,TRUE,0.00366990787064836
903,"capped",TRUE,TRUE,0.00147358085374449
904,"probability",TRUE,TRUE,0
904,"original",TRUE,TRUE,0.00322381108589909
904,"capped",TRUE,TRUE,0.000933207456935037
905,"probability",TRUE,TRUE,0
905,"original",TRUE,TRUE,0.00558477919517131
905,"capped",TRUE,TRUE,0.000536748573132684
906,"probability",TRUE,TRUE,0
906,"original",TRUE,TRUE,0.00397219967418749
906,"capped",TRUE,TRUE,0.000342994867584157
907,"probability",TRUE,TRUE,0
907,"original",TRUE,TRUE,0.00409602211182403
907,"capped",TRUE,TRUE,0.000802673242154661
908,"probability",TRUE,TRUE,0
908,"original",TRUE,TRUE,0.00503910940646612
908,"capped",TRUE,TRUE,0.00085560780417282
909,"probability",TRUE,TRUE,0
909,"original",TRUE,TRUE,0.00202439472740679
909,"capped",TRUE,TRUE,0.000848822574297969
910,"probability",TRUE,TRUE,0
910,"original",TRUE,TRUE,0.0035331680891133
910,"capped",TRUE,TRUE,0.000885585887949958
911,"probability",TRUE,TRUE,0
911,"original",TRUE,TRUE,0.000913896858577345
911,"capped",TRUE,TRUE,0.0016282190818302
912,"probability",TRUE,TRUE,0
912,"original",TRUE,TRUE,0.00120702229332181
912,"capped",TRUE,TRUE,0.00249697360938583
913,"probability",TRUE,TRUE,0
913,"original",TRUE,TRUE,0.0050257020038238
913,"capped",TRUE,TRUE,0.000396987364023715
914,"probability",TRUE,TRUE,0
914,"original",TRUE,TRUE,0.0037207576246594
914,"capped",TRUE,TRUE,0.000592662654234744
915,"probability",TRUE,TRUE,0
915,"original",TRUE,TRUE,0.00828799673425351
915,"capped",TRUE,TRUE,0.0018756140922882
916,"probability",TRUE,TRUE,0
916,"original",TRUE,TRUE,0.00131866881585907
916,"capped",TRUE,TRUE,0.00107146413138892
917,"probability",TRUE,TRUE,0
917,"original",TRUE,TRUE,0.00310352710285144
917,"capped",TRUE,TRUE,0.0016970583100715
918,"probability",TRUE,TRUE,0
918,"original",TRUE,TRUE,0.00369029805768051
918,"capped",TRUE,TRUE,0.00330349884546521
919,"probability",TRUE,TRUE,0
919,"original",TRUE,TRUE,0.00255966739569047
919,"capped",TRUE,TRUE,0.0011323238523353
920,"probability",TRUE,TRUE,0
920,"original",TRUE,TRUE,0.00642840417962631
920,"capped",TRUE,TRUE,0.0022605914295255
921,"probability",TRUE,TRUE,0
921,"original",TRUE,TRUE,0.00160692059237277
921,"capped",TRUE,TRUE,0.00209330179932721
922,"probability",TRUE,TRUE,0
922,"original",TRUE,TRUE,0.0021529050325455
922,"capped",TRUE,TRUE,0.000489482104221395
923,"probability",TRUE,TRUE,0
923,"original",TRUE,TRUE,0.00316399560140113
923,"capped",TRUE,TRUE,0.000919371448919293
924,"probability",TRUE,TRUE,0
924,"original",TRUE,TRUE,0.00132886589084791
924,"capped",TRUE,TRUE,0.000579937914736206
925,"probability",TRUE,TRUE,0
925,"original",TRUE,TRUE,0.00193281929345801
925,"capped",TRUE,TRUE,0.00256559399395684
926,"probability",TRUE,TRUE,0
926,"original",TRUE,TRUE,0.0108322148379116
926,"capped",TRUE,TRUE,0.00167644132307032
927,"probability",TRUE,TRUE,0
927,"original",TRUE,TRUE,0.000510323079559782
927,"capped",TRUE,TRUE,0.000308736582375957
928,"probability",TRUE,TRUE,0
928,"original",TRUE,TRUE,0.00483234741093241
928,"capped",TRUE,TRUE,0.0013668023462543
929,"probability",TRUE,TRUE,0
929,"original",TRUE,TRUE,0.00343220414311673
929,"capped",TRUE,TRUE,0.00072138616425832
930,"probability",TRUE,TRUE,0
930,"original",TRUE,TRUE,0.00185039570846612
930,"capped",TRUE,TRUE,0.000332175845926486
931,"probability",TRUE,TRUE,0
931,"original",TRUE,TRUE,0.00204580498154172
931,"capped",TRUE,TRUE,0.00150274471764789
932,"probability",TRUE,TRUE,0
932,"original",TRUE,TRUE,0.00688022559297075
932,"capped",TRUE,TRUE,0.00245483577937833
933,"probability",TRUE,TRUE,0
933,"original",TRUE,TRUE,0.00216291012473135
933,"capped",TRUE,TRUE,0.0017466790173728
934,"probability",TRUE,TRUE,0
934,"original",TRUE,TRUE,0.00307949496779258
934,"capped",TRUE,TRUE,0.00249678140423981
935,"probability",TRUE,TRUE,0
935,"original",TRUE,TRUE,0.00197339917341566
935,"capped",TRUE,TRUE,0.0018210601756401
936,"probability",TRUE,TRUE,0
936,"original",TRUE,TRUE,0.00601561525782301
936,"capped",TRUE,TRUE,0.00172037473910791
937,"probability",TRUE,TRUE,0
937,"original",TRUE,TRUE,0.00935682133021487
937,"capped",TRUE,TRUE,0.00185701092528134
938,"probability",TRUE,TRUE,0
938,"original",TRUE,TRUE,0.00238638529035384
938,"capped",TRUE,TRUE,0.000430332382812537
939,"probability",TRUE,TRUE,0
939,"original",TRUE,TRUE,0.0101053233285313
939,"capped",TRUE,TRUE,0.00124873973224737
940,"probability",TRUE,TRUE,0
940,"original",TRUE,TRUE,0.00769905523261372
940,"capped",TRUE,TRUE,0.00025964116886712
941,"probability",TRUE,TRUE,0
941,"original",TRUE,TRUE,0.00278656066289784
941,"capped",TRUE,TRUE,0.000734665510613297
942,"probability",TRUE,TRUE,0
942,"original",TRUE,TRUE,0.00087287824447202
942,"capped",TRUE,TRUE,0.000534148323531269
943,"probability",TRUE,TRUE,0
943,"original",TRUE,TRUE,0.0012664215610414
943,"capped",TRUE,TRUE,0.000749538589502663
944,"probability",TRUE,TRUE,0
944,"original",TRUE,TRUE,0.00815863267871908
944,"capped",TRUE,TRUE,0.0013897624828676
945,"probability",TRUE,TRUE,0
945,"original",TRUE,TRUE,0.00209507548450816
945,"capped",TRUE,TRUE,0.00120115569084689
946,"probability",TRUE,TRUE,0
946,"original",TRUE,TRUE,0.00373281674382042
946,"capped",TRUE,TRUE,0.00275034605983393
947,"probability",TRUE,TRUE,0
947,"original",TRUE,TRUE,0.0021639941905498
947,"capped",TRUE,TRUE,0.00165961338960585
948,"probability",TRUE,TRUE,0
948,"original",TRUE,TRUE,0.00230419116410019
948,"capped",TRUE,TRUE,0.00119155754631706
949,"probability",TRUE,TRUE,0
949,"original",TRUE,TRUE,0.000880127439987888
949,"capped",TRUE,TRUE,0.000966004129178799
950,"probability",TRUE,TRUE,0
950,"original",TRUE,TRUE,0.00683182441910546
950,"capped",TRUE,TRUE,0.0032353404927683
951,"probability",TRUE,TRUE,0
951,"original",TRUE,TRUE,0.00422806803274511
951,"capped",TRUE,TRUE,0.000611401017053481
952,"probability",TRUE,TRUE,0
952,"original",TRUE,TRUE,0.00137018464306848
952,"capped",TRUE,TRUE,0.00155850079864983
953,"probability",TRUE,TRUE,0
953,"original",TRUE,TRUE,0.00681563577656163
953,"capped",TRUE,TRUE,0.000732124426384928
954,"probability",TRUE,TRUE,0
954,"original",TRUE,TRUE,0.00662448408645844
954,"capped",TRUE,TRUE,0.000988038037865735
955,"probability",TRUE,TRUE,0
955,"original",TRUE,TRUE,0.00098666480629106
955,"capped",TRUE,TRUE,0.000928030064422103
956,"probability",TRUE,TRUE,0
956,"original",TRUE,TRUE,0.00379270721027858
956,"capped",TRUE,TRUE,0.00361184390625802
957,"probability",TRUE,TRUE,0
957,"original",TRUE,TRUE,0.00223760873512546
957,"capped",TRUE,TRUE,0.000881395616382008
958,"probability",TRUE,TRUE,0
958,"original",TRUE,TRUE,0.00489462332717316
958,"capped",TRUE,TRUE,0.00282149191216519
959,"probability",TRUE,TRUE,0
959,"original",TRUE,TRUE,0.00603568991137848
959,"capped",TRUE,TRUE,0.000419928286849114
960,"probability",TRUE,TRUE,0
960,"original",TRUE,TRUE,0.00632621457697269
960,"capped",TRUE,TRUE,0.000822703939082459
961,"probability",TRUE,TRUE,0
961,"original",TRUE,TRUE,0.00188973066714127
961,"capped",TRUE,TRUE,0.00276852780539372
962,"probability",TRUE,TRUE,0
962,"original",TRUE,TRUE,0.00401675357211673
962,"capped",TRUE,TRUE,0.000868996648840437
963,"probability",TRUE,TRUE,0
963,"original",TRUE,TRUE,0.00344180049054899
963,"capped",TRUE,TRUE,0.00258618122516907
964,"probability",TRUE,TRUE,0
964,"original",TRUE,TRUE,0.00372760121019522
964,"capped",TRUE,TRUE,0.00150901571531392
965,"probability",TRUE,TRUE,0
965,"original",TRUE,TRUE,0.00179849337904159
965,"capped",TRUE,TRUE,0.00270527036435908
966,"probability",TRUE,TRUE,0
966,"original",TRUE,TRUE,0.00524564587486509
966,"capped",TRUE,TRUE,0.00100311191384961
967,"probability",TRUE,TRUE,0
967,"original",TRUE,TRUE,0.0201699247250495
967,"capped",TRUE,TRUE,0.00202297485296654
968,"probability",TRUE,TRUE,0
968,"original",TRUE,TRUE,0.00327715272644014
968,"capped",TRUE,TRUE,0.00134096242788928
969,"probability",TRUE,TRUE,0
969,"original",TRUE,TRUE,0.00147075373632433
969,"capped",TRUE,TRUE,0.00208526298241196
970,"probability",TRUE,TRUE,0
970,"original",TRUE,TRUE,0.011434728753386
970,"capped",TRUE,TRUE,0.00181945316772669
971,"probability",TRUE,TRUE,0
971,"original",TRUE,TRUE,0.00469301984314896
971,"capped",TRUE,TRUE,0.00170961255481217
972,"probability",TRUE,TRUE,0
972,"original",TRUE,TRUE,0.00300683438648264
972,"capped",TRUE,TRUE,0.00227995493108324
973,"probability",TRUE,TRUE,0
973,"original",TRUE,TRUE,0.00988918195573163
973,"capped",TRUE,TRUE,0.000603162248111744
974,"probability",TRUE,TRUE,0
974,"original",TRUE,TRUE,0.000903511488260733
974,"capped",TRUE,TRUE,0.00059403611062514
975,"probability",TRUE,TRUE,0
975,"original",TRUE,TRUE,0.00265576470639139
975,"capped",TRUE,TRUE,0.00232231959691198
976,"probability",TRUE,TRUE,0
976,"original",TRUE,TRUE,0.000592797424744163
976,"capped",TRUE,TRUE,0.000563903406529676
977,"probability",TRUE,TRUE,0
977,"original",TRUE,TRUE,0.00185001053605305
977,"capped",TRUE,TRUE,0.000166367967250558
978,"probability",TRUE,TRUE,0
978,"original",TRUE,TRUE,0.00145959881475122
978,"capped",TRUE,TRUE,0.000326043755535466
979,"probability",TRUE,TRUE,0
979,"original",TRUE,TRUE,0.003061218240763
979,"capped",TRUE,TRUE,0.000291425641556486
980,"probability",TRUE,TRUE,0
980,"original",TRUE,TRUE,0.0013148047449576
980,"capped",TRUE,TRUE,0.0016866586543145
981,"probability",TRUE,TRUE,0
981,"original",TRUE,TRUE,0.00425181966119226
981,"capped",TRUE,TRUE,0.00165677616595872
982,"probability",TRUE,TRUE,0
982,"original",TRUE,TRUE,0.000508889374046362
982,"capped",TRUE,TRUE,0.000739640668932395
983,"probability",TRUE,TRUE,0
983,"original",TRUE,TRUE,0.00197921568365977
983,"capped",TRUE,TRUE,0.00176929162523187
984,"probability",TRUE,TRUE,0
984,"original",TRUE,TRUE,0.00263496129056762
984,"capped",TRUE,TRUE,0.00135014323579696
985,"probability",TRUE,TRUE,0
985,"original",TRUE,TRUE,0.00144528847705239
985,"capped",TRUE,TRUE,0.000690895296733274
986,"probability",TRUE,TRUE,0
986,"original",TRUE,TRUE,0.00196194554974483
986,"capped",TRUE,TRUE,0.000580852476559812
987,"probability",TRUE,TRUE,0
987,"original",TRUE,TRUE,0.00926746183820981
987,"capped",TRUE,TRUE,0.000946478656626226
988,"probability",TRUE,TRUE,0
988,"original",TRUE,TRUE,0.0031599581072328
988,"capped",TRUE,TRUE,0.00109672714942732
989,"probability",TRUE,TRUE,0
989,"original",TRUE,TRUE,0.00175227457772209
989,"capped",TRUE,TRUE,0.000658650474960609
990,"probability",TRUE,TRUE,0
990,"original",TRUE,TRUE,0.00185424743811069
990,"capped",TRUE,TRUE,0.00112208282495629
991,"probability",TRUE,TRUE,0
991,"original",TRUE,TRUE,0.00343779534853184
991,"capped",TRUE,TRUE,0.000627046610915727
992,"probability",TRUE,TRUE,0
992,"original",TRUE,TRUE,0.00160090850422767
992,"capped",TRUE,TRUE,0.000613310475827689
993,"probability",TRUE,TRUE,0
993,"original",TRUE,TRUE,0.0029046002287707
993,"capped",TRUE,TRUE,0.00141422111234846
994,"probability",TRUE,TRUE,0
994,"original",TRUE,TRUE,0.00324659646287273
994,"capped",TRUE,TRUE,0.000578088222965789
995,"probability",TRUE,TRUE,0
995,"original",TRUE,TRUE,0.00206994671531291
995,"capped",TRUE,TRUE,0.00123789261607499
996,"probability",TRUE,TRUE,0
996,"original",TRUE,TRUE,0.00362098618136741
996,"capped",TRUE,TRUE,0.00102550440152882
997,"probability",TRUE,TRUE,0
997,"original",TRUE,TRUE,0.00488852467544376
997,"capped",TRUE,TRUE,0.000547621390609265
998,"probability",TRUE,TRUE,0
998,"original",TRUE,TRUE,0.00309352025118415
998,"capped",TRUE,TRUE,0.00091625533099915
999,"probability",TRUE,TRUE,0
999,"original",TRUE,TRUE,0.00249252389716403
999,"capped",TRUE,TRUE,0.00158688526110495
1000,"probability",TRUE,TRUE,0
1000,"original",TRUE,TRUE,0.000951016544924244
1000,"capped",TRUE,TRUE,0.00193147605015298
1001,"probability",TRUE,TRUE,0
1001,"original",TRUE,TRUE,0.00225124467369042
1001,"capped",TRUE,TRUE,0.00114216601907202
1002,"probability",TRUE,TRUE,0
1002,"original",TRUE,TRUE,0.00120907263488235
1002,"capped",TRUE,TRUE,0.00140112459391872
1003,"probability",TRUE,TRUE,0
1003,"original",TRUE,TRUE,0.00344958037128862
1003,"capped",TRUE,TRUE,0.0012847981604871
1004,"probability",TRUE,TRUE,0
1004,"original",TRUE,TRUE,0.00324820608996745
1004,"capped",TRUE,TRUE,0.00170081925308807
1005,"probability",TRUE,TRUE,0
1005,"original",TRUE,TRUE,0.00192894005025757
1005,"capped",TRUE,TRUE,0.00138265708643903
1006,"probability",TRUE,TRUE,0
1006,"original",TRUE,TRUE,0.0040963603649331
1006,"capped",TRUE,TRUE,0.00112676389915833
1007,"probability",TRUE,TRUE,0
1007,"original",TRUE,TRUE,0.00644999678650038
1007,"capped",TRUE,TRUE,0.000678662933390584
1008,"probability",TRUE,TRUE,0
1008,"original",TRUE,TRUE,0.00585858445595377
1008,"capped",TRUE,TRUE,0.00102621949858239
1009,"probability",TRUE,TRUE,0
1009,"original",TRUE,TRUE,0.00106825924608955
1009,"capped",TRUE,TRUE,0.000551525907635408
1010,"probability",TRUE,TRUE,0
1010,"original",TRUE,TRUE,0.00589126900777259
1010,"capped",TRUE,TRUE,0.00183865554926399
1011,"probability",TRUE,TRUE,0
1011,"original",TRUE,TRUE,0.00273703458132957
1011,"capped",TRUE,TRUE,0.00141306787533324
1012,"probability",TRUE,TRUE,0
1012,"original",TRUE,TRUE,0.00113246403486933
1012,"capped",TRUE,TRUE,0.00195999144744619
1013,"probability",TRUE,TRUE,0
1013,"original",TRUE,TRUE,0.00786189638962576
1013,"capped",TRUE,TRUE,0.00130296847545353
1014,"probability",TRUE,TRUE,0
1014,"original",TRUE,TRUE,0.0036994468697884
1014,"capped",TRUE,TRUE,0.00134917388564482
1015,"probability",TRUE,TRUE,0
1015,"original",TRUE,TRUE,0.00243106177578056
1015,"capped",TRUE,TRUE,0.0016870017127788
1016,"probability",TRUE,TRUE,0
1016,"original",TRUE,TRUE,0.0035483112595287
1016,"capped",TRUE,TRUE,0.000749117102292973
1017,"probability",TRUE,TRUE,0
1017,"original",TRUE,TRUE,0.00478998215554327
1017,"capped",TRUE,TRUE,0.00055229966865511
1018,"probability",TRUE,TRUE,0
1018,"original",TRUE,TRUE,0.00301242257786782
1018,"capped",TRUE,TRUE,0.000611206278861687
1019,"probability",TRUE,TRUE,0
1019,"original",TRUE,TRUE,0.00180186861885545
1019,"capped",TRUE,TRUE,0.00143765387036865
1020,"probability",TRUE,TRUE,0
1020,"original",TRUE,TRUE,0.00169071521362696
1020,"capped",TRUE,TRUE,0.000231583193617269
1021,"probability",TRUE,TRUE,0
1021,"original",TRUE,TRUE,0.00323460992331803
1021,"capped",TRUE,TRUE,0.000987286218325778
1022,"probability",TRUE,TRUE,0
1022,"original",TRUE,TRUE,0.00215334456590455
1022,"capped",TRUE,TRUE,0.000677158578454851
1023,"probability",TRUE,TRUE,0
1023,"original",TRUE,TRUE,0.00206819094725574
1023,"capped",TRUE,TRUE,0.00122106581027026
1024,"probability",TRUE,TRUE,0
1024,"original",TRUE,TRUE,0.0020580991131709
1024,"capped",TRUE,TRUE,0.00134266381057557
1025,"probability",TRUE,TRUE,0
1025,"original",TRUE,TRUE,0.0123907658041702
1025,"capped",TRUE,TRUE,0.00179852789938906
1026,"probability",TRUE,TRUE,0
1026,"original",TRUE,TRUE,0.00202696909073907
1026,"capped",TRUE,TRUE,0.00157590069802183
1027,"probability",TRUE,TRUE,0
1027,"original",TRUE,TRUE,0.00222845224242363
1027,"capped",TRUE,TRUE,0.00125369647512485
1028,"probability",TRUE,TRUE,0
1028,"original",TRUE,TRUE,0.00149569293194318
1028,"capped",TRUE,TRUE,0.00125753288708808
1029,"probability",TRUE,TRUE,0
1029,"original",TRUE,TRUE,0.00263668511798265
1029,"capped",TRUE,TRUE,0.00112949769714632
1030,"probability",TRUE,TRUE,0
1030,"original",TRUE,TRUE,0.00645284578002503
1030,"capped",TRUE,TRUE,0.000399695581521087
1031,"probability",TRUE,TRUE,0
1031,"original",TRUE,TRUE,0.00593755968179721
1031,"capped",TRUE,TRUE,0.00227410290133534
1032,"probability",TRUE,TRUE,0
1032,"original",TRUE,TRUE,0.0132937095673711
1032,"capped",TRUE,TRUE,0.00194877701660801
1033,"probability",TRUE,TRUE,0
1033,"original",TRUE,TRUE,0.005745252971181
1033,"capped",TRUE,TRUE,0.000431003748449399
1034,"probability",TRUE,TRUE,0
1034,"original",TRUE,TRUE,0.00635837811570283
1034,"capped",TRUE,TRUE,0.00148479338545826
1035,"probability",TRUE,TRUE,0
1035,"original",TRUE,TRUE,0.00261919663504528
1035,"capped",TRUE,TRUE,0.00143232925758241
1036,"probability",TRUE,TRUE,0
1036,"original",TRUE,TRUE,0.00271076496398592
1036,"capped",TRUE,TRUE,0.00192723504710557
1037,"probability",TRUE,TRUE,0
1037,"original",TRUE,TRUE,0.00117858218895606
1037,"capped",TRUE,TRUE,0.0028152318849628
1038,"probability",TRUE,TRUE,0
1038,"original",TRUE,TRUE,0.0032637559150217
1038,"capped",TRUE,TRUE,0.000890579843488837
1039,"probability",TRUE,TRUE,0
1039,"original",TRUE,TRUE,0.00233334422803821
1039,"capped",TRUE,TRUE,0.000469839006019157
1040,"probability",TRUE,TRUE,0
1040,"original",TRUE,TRUE,0.00585895568190153
1040,"capped",TRUE,TRUE,0.000310300832508048
1041,"probability",TRUE,TRUE,0
1041,"original",TRUE,TRUE,0.00220122093480946
1041,"capped",TRUE,TRUE,0.000447014558453418
1042,"probability",TRUE,TRUE,0
1042,"original",TRUE,TRUE,0.00524630412661153
1042,"capped",TRUE,TRUE,0.00155329954581518
1043,"probability",TRUE,TRUE,0
1043,"original",TRUE,TRUE,0.00352490495855307
1043,"capped",TRUE,TRUE,0.00144355566971299
1044,"probability",TRUE,TRUE,0
1044,"original",TRUE,TRUE,0.00360251589822269
1044,"capped",TRUE,TRUE,0.0040029975771283
1045,"probability",TRUE,TRUE,0
1045,"original",TRUE,TRUE,0.0083045163724984
1045,"capped",TRUE,TRUE,0.000412155635544309
1046,"probability",TRUE,TRUE,0
1046,"original",TRUE,TRUE,0.000526829260554251
1046,"capped",TRUE,TRUE,0.001938418479142
1047,"probability",TRUE,TRUE,0
1047,"original",TRUE,TRUE,0.000622860377667678
1047,"capped",TRUE,TRUE,0.000596394540675504
1048,"probability",TRUE,TRUE,0
1048,"original",TRUE,TRUE,0.00422324073009506
1048,"capped",TRUE,TRUE,0.00213178192582575
1049,"probability",TRUE,TRUE,0
1049,"original",TRUE,TRUE,0.00115162239617916
1049,"capped",TRUE,TRUE,0.00107611139190311
1050,"probability",TRUE,TRUE,0
1050,"original",TRUE,TRUE,0.00316748130308397
1050,"capped",TRUE,TRUE,0.000834677261234873
1051,"probability",TRUE,TRUE,0
1051,"original",TRUE,TRUE,0.00255714895735881
1051,"capped",TRUE,TRUE,0.0011976526145574
1052,"probability",TRUE,TRUE,0
1052,"original",TRUE,TRUE,0.00451876723304423
1052,"capped",TRUE,TRUE,0.000930450018294948
1053,"probability",TRUE,TRUE,0
1053,"original",TRUE,TRUE,0.00399211411767553
1053,"capped",TRUE,TRUE,0.000544488220381112
1054,"probability",TRUE,TRUE,0
1054,"original",TRUE,TRUE,0.00134279328613829
1054,"capped",TRUE,TRUE,0.00120600900878998
1055,"probability",TRUE,TRUE,0
1055,"original",TRUE,TRUE,0.00212044458863936
1055,"capped",TRUE,TRUE,0.000580255695943777
1056,"probability",TRUE,TRUE,0
1056,"original",TRUE,TRUE,0.00415190237579566
1056,"capped",TRUE,TRUE,0.00115141852000811
1057,"probability",TRUE,TRUE,0
1057,"original",TRUE,TRUE,0.00122827270404713
1057,"capped",TRUE,TRUE,0.00171375393226825
1058,"probability",TRUE,TRUE,0
1058,"original",TRUE,TRUE,0.00132164479480323
1058,"capped",TRUE,TRUE,0.00129242911533112
1059,"probability",TRUE,TRUE,0
1059,"original",TRUE,TRUE,0.0025040840751771
1059,"capped",TRUE,TRUE,0.000902550352488873
1060,"probability",TRUE,TRUE,0
1060,"original",TRUE,TRUE,0.00105994072236371
1060,"capped",TRUE,TRUE,0.00133032954622792
1061,"probability",TRUE,TRUE,0
1061,"original",TRUE,TRUE,0.00783291967974975
1061,"capped",TRUE,TRUE,0.00206657561632539
1062,"probability",TRUE,TRUE,0
1062,"original",TRUE,TRUE,0.0050509490745867
1062,"capped",TRUE,TRUE,0.00311484839919984
1063,"probability",TRUE,TRUE,0
1063,"original",TRUE,TRUE,0.00370735822681922
1063,"capped",TRUE,TRUE,0.000298552103394911
1064,"probability",TRUE,TRUE,0
1064,"original",TRUE,TRUE,0.000609023765941963
1064,"capped",TRUE,TRUE,0.00273915116802215
1065,"probability",TRUE,TRUE,0
1065,"original",TRUE,TRUE,0.00307262384560048
1065,"capped",TRUE,TRUE,0.00153128104110323
1066,"probability",TRUE,TRUE,0
1066,"original",TRUE,TRUE,0.00520511947386293
1066,"capped",TRUE,TRUE,0.000845313768198963
1067,"probability",TRUE,TRUE,0
1067,"original",TRUE,TRUE,0.00638820740790891
1067,"capped",TRUE,TRUE,0.000326397620288077
1068,"probability",TRUE,TRUE,0
1068,"original",TRUE,TRUE,0.0010129409496038
1068,"capped",TRUE,TRUE,0.00112566113141099
1069,"probability",TRUE,TRUE,0
1069,"original",FALSE,TRUE,NA
1069,"capped",TRUE,TRUE,0.000629108661552635
1070,"probability",TRUE,TRUE,0
1070,"original",TRUE,TRUE,0.00130386324669729
1070,"capped",TRUE,TRUE,0.00271713580436028
1071,"probability",TRUE,TRUE,0
1071,"original",TRUE,TRUE,0.00319214458409434
1071,"capped",TRUE,TRUE,0.000874081264537807
1072,"probability",TRUE,TRUE,0
1072,"original",TRUE,TRUE,0.0044523201850879
1072,"capped",TRUE,TRUE,0.000354878303440387
1073,"probability",TRUE,TRUE,0
1073,"original",TRUE,TRUE,0.00431296085332633
1073,"capped",TRUE,TRUE,0.000593069467115015
1074,"probability",TRUE,TRUE,0
1074,"original",TRUE,TRUE,0.000989784754082734
1074,"capped",TRUE,TRUE,0.00163784168465497
1075,"probability",TRUE,TRUE,0
1075,"original",TRUE,TRUE,0.0017083284895989
1075,"capped",TRUE,TRUE,0.00120565009498819
1076,"probability",TRUE,TRUE,0
1076,"original",TRUE,TRUE,0.00409057306582028
1076,"capped",TRUE,TRUE,0.00150895986887534
1077,"probability",TRUE,TRUE,0
1077,"original",TRUE,TRUE,0.00166664395440819
1077,"capped",TRUE,TRUE,0.00230907791242885
1078,"probability",TRUE,TRUE,0
1078,"original",TRUE,TRUE,0.00929929466902379
1078,"capped",TRUE,TRUE,0.000462081826420047
1079,"probability",TRUE,TRUE,0
1079,"original",TRUE,TRUE,0.00220606258203659
1079,"capped",TRUE,TRUE,0.00305668581009755
1080,"probability",TRUE,TRUE,0
1080,"original",TRUE,TRUE,0.00497609563301538
1080,"capped",TRUE,TRUE,0.00102515918958446
1081,"probability",TRUE,TRUE,0
1081,"original",TRUE,TRUE,0.00249377239102166
1081,"capped",TRUE,TRUE,0.00119801603625014
1082,"probability",TRUE,TRUE,0
1082,"original",FALSE,TRUE,NA
1082,"capped",TRUE,TRUE,0.000704883713833482
1083,"probability",TRUE,TRUE,0
1083,"original",TRUE,TRUE,0.00593350659799796
1083,"capped",TRUE,TRUE,0.000942887414057125
1084,"probability",TRUE,TRUE,0
1084,"original",TRUE,TRUE,0.00281457589098721
1084,"capped",TRUE,TRUE,0.00122116350966905
1085,"probability",TRUE,TRUE,0
1085,"original",TRUE,TRUE,0.00215589390772664
1085,"capped",TRUE,TRUE,0.00172017712549888
1086,"probability",TRUE,TRUE,0
1086,"original",TRUE,TRUE,0.00200618839589595
1086,"capped",TRUE,TRUE,0.0017396747180598
1087,"probability",TRUE,TRUE,0
1087,"original",TRUE,TRUE,0.00155819590715822
1087,"capped",TRUE,TRUE,0.000756693721077895
1088,"probability",TRUE,TRUE,0
1088,"original",TRUE,TRUE,0.00132819698053055
1088,"capped",TRUE,TRUE,0.00105533974000593
1089,"probability",TRUE,TRUE,0
1089,"original",TRUE,TRUE,0.00601217402698495
1089,"capped",TRUE,TRUE,0.00068771000205814
1090,"probability",TRUE,TRUE,0
1090,"original",TRUE,TRUE,0.00166546759656683
1090,"capped",TRUE,TRUE,0.000616042721894416
1091,"probability",TRUE,TRUE,0
1091,"original",TRUE,TRUE,0.00142974417188668
1091,"capped",TRUE,TRUE,0.00138517101802904
1092,"probability",TRUE,TRUE,0
1092,"original",TRUE,TRUE,0.00668077594501071
1092,"capped",TRUE,TRUE,0.000796559276260211
1093,"probability",TRUE,TRUE,0
1093,"original",TRUE,TRUE,0.00267562243568165
1093,"capped",TRUE,TRUE,0.00117692897721255
1094,"probability",TRUE,TRUE,0
1094,"original",TRUE,TRUE,0.00252185666040816
1094,"capped",TRUE,TRUE,0.000207819260655384
1095,"probability",TRUE,TRUE,0
1095,"original",TRUE,TRUE,0.00192813182419371
1095,"capped",TRUE,TRUE,0.000756257197959798
1096,"probability",TRUE,TRUE,0
1096,"original",TRUE,TRUE,0.00479731678117901
1096,"capped",TRUE,TRUE,0.00053328140707265
1097,"probability",TRUE,TRUE,0
1097,"original",TRUE,TRUE,0.00194821275589874
1097,"capped",TRUE,TRUE,0.00158990887643995
1098,"probability",TRUE,TRUE,0
1098,"original",TRUE,TRUE,0.00208428673113303
1098,"capped",TRUE,TRUE,0.00100964290462002
1099,"probability",TRUE,TRUE,0
1099,"original",TRUE,TRUE,0.0027225916160134
1099,"capped",TRUE,TRUE,0.000812704726499192
1100,"probability",TRUE,TRUE,0
1100,"original",TRUE,TRUE,0.00302619204454402
1100,"capped",TRUE,TRUE,0.00378827482046873
1101,"probability",TRUE,TRUE,0
1101,"original",TRUE,TRUE,0.0029648257533168
1101,"capped",TRUE,TRUE,0.00107529612643376
1102,"probability",TRUE,TRUE,0
1102,"original",TRUE,TRUE,0.000690190585807215
1102,"capped",TRUE,TRUE,0.000997448450583249
1103,"probability",TRUE,TRUE,0
1103,"original",TRUE,TRUE,0.000681402218788207
1103,"capped",TRUE,TRUE,0.000498522188955519
1104,"probability",TRUE,TRUE,0
1104,"original",TRUE,TRUE,0.00414571151027587
1104,"capped",TRUE,TRUE,0.00168332085971201
1105,"probability",TRUE,TRUE,0
1105,"original",TRUE,TRUE,0.00246172056686689
1105,"capped",TRUE,TRUE,0.00228360464393518
1106,"probability",TRUE,TRUE,0
1106,"original",TRUE,TRUE,0.000789763388588938
1106,"capped",TRUE,TRUE,0.00216904809716567
1107,"probability",TRUE,TRUE,0
1107,"original",TRUE,TRUE,0.0036557545494702
1107,"capped",TRUE,TRUE,0.00349466317658198
1108,"probability",TRUE,TRUE,0
1108,"original",TRUE,TRUE,0.00465899875731068
1108,"capped",TRUE,TRUE,0.000699963041189022
1109,"probability",TRUE,TRUE,0
1109,"original",TRUE,TRUE,0.00604852909935616
1109,"capped",TRUE,TRUE,0.0016252565065713
1110,"probability",TRUE,TRUE,0
1110,"original",TRUE,TRUE,0.00328531324272419
1110,"capped",TRUE,TRUE,0.00119147185387192
1111,"probability",TRUE,TRUE,0
1111,"original",TRUE,TRUE,0.000607369208967867
1111,"capped",TRUE,TRUE,0.000797161534919155
1112,"probability",TRUE,TRUE,0
1112,"original",TRUE,TRUE,0.000685749374397915
1112,"capped",TRUE,TRUE,0.00174576096632251
1113,"probability",TRUE,TRUE,0
1113,"original",TRUE,TRUE,0.00379964252385889
1113,"capped",TRUE,TRUE,0.00157587667437298
1114,"probability",TRUE,TRUE,0
1114,"original",TRUE,TRUE,0.00516040411445573
1114,"capped",TRUE,TRUE,0.001099647793815
1115,"probability",TRUE,TRUE,0
1115,"original",TRUE,TRUE,0.0069899951006569
1115,"capped",TRUE,TRUE,0.00157643362198812
1116,"probability",TRUE,TRUE,0
1116,"original",TRUE,TRUE,0.00191689086648061
1116,"capped",TRUE,TRUE,0.000757264894936327
1117,"probability",TRUE,TRUE,0
1117,"original",TRUE,TRUE,0.0100581508062589
1117,"capped",TRUE,TRUE,0.00202113125114778
1118,"probability",TRUE,TRUE,0
1118,"original",TRUE,TRUE,0.00531042965270334
1118,"capped",TRUE,TRUE,0.00157645239191595
1119,"probability",TRUE,TRUE,0
1119,"original",TRUE,TRUE,0.00753865828080791
1119,"capped",TRUE,TRUE,0.00175906069384624
1120,"probability",TRUE,TRUE,0
1120,"original",TRUE,TRUE,0.00292487801067765
1120,"capped",TRUE,TRUE,0.000329244969879738
1121,"probability",TRUE,TRUE,0
1121,"original",TRUE,TRUE,0.00526980402679555
1121,"capped",TRUE,TRUE,0.000956765826106931
1122,"probability",TRUE,TRUE,0
1122,"original",TRUE,TRUE,0.00784117103275861
1122,"capped",TRUE,TRUE,0.00212313219435245
1123,"probability",TRUE,TRUE,0
1123,"original",TRUE,TRUE,0.00548169656038056
1123,"capped",TRUE,TRUE,0.00170324788480514
1124,"probability",TRUE,TRUE,0
1124,"original",TRUE,TRUE,0.00726952712657081
1124,"capped",TRUE,TRUE,0.00142997392586963
1125,"probability",TRUE,TRUE,0
1125,"original",TRUE,TRUE,0.00336793388868273
1125,"capped",TRUE,TRUE,0.000903421789836045
1126,"probability",TRUE,TRUE,0
1126,"original",TRUE,TRUE,0.004171323212951
1126,"capped",TRUE,TRUE,0.00123729624767321
1127,"probability",TRUE,TRUE,0
1127,"original",TRUE,TRUE,0.000312338864787876
1127,"capped",TRUE,TRUE,0.000447253130140268
1128,"probability",TRUE,TRUE,0
1128,"original",TRUE,TRUE,0.00575909548199149
1128,"capped",TRUE,TRUE,0.00127610244076948
1129,"probability",TRUE,TRUE,0
1129,"original",TRUE,TRUE,0.00707564086361145
1129,"capped",TRUE,TRUE,0.00141561382244504
1130,"probability",TRUE,TRUE,0
1130,"original",TRUE,TRUE,0.00920675638978707
1130,"capped",TRUE,TRUE,0.000806336811635333
1131,"probability",TRUE,TRUE,0
1131,"original",TRUE,TRUE,0.00322431588558914
1131,"capped",TRUE,TRUE,0.00141464351906251
1132,"probability",TRUE,TRUE,0
1132,"original",TRUE,TRUE,0.00503150183782708
1132,"capped",TRUE,TRUE,0.00174615031212966
1133,"probability",TRUE,TRUE,0
1133,"original",TRUE,TRUE,0.00119275535790564
1133,"capped",TRUE,TRUE,0.000503511455036687
1134,"probability",TRUE,TRUE,0
1134,"original",TRUE,TRUE,0.00335660390484094
1134,"capped",TRUE,TRUE,0.000490524050942298
1135,"probability",TRUE,TRUE,0
1135,"original",TRUE,TRUE,0.000180511170324138
1135,"capped",TRUE,TRUE,0.000332786624863246
1136,"probability",TRUE,TRUE,0
1136,"original",TRUE,TRUE,0.00434438605058318
1136,"capped",TRUE,TRUE,0.00134305715219085
1137,"probability",TRUE,TRUE,0
1137,"original",TRUE,TRUE,0.00410301423345061
1137,"capped",TRUE,TRUE,0.0017821240800231
1138,"probability",TRUE,TRUE,0
1138,"original",TRUE,TRUE,0.00163148356567433
1138,"capped",TRUE,TRUE,0.000358902028569474
1139,"probability",TRUE,TRUE,0
1139,"original",TRUE,TRUE,0.00212719048981924
1139,"capped",TRUE,TRUE,0.00108585296884911
1140,"probability",TRUE,TRUE,0
1140,"original",TRUE,TRUE,0.00562512837495177
1140,"capped",TRUE,TRUE,0.00105931046283558
1141,"probability",TRUE,TRUE,0
1141,"original",TRUE,TRUE,0.00267958211926889
1141,"capped",TRUE,TRUE,0.00088937754278362
1142,"probability",TRUE,TRUE,0
1142,"original",TRUE,TRUE,0.0111148183078242
1142,"capped",TRUE,TRUE,0.00118851500017314
1143,"probability",TRUE,TRUE,0
1143,"original",FALSE,TRUE,NA
1143,"capped",TRUE,TRUE,0.00135186763691664
1144,"probability",TRUE,TRUE,0
1144,"original",TRUE,TRUE,0.0070108383043177
1144,"capped",TRUE,TRUE,0.000737354519316114
1145,"probability",TRUE,TRUE,0
1145,"original",TRUE,TRUE,0.00712982198977841
1145,"capped",TRUE,TRUE,0.000788377362979986
1146,"probability",TRUE,TRUE,0
1146,"original",TRUE,TRUE,0.00268049478367871
1146,"capped",TRUE,TRUE,0.000463604316919941
1147,"probability",TRUE,TRUE,0
1147,"original",TRUE,TRUE,0.00264872489790502
1147,"capped",TRUE,TRUE,0.000939221631024001
1148,"probability",TRUE,TRUE,0
1148,"original",TRUE,TRUE,0.0183561184718215
1148,"capped",TRUE,TRUE,0.00115998149931329
1149,"probability",TRUE,TRUE,0
1149,"original",TRUE,TRUE,0.00211554535234626
1149,"capped",TRUE,TRUE,0.000743548236080471
1150,"probability",TRUE,TRUE,0
1150,"original",TRUE,TRUE,0.00515293882645906
1150,"capped",TRUE,TRUE,0.00190818950660088
1151,"probability",TRUE,TRUE,0
1151,"original",TRUE,TRUE,0.00643378458913624
1151,"capped",TRUE,TRUE,0.00013135211730031
1152,"probability",TRUE,TRUE,0
1152,"original",TRUE,TRUE,0.00153712188272159
1152,"capped",TRUE,TRUE,0.00108143997599885
1153,"probability",TRUE,TRUE,0
1153,"original",TRUE,TRUE,0.00212262387422868
1153,"capped",TRUE,TRUE,0.00131986194048039
1154,"probability",TRUE,TRUE,0
1154,"original",TRUE,TRUE,0.0173899511216007
1154,"capped",TRUE,TRUE,0.0038747884195871
1155,"probability",TRUE,TRUE,0
1155,"original",TRUE,TRUE,0.00257722746605538
1155,"capped",TRUE,TRUE,0.00146370819885533
1156,"probability",TRUE,TRUE,0
1156,"original",TRUE,TRUE,0.00177913436591837
1156,"capped",TRUE,TRUE,0.000528013196813504
1157,"probability",TRUE,TRUE,0
1157,"original",TRUE,TRUE,0.00106793774720781
1157,"capped",TRUE,TRUE,0.00127547060373878
1158,"probability",TRUE,TRUE,0
1158,"original",TRUE,TRUE,0.00148732479616598
1158,"capped",TRUE,TRUE,0.00102091405223703
1159,"probability",TRUE,TRUE,0
1159,"original",TRUE,TRUE,0.00133069615561254
1159,"capped",TRUE,TRUE,0.00146828945122479
1160,"probability",TRUE,TRUE,0
1160,"original",TRUE,TRUE,0.000987692777595583
1160,"capped",TRUE,TRUE,0.00153317073586656
1161,"probability",TRUE,TRUE,0
1161,"original",TRUE,TRUE,0.00782803901982732
1161,"capped",TRUE,TRUE,0.00436626396643192
1162,"probability",TRUE,TRUE,0
1162,"original",TRUE,TRUE,0.00258190971153027
1162,"capped",TRUE,TRUE,0.000721495740876321
1163,"probability",TRUE,TRUE,0
1163,"original",TRUE,TRUE,0.0030429962971219
1163,"capped",TRUE,TRUE,0.00127241417127877
1164,"probability",TRUE,TRUE,0
1164,"original",TRUE,TRUE,0.00294597542315955
1164,"capped",TRUE,TRUE,0.00134645005508816
1165,"probability",TRUE,TRUE,0
1165,"original",TRUE,TRUE,0.000997423772151507
1165,"capped",TRUE,TRUE,0.00123277369826447
1166,"probability",TRUE,TRUE,0
1166,"original",TRUE,TRUE,0.00190734626941946
1166,"capped",TRUE,TRUE,0.00148839891699026
1167,"probability",TRUE,TRUE,0
1167,"original",TRUE,TRUE,0.00296880802997634
1167,"capped",TRUE,TRUE,0.00212590311797101
1168,"probability",TRUE,TRUE,0
1168,"original",TRUE,TRUE,0.00235982584437977
1168,"capped",TRUE,TRUE,0.00140761998125605
1169,"probability",TRUE,TRUE,0
1169,"original",TRUE,TRUE,0.00826542365745198
1169,"capped",TRUE,TRUE,0.000296423015313962
1170,"probability",TRUE,TRUE,0
1170,"original",TRUE,TRUE,0.00446663767171174
1170,"capped",TRUE,TRUE,0.00142300253936511
1171,"probability",TRUE,TRUE,0
1171,"original",TRUE,TRUE,0.00366117067716942
1171,"capped",TRUE,TRUE,0.00125859291752484
1172,"probability",TRUE,TRUE,0
1172,"original",TRUE,TRUE,0.00522100145990123
1172,"capped",TRUE,TRUE,0.00084155479803627
1173,"probability",TRUE,TRUE,0
1173,"original",TRUE,TRUE,0.00506327597522471
1173,"capped",TRUE,TRUE,0.00115381681697357
1174,"probability",TRUE,TRUE,0
1174,"original",TRUE,TRUE,0.0176238818776042
1174,"capped",TRUE,TRUE,0.00125268240908127
1175,"probability",TRUE,TRUE,0
1175,"original",TRUE,TRUE,0.00045451471468283
1175,"capped",TRUE,TRUE,0.00068599795261548
1176,"probability",TRUE,TRUE,0
1176,"original",TRUE,TRUE,0.00373645436887671
1176,"capped",TRUE,TRUE,0.00100027576899464
1177,"probability",TRUE,TRUE,0
1177,"original",TRUE,TRUE,0.00169466786501715
1177,"capped",TRUE,TRUE,0.00162509823308454
1178,"probability",TRUE,TRUE,0
1178,"original",TRUE,TRUE,0.00214534974782055
1178,"capped",TRUE,TRUE,0.0014825642515035
1179,"probability",TRUE,TRUE,0
1179,"original",TRUE,TRUE,0.000932288634245992
1179,"capped",TRUE,TRUE,0.000783455164281577
1180,"probability",TRUE,TRUE,0
1180,"original",TRUE,TRUE,0.00231464675724169
1180,"capped",TRUE,TRUE,0.000256930203310635
1181,"probability",TRUE,TRUE,0
1181,"original",TRUE,TRUE,0.00144206737500951
1181,"capped",TRUE,TRUE,0.000563446259370437
1182,"probability",TRUE,TRUE,0
1182,"original",TRUE,TRUE,0.00362492539994719
1182,"capped",TRUE,TRUE,0.000956712091920053
1183,"probability",TRUE,TRUE,0
1183,"original",TRUE,TRUE,0.00128104192775425
1183,"capped",TRUE,TRUE,0.00113978656417402
1184,"probability",TRUE,TRUE,0
1184,"original",TRUE,TRUE,0.000904496674774435
1184,"capped",TRUE,TRUE,0.000627074951758289
1185,"probability",TRUE,TRUE,0
1185,"original",TRUE,TRUE,0.00184549177921056
1185,"capped",TRUE,TRUE,0.000429711243278064
1186,"probability",TRUE,TRUE,0
1186,"original",FALSE,TRUE,NA
1186,"capped",TRUE,TRUE,0.000722440318210005
1187,"probability",TRUE,TRUE,0
1187,"original",TRUE,TRUE,0.00220191715630591
1187,"capped",TRUE,TRUE,0.00139257579067831
1188,"probability",TRUE,TRUE,0
1188,"original",TRUE,TRUE,0.00129231237053951
1188,"capped",TRUE,TRUE,0.000616846034461105
1189,"probability",TRUE,TRUE,0
1189,"original",TRUE,TRUE,0.00118564324426984
1189,"capped",TRUE,TRUE,0.0019517632450885
1190,"probability",TRUE,TRUE,0
1190,"original",TRUE,TRUE,0.00248030595948734
1190,"capped",TRUE,TRUE,0.00185342593345084
1191,"probability",TRUE,TRUE,0
1191,"original",TRUE,TRUE,0.00774305853074253
1191,"capped",TRUE,TRUE,0.000883020438454452
1192,"probability",TRUE,TRUE,0
1192,"original",TRUE,TRUE,0.00031602896913796
1192,"capped",TRUE,TRUE,0.00222913591112217
1193,"probability",TRUE,TRUE,0
1193,"original",TRUE,TRUE,0.0027422762371252
1193,"capped",TRUE,TRUE,0.00137614941769826
1194,"probability",TRUE,TRUE,0
1194,"original",TRUE,TRUE,0.000976646139672965
1194,"capped",TRUE,TRUE,0.00076307421974775
1195,"probability",TRUE,TRUE,0
1195,"original",TRUE,TRUE,0.00137534251906146
1195,"capped",TRUE,TRUE,0.000876055972774736
1196,"probability",TRUE,TRUE,0
1196,"original",TRUE,TRUE,0.00231039095649876
1196,"capped",TRUE,TRUE,0.000902852957853639
1197,"probability",TRUE,TRUE,0
1197,"original",FALSE,TRUE,NA
1197,"capped",TRUE,TRUE,0.00136274825566574
1198,"probability",TRUE,TRUE,0
1198,"original",TRUE,TRUE,0.00277283758370572
1198,"capped",TRUE,TRUE,0.00160004024280624
1199,"probability",TRUE,TRUE,0
1199,"original",TRUE,TRUE,0.00175032155521393
1199,"capped",TRUE,TRUE,0.000587265913569723
1200,"probability",TRUE,TRUE,0
1200,"original",TRUE,TRUE,0.00369858185445882
1200,"capped",TRUE,TRUE,0.00256750090959557
1201,"probability",TRUE,TRUE,0
1201,"original",TRUE,TRUE,0.00331537008016447
1201,"capped",TRUE,TRUE,0.000928211527991607
1202,"probability",TRUE,TRUE,0
1202,"original",TRUE,TRUE,0.00428410819056779
1202,"capped",TRUE,TRUE,0.00225787067336114
1203,"probability",TRUE,TRUE,0
1203,"original",TRUE,TRUE,0.00294700048686991
1203,"capped",TRUE,TRUE,0.00108680752981982
1204,"probability",TRUE,TRUE,0
1204,"original",TRUE,TRUE,5.93523327836465e-05
1204,"capped",TRUE,TRUE,0.000594252160944109
1205,"probability",TRUE,TRUE,0
1205,"original",TRUE,TRUE,0.000938650921657569
1205,"capped",TRUE,TRUE,0.00135333648071878
1206,"probability",TRUE,TRUE,0
1206,"original",TRUE,TRUE,0.00453653772439111
1206,"capped",TRUE,TRUE,0.00162659589149428
1207,"probability",TRUE,TRUE,0
1207,"original",TRUE,TRUE,0.00266475257038223
1207,"capped",TRUE,TRUE,0.00163216948493528
1208,"probability",TRUE,TRUE,0
1208,"original",TRUE,TRUE,0.00216424123294745
1208,"capped",TRUE,TRUE,0.000211022504132075
1209,"probability",TRUE,TRUE,0
1209,"original",TRUE,TRUE,0.0018225188642802
1209,"capped",TRUE,TRUE,0.00089370377059339
1210,"probability",TRUE,TRUE,0
1210,"original",TRUE,TRUE,0.00265914322841354
1210,"capped",TRUE,TRUE,0.00249823396386262
1211,"probability",TRUE,TRUE,0
1211,"original",TRUE,TRUE,0.00120713115872206
1211,"capped",TRUE,TRUE,0.00130693799873427
1212,"probability",TRUE,TRUE,0
1212,"original",TRUE,TRUE,0.00910297793815218
1212,"capped",TRUE,TRUE,0.00068462353246268
1213,"probability",TRUE,TRUE,0
1213,"original",TRUE,TRUE,0.00217454463047062
1213,"capped",TRUE,TRUE,0.00165418804431994
1214,"probability",TRUE,TRUE,0
1214,"original",TRUE,TRUE,0.00381799520904025
1214,"capped",TRUE,TRUE,0.00121448244006217
1215,"probability",TRUE,TRUE,0
1215,"original",TRUE,TRUE,0.00148008308775616
1215,"capped",TRUE,TRUE,0.00132855777536633
1216,"probability",TRUE,TRUE,0
1216,"original",TRUE,TRUE,0.00139899359039219
1216,"capped",TRUE,TRUE,0.000441056087556291
1217,"probability",TRUE,TRUE,0
1217,"original",TRUE,TRUE,0.00655720412797223
1217,"capped",TRUE,TRUE,0.00158300718947757
1218,"probability",TRUE,TRUE,0
1218,"original",TRUE,TRUE,0.00176051918988662
1218,"capped",TRUE,TRUE,0.000824843984119639
1219,"probability",TRUE,TRUE,0
1219,"original",TRUE,TRUE,0.0033186980931319
1219,"capped",TRUE,TRUE,0.00100928235620756
1220,"probability",TRUE,TRUE,0
1220,"original",TRUE,TRUE,0.00819539542160896
1220,"capped",TRUE,TRUE,0.000966306670090233
1221,"probability",TRUE,TRUE,0
1221,"original",TRUE,TRUE,0.00248897957823502
1221,"capped",TRUE,TRUE,0.000986611595759967
1222,"probability",TRUE,TRUE,0
1222,"original",TRUE,TRUE,0.00207471269848192
1222,"capped",TRUE,TRUE,0.00045421788269806
1223,"probability",TRUE,TRUE,0
1223,"original",TRUE,TRUE,0.00184743156381728
1223,"capped",TRUE,TRUE,0.000753998432614367
1224,"probability",TRUE,TRUE,0
1224,"original",TRUE,TRUE,0.00920377012104723
1224,"capped",TRUE,TRUE,0.00138829822298714
1225,"probability",TRUE,TRUE,0
1225,"original",TRUE,TRUE,0.0069954511205097
1225,"capped",TRUE,TRUE,0.00076197244568732
1226,"probability",TRUE,TRUE,0
1226,"original",TRUE,TRUE,0.00152972604718826
1226,"capped",TRUE,TRUE,0.000722521200216875
1227,"probability",TRUE,TRUE,0
1227,"original",TRUE,TRUE,0.00357322749407096
1227,"capped",TRUE,TRUE,0.00364012185099938
1228,"probability",TRUE,TRUE,0
1228,"original",TRUE,TRUE,0.000644564789386237
1228,"capped",TRUE,TRUE,0.000308090790770876
1229,"probability",TRUE,TRUE,0
1229,"original",TRUE,TRUE,0.00183489391393721
1229,"capped",TRUE,TRUE,0.00119285134570646
1230,"probability",TRUE,TRUE,0
1230,"original",TRUE,TRUE,0.00203039871946942
1230,"capped",TRUE,TRUE,0.00126589669486776
1231,"probability",TRUE,TRUE,0
1231,"original",TRUE,TRUE,0.00268261633581091
1231,"capped",TRUE,TRUE,0.00117943749459926
1232,"probability",TRUE,TRUE,0
1232,"original",TRUE,TRUE,0.000741422254833424
1232,"capped",TRUE,TRUE,0.00346650161247197
1233,"probability",TRUE,TRUE,0
1233,"original",TRUE,TRUE,0.00531938364254003
1233,"capped",TRUE,TRUE,0.00213779047094853
1234,"probability",TRUE,TRUE,0
1234,"original",TRUE,TRUE,0.00207244386556127
1234,"capped",TRUE,TRUE,0.000219650600545407
1235,"probability",TRUE,TRUE,0
1235,"original",TRUE,TRUE,0.00140771923470595
1235,"capped",TRUE,TRUE,0.000398552835640942
1236,"probability",TRUE,TRUE,0
1236,"original",TRUE,TRUE,0.0028170164534238
1236,"capped",TRUE,TRUE,0.00102988538575488
1237,"probability",TRUE,TRUE,0
1237,"original",TRUE,TRUE,0.00370445737382852
1237,"capped",TRUE,TRUE,0.000397356078124744
1238,"probability",TRUE,TRUE,0
1238,"original",TRUE,TRUE,0.000936670392924555
1238,"capped",TRUE,TRUE,0.000173144642090506
1239,"probability",TRUE,TRUE,0
1239,"original",TRUE,TRUE,0.0059435180239582
1239,"capped",TRUE,TRUE,0.00118845557377645
1240,"probability",TRUE,TRUE,0
1240,"original",TRUE,TRUE,0.00293608274573387
1240,"capped",TRUE,TRUE,0.00140017487349553
1241,"probability",TRUE,TRUE,0
1241,"original",TRUE,TRUE,0.00369262423640038
1241,"capped",TRUE,TRUE,0.00262128923326088
1242,"probability",TRUE,TRUE,0
1242,"original",TRUE,TRUE,0.00215743326688056
1242,"capped",TRUE,TRUE,0.00244266839637675
1243,"probability",TRUE,TRUE,0
1243,"original",FALSE,TRUE,NA
1243,"capped",TRUE,TRUE,0.00133541250653835
1244,"probability",TRUE,TRUE,0
1244,"original",TRUE,TRUE,0.00266164995743878
1244,"capped",TRUE,TRUE,0.000479255827634972
1245,"probability",TRUE,TRUE,0
1245,"original",TRUE,TRUE,0.00320261108610254
1245,"capped",TRUE,TRUE,0.000995243632807785
1246,"probability",TRUE,TRUE,0
1246,"original",TRUE,TRUE,0.00601496105216803
1246,"capped",TRUE,TRUE,0.0016585994466638
1247,"probability",TRUE,TRUE,0
1247,"original",TRUE,TRUE,0.0013831200118446
1247,"capped",TRUE,TRUE,0.000900177338422736
1248,"probability",TRUE,TRUE,0
1248,"original",TRUE,TRUE,0.00466600576502785
1248,"capped",TRUE,TRUE,0.00162181265834249
1249,"probability",TRUE,TRUE,0
1249,"original",TRUE,TRUE,0.00284968804349006
1249,"capped",TRUE,TRUE,0.000966073613152929
1250,"probability",TRUE,TRUE,0
1250,"original",TRUE,TRUE,0.00180820804480808
1250,"capped",TRUE,TRUE,0.00151682062238123
1251,"probability",TRUE,TRUE,0
1251,"original",TRUE,TRUE,0.000639049249009815
1251,"capped",TRUE,TRUE,0.00236424183082562
1252,"probability",TRUE,TRUE,0
1252,"original",TRUE,TRUE,0.00145114344199015
1252,"capped",TRUE,TRUE,0.00112693460228996
1253,"probability",TRUE,TRUE,0
1253,"original",TRUE,TRUE,0.00110153891616704
1253,"capped",TRUE,TRUE,0.00154779136314431
1254,"probability",TRUE,TRUE,0
1254,"original",TRUE,TRUE,0.00565261319413679
1254,"capped",TRUE,TRUE,0.000918168423837074
1255,"probability",TRUE,TRUE,0
1255,"original",TRUE,TRUE,0.0028187765203187
1255,"capped",TRUE,TRUE,0.00082905905568964
1256,"probability",TRUE,TRUE,0
1256,"original",TRUE,TRUE,0.00531811678890293
1256,"capped",TRUE,TRUE,0.000947639119573296
1257,"probability",TRUE,TRUE,0
1257,"original",TRUE,TRUE,0.00691375325732224
1257,"capped",TRUE,TRUE,0.000830444572130773
1258,"probability",TRUE,TRUE,0
1258,"original",TRUE,TRUE,0.000332189867414456
1258,"capped",TRUE,TRUE,0.000514099912706456
1259,"probability",TRUE,TRUE,0
1259,"original",TRUE,TRUE,0.00386562967868187
1259,"capped",TRUE,TRUE,0.00104332218175074
1260,"probability",TRUE,TRUE,0
1260,"original",TRUE,TRUE,0.00316662171292847
1260,"capped",TRUE,TRUE,0.00302169733280522
1261,"probability",TRUE,TRUE,0
1261,"original",TRUE,TRUE,0.00060106131570592
1261,"capped",TRUE,TRUE,0.00100406819500876
1262,"probability",TRUE,TRUE,0
1262,"original",TRUE,TRUE,0.00533601766177583
1262,"capped",TRUE,TRUE,0.000596135178767554
1263,"probability",TRUE,TRUE,0
1263,"original",TRUE,TRUE,0.00383256944722632
1263,"capped",TRUE,TRUE,0.000750741095608021
1264,"probability",TRUE,TRUE,0
1264,"original",TRUE,TRUE,0.00133919582445508
1264,"capped",TRUE,TRUE,0.00183228289964887
1265,"probability",TRUE,TRUE,0
1265,"original",TRUE,TRUE,0.00276391023897204
1265,"capped",TRUE,TRUE,0.00137665329920367
1266,"probability",TRUE,TRUE,0
1266,"original",TRUE,TRUE,0.00129297876853762
1266,"capped",TRUE,TRUE,0.000955664215059215
1267,"probability",TRUE,TRUE,0
1267,"original",TRUE,TRUE,0.000541671086963902
1267,"capped",TRUE,TRUE,0.00280696278962367
1268,"probability",TRUE,TRUE,0
1268,"original",TRUE,TRUE,0.0069432604515427
1268,"capped",TRUE,TRUE,0.00146463292266574
1269,"probability",TRUE,TRUE,0
1269,"original",TRUE,TRUE,0.00361649575833312
1269,"capped",TRUE,TRUE,0.00107799749585524
1270,"probability",TRUE,TRUE,0
1270,"original",TRUE,TRUE,0.00937293638828507
1270,"capped",TRUE,TRUE,0.000905115930041944
1271,"probability",TRUE,TRUE,0
1271,"original",TRUE,TRUE,0.00463639236118496
1271,"capped",TRUE,TRUE,0.000851693135743403
1272,"probability",TRUE,TRUE,0
1272,"original",TRUE,TRUE,0.000777773200201892
1272,"capped",TRUE,TRUE,0.000540769001908359
1273,"probability",TRUE,TRUE,0
1273,"original",TRUE,TRUE,0.00438194958606175
1273,"capped",TRUE,TRUE,0.000959570962919543
1274,"probability",TRUE,TRUE,0
1274,"original",TRUE,TRUE,0.000579950632584314
1274,"capped",TRUE,TRUE,0.00137127557916017
1275,"probability",TRUE,TRUE,0
1275,"original",TRUE,TRUE,0.00812349809084623
1275,"capped",TRUE,TRUE,0.000191243244131556
1276,"probability",TRUE,TRUE,0
1276,"original",TRUE,TRUE,0.0010301201666536
1276,"capped",TRUE,TRUE,0.00117287020380274
1277,"probability",TRUE,TRUE,0
1277,"original",TRUE,TRUE,0.00122358747307061
1277,"capped",TRUE,TRUE,0.000994594175146801
1278,"probability",TRUE,TRUE,0
1278,"original",TRUE,TRUE,0.00313433975385635
1278,"capped",TRUE,TRUE,0.00345445276317236
1279,"probability",TRUE,TRUE,0
1279,"original",FALSE,TRUE,NA
1279,"capped",TRUE,TRUE,0.00181890584310906
1280,"probability",TRUE,TRUE,0
1280,"original",FALSE,TRUE,NA
1280,"capped",TRUE,TRUE,0.000633903639688072
1281,"probability",TRUE,TRUE,0
1281,"original",TRUE,TRUE,0.000979102992218372
1281,"capped",TRUE,TRUE,0.00100973330864917
1282,"probability",TRUE,TRUE,0
1282,"original",TRUE,TRUE,0.00156526998903317
1282,"capped",TRUE,TRUE,0.00128117840494468
1283,"probability",TRUE,TRUE,0
1283,"original",TRUE,TRUE,0.000242195387770039
1283,"capped",TRUE,TRUE,0.000236313723917192
1284,"probability",TRUE,TRUE,0
1284,"original",TRUE,TRUE,0.000881156572440034
1284,"capped",TRUE,TRUE,0.00189550960284635
1285,"probability",TRUE,TRUE,0
1285,"original",TRUE,TRUE,0.00419739198035529
1285,"capped",TRUE,TRUE,0.00115881000122897
1286,"probability",TRUE,TRUE,0
1286,"original",TRUE,TRUE,0.0120734171621208
1286,"capped",TRUE,TRUE,0.00113898603813212
1287,"probability",TRUE,TRUE,0
1287,"original",TRUE,TRUE,0.0175596347722369
1287,"capped",TRUE,TRUE,0.0016055097916734
1288,"probability",TRUE,TRUE,0
1288,"original",TRUE,TRUE,0.00276359896079015
1288,"capped",TRUE,TRUE,0.000516224720165326
1289,"probability",TRUE,TRUE,0
1289,"original",TRUE,TRUE,0.00224149001438256
1289,"capped",TRUE,TRUE,0.00107368635006821
1290,"probability",TRUE,TRUE,0
1290,"original",TRUE,TRUE,0.00209766207425588
1290,"capped",TRUE,TRUE,0.00222300140076115
1291,"probability",TRUE,TRUE,0
1291,"original",TRUE,TRUE,0.00629714547650195
1291,"capped",TRUE,TRUE,0.00248830795442778
1292,"probability",TRUE,TRUE,0
1292,"original",TRUE,TRUE,0.000369084274353781
1292,"capped",TRUE,TRUE,0.00120549964318073
1293,"probability",TRUE,TRUE,0
1293,"original",FALSE,TRUE,NA
1293,"capped",TRUE,TRUE,0.000932808023200948
1294,"probability",TRUE,TRUE,0
1294,"original",TRUE,TRUE,0.00291646653026234
1294,"capped",TRUE,TRUE,0.00163322737983052
1295,"probability",TRUE,TRUE,0
1295,"original",TRUE,TRUE,0.0019919886050821
1295,"capped",TRUE,TRUE,0.000962244573102344
1296,"probability",TRUE,TRUE,0
1296,"original",TRUE,TRUE,0.000955063725143646
1296,"capped",TRUE,TRUE,0.0011832034277468
1297,"probability",TRUE,TRUE,0
1297,"original",TRUE,TRUE,0.00206813932526728
1297,"capped",TRUE,TRUE,0.000903260306408527
1298,"probability",TRUE,TRUE,0
1298,"original",TRUE,TRUE,0.0024659414718684
1298,"capped",TRUE,TRUE,0.000754824963664191
1299,"probability",TRUE,TRUE,0
1299,"original",FALSE,TRUE,NA
1299,"capped",TRUE,TRUE,0.00195189113616223
1300,"probability",TRUE,TRUE,0
1300,"original",TRUE,TRUE,0.00347941840463939
1300,"capped",TRUE,TRUE,0.000296811663197616
1301,"probability",TRUE,TRUE,0
1301,"original",TRUE,TRUE,0.00347766104916758
1301,"capped",TRUE,TRUE,0.000160744575687488
1302,"probability",TRUE,TRUE,0
1302,"original",TRUE,TRUE,0.00130204115280463
1302,"capped",TRUE,TRUE,0.00179064089325109
1303,"probability",TRUE,TRUE,0
1303,"original",TRUE,TRUE,0.00411696883793411
1303,"capped",TRUE,TRUE,0.000666556605505519
1304,"probability",TRUE,TRUE,0
1304,"original",TRUE,TRUE,0.00435316506118255
1304,"capped",TRUE,TRUE,0.000694209871376472
1305,"probability",TRUE,TRUE,0
1305,"original",TRUE,TRUE,0.00435358400001995
1305,"capped",TRUE,TRUE,0.00121231911606401
1306,"probability",TRUE,TRUE,0
1306,"original",TRUE,TRUE,0.00145183713500785
1306,"capped",TRUE,TRUE,0.000700051402706237
1307,"probability",TRUE,TRUE,0
1307,"original",TRUE,TRUE,0.00805073027080994
1307,"capped",TRUE,TRUE,0.000895500943595806
1308,"probability",TRUE,TRUE,0
1308,"original",TRUE,TRUE,0.00173354275469428
1308,"capped",TRUE,TRUE,0.00121631409902534
1309,"probability",TRUE,TRUE,0
1309,"original",TRUE,TRUE,0.0148405055319785
1309,"capped",TRUE,TRUE,0.00053474978253476
1310,"probability",TRUE,TRUE,0
1310,"original",TRUE,TRUE,0.00160882037807397
1310,"capped",TRUE,TRUE,0.00148032820543875
1311,"probability",TRUE,TRUE,0
1311,"original",TRUE,TRUE,0.00287396791996031
1311,"capped",TRUE,TRUE,0.000534690722460596
1312,"probability",TRUE,TRUE,0
1312,"original",TRUE,TRUE,0.00469997745639006
1312,"capped",TRUE,TRUE,0.00133925280045588
1313,"probability",TRUE,TRUE,0
1313,"original",TRUE,TRUE,0.0020003545542906
1313,"capped",TRUE,TRUE,0.00427872577724031
1314,"probability",TRUE,TRUE,0
1314,"original",TRUE,TRUE,0.00929701043236264
1314,"capped",TRUE,TRUE,0.000637361079022014
1315,"probability",TRUE,TRUE,0
1315,"original",TRUE,TRUE,0.00648337894707041
1315,"capped",TRUE,TRUE,0.00145470723719754
1316,"probability",TRUE,TRUE,0
1316,"original",TRUE,TRUE,0.00776526412472123
1316,"capped",TRUE,TRUE,0.00271428392806428
1317,"probability",TRUE,TRUE,0
1317,"original",TRUE,TRUE,0.001312071489739
1317,"capped",TRUE,TRUE,0.000226743578753741
1318,"probability",TRUE,TRUE,0
1318,"original",TRUE,TRUE,0.00948749369169377
1318,"capped",TRUE,TRUE,0.00143334190611455
1319,"probability",TRUE,TRUE,0
1319,"original",TRUE,TRUE,0.00658518185956325
1319,"capped",TRUE,TRUE,0.000241885213142723
1320,"probability",TRUE,TRUE,0
1320,"original",TRUE,TRUE,0.00209021602713122
1320,"capped",TRUE,TRUE,5.87133433374021e-05
1321,"probability",TRUE,TRUE,0
1321,"original",TRUE,TRUE,0.00300410945197171
1321,"capped",TRUE,TRUE,0.000476818106264432
1322,"probability",TRUE,TRUE,0
1322,"original",TRUE,TRUE,0.00353545877341332
1322,"capped",TRUE,TRUE,0.00235477799736117
1323,"probability",TRUE,TRUE,0
1323,"original",TRUE,TRUE,0.00513867199399698
1323,"capped",TRUE,TRUE,0.000456067169761099
1324,"probability",TRUE,TRUE,0
1324,"original",TRUE,TRUE,0.00169578849212826
1324,"capped",TRUE,TRUE,0.000423061494338128
1325,"probability",TRUE,TRUE,0
1325,"original",TRUE,TRUE,0.000776593748632592
1325,"capped",TRUE,TRUE,0.00035291321004749
1326,"probability",TRUE,TRUE,0
1326,"original",TRUE,TRUE,0.0105520354981365
1326,"capped",TRUE,TRUE,0.000756740005265044
1327,"probability",TRUE,TRUE,0
1327,"original",TRUE,TRUE,0.0115791325696311
1327,"capped",TRUE,TRUE,0.000357624328877648
1328,"probability",TRUE,TRUE,0
1328,"original",TRUE,TRUE,0.00258614246009614
1328,"capped",TRUE,TRUE,0.00135663742454817
1329,"probability",TRUE,TRUE,0
1329,"original",TRUE,TRUE,0.00352288354135055
1329,"capped",TRUE,TRUE,0.00195039380985662
1330,"probability",TRUE,TRUE,0
1330,"original",FALSE,TRUE,NA
1330,"capped",TRUE,TRUE,0.0012570835978778
1331,"probability",TRUE,TRUE,0
1331,"original",TRUE,TRUE,0.000605408562403653
1331,"capped",TRUE,TRUE,0.00144738687751911
1332,"probability",TRUE,TRUE,0
1332,"original",TRUE,TRUE,0.00370292933178717
1332,"capped",TRUE,TRUE,0.00050498174793745
1333,"probability",TRUE,TRUE,0
1333,"original",TRUE,TRUE,0.00254555851272187
1333,"capped",TRUE,TRUE,0.000915449751765607
1334,"probability",TRUE,TRUE,0
1334,"original",TRUE,TRUE,0.00520789691939072
1334,"capped",TRUE,TRUE,0.00373539522799504
1335,"probability",TRUE,TRUE,0
1335,"original",TRUE,TRUE,0.0026870320486907
1335,"capped",TRUE,TRUE,0.000953062717130138
1336,"probability",TRUE,TRUE,0
1336,"original",TRUE,TRUE,0.00111989022905412
1336,"capped",TRUE,TRUE,0.000922112440349565
1337,"probability",TRUE,TRUE,0
1337,"original",TRUE,TRUE,0.000995500570745378
1337,"capped",TRUE,TRUE,0.00147965522037907
1338,"probability",TRUE,TRUE,0
1338,"original",TRUE,TRUE,0.00122525482728264
1338,"capped",TRUE,TRUE,0.000803666800990754
1339,"probability",TRUE,TRUE,0
1339,"original",TRUE,TRUE,0.00147212738404079
1339,"capped",TRUE,TRUE,0.000562286406420753
1340,"probability",TRUE,TRUE,0
1340,"original",TRUE,TRUE,0.00341401040715894
1340,"capped",TRUE,TRUE,0.000830131675801482
1341,"probability",TRUE,TRUE,0
1341,"original",TRUE,TRUE,0.00507058404882521
1341,"capped",TRUE,TRUE,0.00263125676944576
1342,"probability",TRUE,TRUE,0
1342,"original",TRUE,TRUE,0.000744469867498765
1342,"capped",TRUE,TRUE,0.000467153129463327
1343,"probability",TRUE,TRUE,0
1343,"original",TRUE,TRUE,0.00172740688389439
1343,"capped",TRUE,TRUE,0.000562553952846656
1344,"probability",TRUE,TRUE,0
1344,"original",TRUE,TRUE,0.00308977181990677
1344,"capped",TRUE,TRUE,0.00106229888068299
1345,"probability",TRUE,TRUE,0
1345,"original",TRUE,TRUE,0.00586513444961767
1345,"capped",TRUE,TRUE,0.00143676465622633
1346,"probability",TRUE,TRUE,0
1346,"original",TRUE,TRUE,0.00213986345841732
1346,"capped",TRUE,TRUE,0.000692256989765383
1347,"probability",TRUE,TRUE,0
1347,"original",TRUE,TRUE,0.00149051811404988
1347,"capped",TRUE,TRUE,0.00050232799392802
1348,"probability",TRUE,TRUE,0
1348,"original",TRUE,TRUE,0.00547997409809398
1348,"capped",TRUE,TRUE,0.00127257492716559
1349,"probability",TRUE,TRUE,0
1349,"original",TRUE,TRUE,0.00135221935742535
1349,"capped",TRUE,TRUE,0.000925867373126721
1350,"probability",TRUE,TRUE,0
1350,"original",TRUE,TRUE,0.00880651463018722
1350,"capped",TRUE,TRUE,0.000910739319550657
1351,"probability",TRUE,TRUE,0
1351,"original",TRUE,TRUE,0.0102910663816722
1351,"capped",TRUE,TRUE,0.00160160898865769
1352,"probability",TRUE,TRUE,0
1352,"original",TRUE,TRUE,0.00194853503486314
1352,"capped",TRUE,TRUE,0.00370853525680559
1353,"probability",TRUE,TRUE,0
1353,"original",TRUE,TRUE,0.00804744894597498
1353,"capped",TRUE,TRUE,0.000527161893867145
1354,"probability",TRUE,TRUE,0
1354,"original",TRUE,TRUE,0.000523425116512044
1354,"capped",TRUE,TRUE,0.000879230063084435
1355,"probability",TRUE,TRUE,0
1355,"original",TRUE,TRUE,0.00211104435422982
1355,"capped",TRUE,TRUE,0.000611744277314585
1356,"probability",TRUE,TRUE,0
1356,"original",TRUE,TRUE,0.00331565586061799
1356,"capped",TRUE,TRUE,0.00243987884199726
1357,"probability",TRUE,TRUE,0
1357,"original",TRUE,TRUE,0.00311043429042002
1357,"capped",TRUE,TRUE,0.00323888557309004
1358,"probability",TRUE,TRUE,0
1358,"original",TRUE,TRUE,0.00168580228865522
1358,"capped",TRUE,TRUE,0.000668089879358291
1359,"probability",TRUE,TRUE,0
1359,"original",TRUE,TRUE,0.00378814845857534
1359,"capped",TRUE,TRUE,0.000331435498424071
1360,"probability",TRUE,TRUE,0
1360,"original",TRUE,TRUE,0.00327890427983846
1360,"capped",TRUE,TRUE,0.00128574147861116
1361,"probability",TRUE,TRUE,0
1361,"original",TRUE,TRUE,0.00318911394824895
1361,"capped",TRUE,TRUE,0.00207615050076981
1362,"probability",TRUE,TRUE,0
1362,"original",TRUE,TRUE,0.000407977937094017
1362,"capped",TRUE,TRUE,0.000412313612457638
1363,"probability",TRUE,TRUE,0
1363,"original",TRUE,TRUE,0.00114085150973864
1363,"capped",TRUE,TRUE,0.000358802596018393
1364,"probability",TRUE,TRUE,0
1364,"original",TRUE,TRUE,0.00928867363494135
1364,"capped",TRUE,TRUE,0.000956770715106359
1365,"probability",TRUE,TRUE,0
1365,"original",TRUE,TRUE,0.00179260540509318
1365,"capped",TRUE,TRUE,0.00053139590526996
1366,"probability",TRUE,TRUE,0
1366,"original",TRUE,TRUE,0.00104035792433166
1366,"capped",TRUE,TRUE,0.00108324444746444
1367,"probability",TRUE,TRUE,0
1367,"original",TRUE,TRUE,0.00118403072497841
1367,"capped",TRUE,TRUE,0.00203648521896227
1368,"probability",TRUE,TRUE,0
1368,"original",TRUE,TRUE,0.00194960057911686
1368,"capped",TRUE,TRUE,0.00255246210208071
1369,"probability",TRUE,TRUE,0
1369,"original",TRUE,TRUE,0.00207734861673359
1369,"capped",TRUE,TRUE,0.0015915081703568
1370,"probability",TRUE,TRUE,0
1370,"original",TRUE,TRUE,0.00502873680901672
1370,"capped",TRUE,TRUE,0.000983312539233339
1371,"probability",TRUE,TRUE,0
1371,"original",TRUE,TRUE,0.00408426754635371
1371,"capped",TRUE,TRUE,0.00165096210194093
1372,"probability",TRUE,TRUE,0
1372,"original",TRUE,TRUE,0.000990236332956584
1372,"capped",TRUE,TRUE,0.000502070684403222
1373,"probability",TRUE,TRUE,0
1373,"original",TRUE,TRUE,0.00153893272082684
1373,"capped",TRUE,TRUE,0.00200583499762885
1374,"probability",TRUE,TRUE,0
1374,"original",TRUE,TRUE,0.0100199931024179
1374,"capped",TRUE,TRUE,0.00223155165173239
1375,"probability",TRUE,TRUE,0
1375,"original",TRUE,TRUE,0.00271357789493365
1375,"capped",TRUE,TRUE,0.000404054791275144
1376,"probability",TRUE,TRUE,0
1376,"original",TRUE,TRUE,0.015652467479903
1376,"capped",TRUE,TRUE,0.000908788469903499
1377,"probability",TRUE,TRUE,0
1377,"original",TRUE,TRUE,0.00117587755108772
1377,"capped",TRUE,TRUE,0.00068146378359657
1378,"probability",TRUE,TRUE,0
1378,"original",TRUE,TRUE,0.00301186562812816
1378,"capped",TRUE,TRUE,0.000431429850145548
1379,"probability",TRUE,TRUE,0
1379,"original",TRUE,TRUE,0.000185075205447305
1379,"capped",TRUE,TRUE,0.000300306852579979
1380,"probability",TRUE,TRUE,0
1380,"original",TRUE,TRUE,0.00495168800165402
1380,"capped",TRUE,TRUE,0.000452317102052291
1381,"probability",TRUE,TRUE,0
1381,"original",TRUE,TRUE,0.000966359226442393
1381,"capped",TRUE,TRUE,0.00138589386512677
1382,"probability",TRUE,TRUE,0
1382,"original",TRUE,TRUE,0.000955768797425094
1382,"capped",TRUE,TRUE,0.000946083300995326
1383,"probability",TRUE,TRUE,0
1383,"original",TRUE,TRUE,0.000531822090199086
1383,"capped",TRUE,TRUE,0.00321939860202392
1384,"probability",TRUE,TRUE,0
1384,"original",TRUE,TRUE,0.00551913503702295
1384,"capped",TRUE,TRUE,0.000743791462937793
1385,"probability",TRUE,TRUE,0
1385,"original",TRUE,TRUE,0.00726659870662161
1385,"capped",TRUE,TRUE,0.000485159435218208
1386,"probability",TRUE,TRUE,0
1386,"original",TRUE,TRUE,0.00447129209741171
1386,"capped",TRUE,TRUE,0.0017909095644022
1387,"probability",TRUE,TRUE,0
1387,"original",TRUE,TRUE,0.00155745295661269
1387,"capped",TRUE,TRUE,0.00097409641617574
1388,"probability",TRUE,TRUE,0
1388,"original",TRUE,TRUE,0.0040933041618274
1388,"capped",TRUE,TRUE,0.000541853326463837
1389,"probability",TRUE,TRUE,0
1389,"original",TRUE,TRUE,0.00377585734245045
1389,"capped",TRUE,TRUE,0.000757973305272941
1390,"probability",TRUE,TRUE,0
1390,"original",TRUE,TRUE,0.0023963879308031
1390,"capped",TRUE,TRUE,0.00107471370127143
1391,"probability",TRUE,TRUE,0
1391,"original",TRUE,TRUE,0.00292928433033879
1391,"capped",TRUE,TRUE,0.000844827179015795
1392,"probability",TRUE,TRUE,0
1392,"original",TRUE,TRUE,0.00196538481181996
1392,"capped",TRUE,TRUE,0.00127686441511798
1393,"probability",TRUE,TRUE,0
1393,"original",TRUE,TRUE,0.00596726561242633
1393,"capped",TRUE,TRUE,0.00254887152375005
1394,"probability",TRUE,TRUE,0
1394,"original",TRUE,TRUE,0.000419627859088223
1394,"capped",TRUE,TRUE,0.000277834957337575
1395,"probability",TRUE,TRUE,0
1395,"original",TRUE,TRUE,0.000431184187448252
1395,"capped",TRUE,TRUE,0.000391866361717064
1396,"probability",TRUE,TRUE,0
1396,"original",TRUE,TRUE,0.00387517359371259
1396,"capped",TRUE,TRUE,0.00101429237439277
1397,"probability",TRUE,TRUE,0
1397,"original",FALSE,TRUE,NA
1397,"capped",TRUE,TRUE,0.000315028370554415
1398,"probability",TRUE,TRUE,0
1398,"original",TRUE,TRUE,0.00689404674865557
1398,"capped",TRUE,TRUE,0.000885933157945828
1399,"probability",TRUE,TRUE,0
1399,"original",TRUE,TRUE,0.00290535270757886
1399,"capped",TRUE,TRUE,0.00147728677907821
1400,"probability",TRUE,TRUE,0
1400,"original",TRUE,TRUE,0.00299467307667101
1400,"capped",TRUE,TRUE,0.00104482804253792
1401,"probability",TRUE,TRUE,0
1401,"original",TRUE,TRUE,0.0013269866723391
1401,"capped",TRUE,TRUE,0.00176765136047408
1402,"probability",TRUE,TRUE,0
1402,"original",TRUE,TRUE,0.00597554378590814
1402,"capped",TRUE,TRUE,0.00206126568527054
1403,"probability",TRUE,TRUE,0
1403,"original",TRUE,TRUE,0.00320580945290416
1403,"capped",TRUE,TRUE,4.71639034227422e-05
1404,"probability",TRUE,TRUE,0
1404,"original",TRUE,TRUE,0.000942240113321446
1404,"capped",TRUE,TRUE,0.00178082066961238
1405,"probability",TRUE,TRUE,0
1405,"original",TRUE,TRUE,0.0025909807204485
1405,"capped",TRUE,TRUE,0.000737390571863727
1406,"probability",TRUE,TRUE,0
1406,"original",TRUE,TRUE,0.000701838122189713
1406,"capped",TRUE,TRUE,0.000319815786877342
1407,"probability",TRUE,TRUE,0
1407,"original",TRUE,TRUE,0.00684982590859917
1407,"capped",TRUE,TRUE,0.00103061712557206
1408,"probability",TRUE,TRUE,0
1408,"original",TRUE,TRUE,0.00187698265381187
1408,"capped",TRUE,TRUE,0.00151656478632134
1409,"probability",TRUE,TRUE,0
1409,"original",TRUE,TRUE,0.00258731384175093
1409,"capped",TRUE,TRUE,0.00149154975719767
1410,"probability",TRUE,TRUE,0
1410,"original",TRUE,TRUE,0.00252359439921079
1410,"capped",TRUE,TRUE,0.00155945616549857
1411,"probability",TRUE,TRUE,0
1411,"original",TRUE,TRUE,0.00349606785334622
1411,"capped",TRUE,TRUE,0.000879740163298948
1412,"probability",TRUE,TRUE,0
1412,"original",TRUE,TRUE,0.0101888273993254
1412,"capped",TRUE,TRUE,0.000635534818240302
1413,"probability",TRUE,TRUE,0
1413,"original",TRUE,TRUE,0.00103957654469156
1413,"capped",TRUE,TRUE,0.000695422472738016
1414,"probability",TRUE,TRUE,0
1414,"original",TRUE,TRUE,0.00169733349305723
1414,"capped",TRUE,TRUE,0.000783334251885037
1415,"probability",TRUE,TRUE,0
1415,"original",TRUE,TRUE,0.00162667134727457
1415,"capped",TRUE,TRUE,0.001054612880381
1416,"probability",TRUE,TRUE,0
1416,"original",TRUE,TRUE,0.00335008110977952
1416,"capped",TRUE,TRUE,0.000391528602662561
1417,"probability",TRUE,TRUE,0
1417,"original",TRUE,TRUE,0.00274392610806728
1417,"capped",TRUE,TRUE,0.00125949498224998
1418,"probability",TRUE,TRUE,0
1418,"original",TRUE,TRUE,0.0042748795678591
1418,"capped",TRUE,TRUE,0.00149020689913826
1419,"probability",TRUE,TRUE,0
1419,"original",TRUE,TRUE,0.000855342225307254
1419,"capped",TRUE,TRUE,0.00205660628407145
1420,"probability",TRUE,TRUE,0
1420,"original",TRUE,TRUE,0.00284828521234815
1420,"capped",TRUE,TRUE,0.000565332459718348
1421,"probability",TRUE,TRUE,0
1421,"original",TRUE,TRUE,0.00190372233036129
1421,"capped",TRUE,TRUE,0.00156637859716824
1422,"probability",TRUE,TRUE,0
1422,"original",TRUE,TRUE,0.000800916062456025
1422,"capped",TRUE,TRUE,0.000311217723247381
1423,"probability",TRUE,TRUE,0
1423,"original",TRUE,TRUE,0.00110747476939821
1423,"capped",TRUE,TRUE,0.000617476837476261
1424,"probability",TRUE,TRUE,0
1424,"original",TRUE,TRUE,0.00138897891232403
1424,"capped",TRUE,TRUE,0.00111133632353599
1425,"probability",TRUE,TRUE,0
1425,"original",TRUE,TRUE,0.00044125064376388
1425,"capped",TRUE,TRUE,0.000967896253157186
1426,"probability",TRUE,TRUE,0
1426,"original",TRUE,TRUE,0.0165408371926148
1426,"capped",TRUE,TRUE,0.00266302381561445
1427,"probability",TRUE,TRUE,0
1427,"original",TRUE,TRUE,0.000900175165966743
1427,"capped",TRUE,TRUE,0.00134502093624889
1428,"probability",TRUE,TRUE,0
1428,"original",TRUE,TRUE,0.0013876051722761
1428,"capped",TRUE,TRUE,0.00179142236353158
1429,"probability",TRUE,TRUE,0
1429,"original",TRUE,TRUE,0.00535652874591008
1429,"capped",TRUE,TRUE,0.00350648558094235
1430,"probability",TRUE,TRUE,0
1430,"original",TRUE,TRUE,0.00050775580184137
1430,"capped",TRUE,TRUE,0.00163241016293725
1431,"probability",TRUE,TRUE,0
1431,"original",TRUE,TRUE,0.000313004418712737
1431,"capped",TRUE,TRUE,0.000759443373567592
1432,"probability",TRUE,TRUE,0
1432,"original",TRUE,TRUE,0.00142033519593454
1432,"capped",TRUE,TRUE,0.00247104678678056
1433,"probability",TRUE,TRUE,0
1433,"original",TRUE,TRUE,0.00047944306285963
1433,"capped",TRUE,TRUE,0.000755905411979896
1434,"probability",TRUE,TRUE,0
1434,"original",TRUE,TRUE,0.00265851325555744
1434,"capped",TRUE,TRUE,0.00124865509665639
1435,"probability",TRUE,TRUE,0
1435,"original",TRUE,TRUE,0.00239023727719001
1435,"capped",TRUE,TRUE,0.00116836538805387
1436,"probability",TRUE,TRUE,0
1436,"original",TRUE,TRUE,0.00343491114460548
1436,"capped",TRUE,TRUE,0.000999490920843726
1437,"probability",TRUE,TRUE,0
1437,"original",TRUE,TRUE,0.0036398557369921
1437,"capped",TRUE,TRUE,0.000727069191540863
1438,"probability",TRUE,TRUE,0
1438,"original",TRUE,TRUE,0.0083815599595205
1438,"capped",TRUE,TRUE,0.00164959167601353
1439,"probability",TRUE,TRUE,0
1439,"original",TRUE,TRUE,0.000976431167252656
1439,"capped",TRUE,TRUE,0.00036967965564827
1440,"probability",TRUE,TRUE,0
1440,"original",TRUE,TRUE,0.0020605572881891
1440,"capped",TRUE,TRUE,0.00187010484814465
1441,"probability",TRUE,TRUE,0
1441,"original",TRUE,TRUE,0.00716728159862612
1441,"capped",TRUE,TRUE,0.00308769479573101
1442,"probability",TRUE,TRUE,0
1442,"original",TRUE,TRUE,0.00768519858795713
1442,"capped",TRUE,TRUE,0.00138534077717622
1443,"probability",TRUE,TRUE,0
1443,"original",TRUE,TRUE,0.000352954328434407
1443,"capped",TRUE,TRUE,0.000407729698444825
1444,"probability",TRUE,TRUE,0
1444,"original",TRUE,TRUE,0.00451516085361803
1444,"capped",TRUE,TRUE,0.00414748287148825
1445,"probability",TRUE,TRUE,0
1445,"original",TRUE,TRUE,0.0043439703999546
1445,"capped",TRUE,TRUE,0.00100365899751154
1446,"probability",TRUE,TRUE,0
1446,"original",TRUE,TRUE,0.00205016005738301
1446,"capped",TRUE,TRUE,0.000712836509389803
1447,"probability",TRUE,TRUE,0
1447,"original",TRUE,TRUE,0.00387474017839295
1447,"capped",TRUE,TRUE,0.000954061492556946
1448,"probability",TRUE,TRUE,0
1448,"original",TRUE,TRUE,0.0124974329940031
1448,"capped",TRUE,TRUE,0.00200542747973742
1449,"probability",TRUE,TRUE,0
1449,"original",TRUE,TRUE,0.0014703283881623
1449,"capped",TRUE,TRUE,0.00145843648957822
1450,"probability",TRUE,TRUE,0
1450,"original",TRUE,TRUE,0.00313104694929223
1450,"capped",TRUE,TRUE,0.0009283085712255
1451,"probability",TRUE,TRUE,0
1451,"original",TRUE,TRUE,0.000815059534247098
1451,"capped",TRUE,TRUE,0.00060882025208997
1452,"probability",TRUE,TRUE,0
1452,"original",TRUE,TRUE,0.00100471535699853
1452,"capped",TRUE,TRUE,0.00175837477383567
1453,"probability",TRUE,TRUE,0
1453,"original",TRUE,TRUE,0.00111334652720174
1453,"capped",TRUE,TRUE,0.000975653944109922
1454,"probability",TRUE,TRUE,0
1454,"original",TRUE,TRUE,0.00688239975330873
1454,"capped",TRUE,TRUE,0.000224865035583832
1455,"probability",TRUE,TRUE,0
1455,"original",TRUE,TRUE,0.00305489439501372
1455,"capped",TRUE,TRUE,0.00264253482496457
1456,"probability",TRUE,TRUE,0
1456,"original",TRUE,TRUE,0.00306279636291151
1456,"capped",TRUE,TRUE,0.000381993322058349
1457,"probability",TRUE,TRUE,0
1457,"original",TRUE,TRUE,0.000803502411734769
1457,"capped",TRUE,TRUE,0.00106824088636515
1458,"probability",TRUE,TRUE,0
1458,"original",TRUE,TRUE,0.00186579851664526
1458,"capped",TRUE,TRUE,0.00117362564000434
1459,"probability",TRUE,TRUE,0
1459,"original",TRUE,TRUE,0.00244814676812366
1459,"capped",TRUE,TRUE,0.000677021543701528
1460,"probability",TRUE,TRUE,0
1460,"original",TRUE,TRUE,0.00200165042270584
1460,"capped",TRUE,TRUE,0.000943459132308533
1461,"probability",TRUE,TRUE,0
1461,"original",TRUE,TRUE,0.00394184294287925
1461,"capped",TRUE,TRUE,0.00081128657740237
1462,"probability",TRUE,TRUE,0
1462,"original",TRUE,TRUE,0.00285717405780872
1462,"capped",TRUE,TRUE,0.000938938919517796
1463,"probability",TRUE,TRUE,0
1463,"original",TRUE,TRUE,0.0013111457093764
1463,"capped",TRUE,TRUE,0.00179212134317375
1464,"probability",TRUE,TRUE,0
1464,"original",TRUE,TRUE,0.0013095394199425
1464,"capped",TRUE,TRUE,0.00131413789585366
1465,"probability",TRUE,TRUE,0
1465,"original",TRUE,TRUE,0.00910051969809089
1465,"capped",TRUE,TRUE,0.000469227311825193
1466,"probability",TRUE,TRUE,0
1466,"original",TRUE,TRUE,0.00376949016305872
1466,"capped",TRUE,TRUE,0.000666333467190583
1467,"probability",TRUE,TRUE,0
1467,"original",TRUE,TRUE,0.00308167668850956
1467,"capped",TRUE,TRUE,0.000459277529429869
1468,"probability",TRUE,TRUE,0
1468,"original",TRUE,TRUE,0.00325482747332728
1468,"capped",TRUE,TRUE,0.00107270062671461
1469,"probability",TRUE,TRUE,0
1469,"original",TRUE,TRUE,0.00366092400447826
1469,"capped",TRUE,TRUE,0.000986446874691183
1470,"probability",TRUE,TRUE,0
1470,"original",TRUE,TRUE,0.00387472469585504
1470,"capped",TRUE,TRUE,0.00501842533152796
1471,"probability",TRUE,TRUE,0
1471,"original",TRUE,TRUE,0.00823164872196358
1471,"capped",TRUE,TRUE,0.00110705957710167
1472,"probability",TRUE,TRUE,0
1472,"original",TRUE,TRUE,0.000749931563575501
1472,"capped",TRUE,TRUE,0.0003847705430573
1473,"probability",TRUE,TRUE,0
1473,"original",TRUE,TRUE,0.00211695183040916
1473,"capped",TRUE,TRUE,0.000481955980419002
1474,"probability",TRUE,TRUE,0
1474,"original",TRUE,TRUE,0.00328100683281463
1474,"capped",TRUE,TRUE,0.00184381152145363
1475,"probability",TRUE,TRUE,0
1475,"original",TRUE,TRUE,0.00359965580879873
1475,"capped",TRUE,TRUE,0.00129883741811199
1476,"probability",TRUE,TRUE,0
1476,"original",TRUE,TRUE,0.00633315345262986
1476,"capped",TRUE,TRUE,0.00115572120269292
1477,"probability",TRUE,TRUE,0
1477,"original",TRUE,TRUE,0.00120241701948842
1477,"capped",TRUE,TRUE,0.00167715701626037
1478,"probability",TRUE,TRUE,0
1478,"original",TRUE,TRUE,0.00131106762837163
1478,"capped",TRUE,TRUE,0.00102259712940622
1479,"probability",TRUE,TRUE,0
1479,"original",TRUE,TRUE,0.00139663140883783
1479,"capped",TRUE,TRUE,0.00157620732997188
1480,"probability",TRUE,TRUE,0
1480,"original",TRUE,TRUE,0.00426794353056437
1480,"capped",TRUE,TRUE,0.00103210121714881
1481,"probability",TRUE,TRUE,0
1481,"original",FALSE,TRUE,NA
1481,"capped",TRUE,TRUE,0.00351156661686503
1482,"probability",TRUE,TRUE,0
1482,"original",TRUE,TRUE,0.003629824143637
1482,"capped",TRUE,TRUE,0.00141668393094108
1483,"probability",TRUE,TRUE,0
1483,"original",TRUE,TRUE,0.000465763360036675
1483,"capped",TRUE,TRUE,0.000384125298907634
1484,"probability",TRUE,TRUE,0
1484,"original",TRUE,TRUE,0.00327943979921486
1484,"capped",TRUE,TRUE,0.00100960012630935
1485,"probability",TRUE,TRUE,0
1485,"original",TRUE,TRUE,0.00406372946930134
1485,"capped",TRUE,TRUE,0.000444798899977172
1486,"probability",TRUE,TRUE,0
1486,"original",TRUE,TRUE,0.000942282888811263
1486,"capped",TRUE,TRUE,0.000525936597767895
1487,"probability",TRUE,TRUE,0
1487,"original",TRUE,TRUE,0.0143683665156242
1487,"capped",TRUE,TRUE,0.0019288136454243
1488,"probability",TRUE,TRUE,0
1488,"original",TRUE,TRUE,0.00354508430451972
1488,"capped",TRUE,TRUE,0.00183719395405291
1489,"probability",TRUE,TRUE,0
1489,"original",TRUE,TRUE,0.00365956783588395
1489,"capped",TRUE,TRUE,0.0017793472083909
1490,"probability",TRUE,TRUE,0
1490,"original",TRUE,TRUE,0.0163664508654193
1490,"capped",TRUE,TRUE,0.00127993784914793
1491,"probability",TRUE,TRUE,0
1491,"original",TRUE,TRUE,0.00183916919391436
1491,"capped",TRUE,TRUE,0.00203336464150539
1492,"probability",TRUE,TRUE,0
1492,"original",TRUE,TRUE,0.00197419453183301
1492,"capped",TRUE,TRUE,0.000377251290622382
1493,"probability",TRUE,TRUE,0
1493,"original",TRUE,TRUE,0.001170625744912
1493,"capped",TRUE,TRUE,0.000603353120801842
1494,"probability",TRUE,TRUE,0
1494,"original",FALSE,TRUE,NA
1494,"capped",TRUE,TRUE,0.00173506118635558
1495,"probability",TRUE,TRUE,0
1495,"original",TRUE,TRUE,0.00115080815226065
1495,"capped",TRUE,TRUE,0.000587202272001264
1496,"probability",TRUE,TRUE,0
1496,"original",TRUE,TRUE,0.0015641184330164
1496,"capped",TRUE,TRUE,0.000757668982892312
1497,"probability",TRUE,TRUE,0
1497,"original",TRUE,TRUE,0.00418031811325648
1497,"capped",TRUE,TRUE,0.00196516177889805
1498,"probability",TRUE,TRUE,0
1498,"original",TRUE,TRUE,0.00238126801931315
1498,"capped",TRUE,TRUE,0.0017654141118868
1499,"probability",TRUE,TRUE,0
1499,"original",TRUE,TRUE,0.00255455114740499
1499,"capped",TRUE,TRUE,0.00116298457436415
1500,"probability",TRUE,TRUE,0
1500,"original",FALSE,TRUE,NA
1500,"capped",TRUE,TRUE,0.0023914127035809
1501,"probability",TRUE,TRUE,0
1501,"original",TRUE,TRUE,0.00300152121781849
1501,"capped",TRUE,TRUE,0.00080669850216708
1502,"probability",TRUE,TRUE,0
1502,"original",TRUE,TRUE,0.00193502385969602
1502,"capped",TRUE,TRUE,0.00132658971858923
1503,"probability",TRUE,TRUE,0
1503,"original",TRUE,TRUE,0.00237951598463937
1503,"capped",TRUE,TRUE,0.00235309962420871
1504,"probability",TRUE,TRUE,0
1504,"original",TRUE,TRUE,0.00231318345766951
1504,"capped",TRUE,TRUE,0.00209033916889112
1505,"probability",TRUE,TRUE,0
1505,"original",TRUE,TRUE,0.00490327555343129
1505,"capped",TRUE,TRUE,0.000844553188091623
1506,"probability",TRUE,TRUE,0
1506,"original",TRUE,TRUE,0.00109833045835472
1506,"capped",TRUE,TRUE,0.00155514490825936
1507,"probability",TRUE,TRUE,0
1507,"original",TRUE,TRUE,0.000779726434323891
1507,"capped",TRUE,TRUE,0.0019401906717178
1508,"probability",TRUE,TRUE,0
1508,"original",TRUE,TRUE,0.00153057035246462
1508,"capped",TRUE,TRUE,0.00049054911634272
1509,"probability",TRUE,TRUE,0
1509,"original",TRUE,TRUE,0.00424191616039948
1509,"capped",TRUE,TRUE,0.00111089131952014
1510,"probability",TRUE,TRUE,0
1510,"original",TRUE,TRUE,0.00455129114768482
1510,"capped",TRUE,TRUE,0.000453262802089682
1511,"probability",TRUE,TRUE,0
1511,"original",TRUE,TRUE,0.00227876726760101
1511,"capped",TRUE,TRUE,0.000550766534537672
1512,"probability",TRUE,TRUE,0
1512,"original",TRUE,TRUE,0.00360098818507026
1512,"capped",TRUE,TRUE,0.000460568976897946
1513,"probability",TRUE,TRUE,0
1513,"original",TRUE,TRUE,0.00418755374268187
1513,"capped",TRUE,TRUE,0.000841059314666381
1514,"probability",TRUE,TRUE,0
1514,"original",TRUE,TRUE,0.000974770936434055
1514,"capped",TRUE,TRUE,0.000652697075196329
1515,"probability",TRUE,TRUE,0
1515,"original",TRUE,TRUE,0.00317283480423303
1515,"capped",TRUE,TRUE,0.000882862096815984
1516,"probability",TRUE,TRUE,0
1516,"original",TRUE,TRUE,0.00427945280900133
1516,"capped",TRUE,TRUE,0.00145484521199535
1517,"probability",TRUE,TRUE,0
1517,"original",TRUE,TRUE,0.00207460911927981
1517,"capped",TRUE,TRUE,0.000190108681405121
1518,"probability",TRUE,TRUE,0
1518,"original",TRUE,TRUE,0.00179324422728655
1518,"capped",TRUE,TRUE,0.00217025054017483
1519,"probability",TRUE,TRUE,0
1519,"original",TRUE,TRUE,0.00310718055805381
1519,"capped",TRUE,TRUE,0.001078232172949
1520,"probability",TRUE,TRUE,0
1520,"original",TRUE,TRUE,0.00522991704356457
1520,"capped",TRUE,TRUE,0.000746603934057788
1521,"probability",TRUE,TRUE,0
1521,"original",TRUE,TRUE,0.00387326226290341
1521,"capped",TRUE,TRUE,0.00135851909986684
1522,"probability",TRUE,TRUE,0
1522,"original",TRUE,TRUE,0.000818556380661306
1522,"capped",TRUE,TRUE,0.000593857874012116
1523,"probability",TRUE,TRUE,0
1523,"original",TRUE,TRUE,0.00116789772089732
1523,"capped",TRUE,TRUE,0.00030654793807372
1524,"probability",TRUE,TRUE,0
1524,"original",TRUE,TRUE,0.00240534902680167
1524,"capped",TRUE,TRUE,0.0010549881485229
1525,"probability",TRUE,TRUE,0
1525,"original",TRUE,TRUE,0.00433379037132298
1525,"capped",TRUE,TRUE,0.000529254500047927
1526,"probability",TRUE,TRUE,0
1526,"original",TRUE,TRUE,0.000445676867048661
1526,"capped",TRUE,TRUE,0.000550169495973307
1527,"probability",TRUE,TRUE,0
1527,"original",TRUE,TRUE,0.00127366374135107
1527,"capped",TRUE,TRUE,0.000838662074077234
1528,"probability",TRUE,TRUE,0
1528,"original",TRUE,TRUE,0.00143943436342653
1528,"capped",TRUE,TRUE,0.00159813496197003
1529,"probability",TRUE,TRUE,0
1529,"original",TRUE,TRUE,0.000888930712434899
1529,"capped",TRUE,TRUE,0.00108642449053775
1530,"probability",TRUE,TRUE,0
1530,"original",TRUE,TRUE,0.00372132458225138
1530,"capped",TRUE,TRUE,0.000969315722095132
1531,"probability",TRUE,TRUE,0
1531,"original",TRUE,TRUE,0.00722021762885561
1531,"capped",TRUE,TRUE,0.000268788341628579
1532,"probability",TRUE,TRUE,0
1532,"original",TRUE,TRUE,0.00233716815895946
1532,"capped",TRUE,TRUE,0.000773746077165072
1533,"probability",TRUE,TRUE,0
1533,"original",TRUE,TRUE,0.00613070843621877
1533,"capped",TRUE,TRUE,0.000926583496102751
1534,"probability",TRUE,TRUE,0
1534,"original",TRUE,TRUE,0.00302647084734531
1534,"capped",TRUE,TRUE,0.000535042234812266
1535,"probability",TRUE,TRUE,0
1535,"original",TRUE,TRUE,0.000234263073224383
1535,"capped",TRUE,TRUE,0.000267491773620065
1536,"probability",TRUE,TRUE,0
1536,"original",TRUE,TRUE,0.00188399850998167
1536,"capped",TRUE,TRUE,0.000638945114431522
1537,"probability",TRUE,TRUE,0
1537,"original",TRUE,TRUE,0.00371757959076291
1537,"capped",TRUE,TRUE,0.000914030141160538
1538,"probability",TRUE,TRUE,0
1538,"original",TRUE,TRUE,0.00170483960250678
1538,"capped",TRUE,TRUE,0.00110019538207951
1539,"probability",TRUE,TRUE,0
1539,"original",TRUE,TRUE,0.00148148681238069
1539,"capped",TRUE,TRUE,0.00106440106841887
1540,"probability",TRUE,TRUE,0
1540,"original",TRUE,TRUE,0.0013735741135239
1540,"capped",TRUE,TRUE,0.000748146108122683
1541,"probability",TRUE,TRUE,0
1541,"original",TRUE,TRUE,0.0050621677852476
1541,"capped",TRUE,TRUE,0.000812791725127937
1542,"probability",TRUE,TRUE,0
1542,"original",TRUE,TRUE,0.00100949482122559
1542,"capped",TRUE,TRUE,0.00233504715976807
1543,"probability",TRUE,TRUE,0
1543,"original",TRUE,TRUE,0.0042758058789758
1543,"capped",TRUE,TRUE,0.000497328324216895
1544,"probability",TRUE,TRUE,0
1544,"original",TRUE,TRUE,0.00201124247213258
1544,"capped",TRUE,TRUE,0.001190422232483
1545,"probability",TRUE,TRUE,0
1545,"original",TRUE,TRUE,0.00214780971080586
1545,"capped",TRUE,TRUE,0.000567196191394004
1546,"probability",TRUE,TRUE,0
1546,"original",TRUE,TRUE,0.00510451903966924
1546,"capped",TRUE,TRUE,0.000458970429455974
1547,"probability",TRUE,TRUE,0
1547,"original",TRUE,TRUE,0.00346524479851951
1547,"capped",TRUE,TRUE,0.00435371281399455
1548,"probability",TRUE,TRUE,0
1548,"original",TRUE,TRUE,0.00291410978800144
1548,"capped",TRUE,TRUE,0.00255078694212685
1549,"probability",TRUE,TRUE,0
1549,"original",TRUE,TRUE,0.000977143986197859
1549,"capped",TRUE,TRUE,0.000183204188759056
1550,"probability",TRUE,TRUE,0
1550,"original",TRUE,TRUE,0.0015541784285702
1550,"capped",TRUE,TRUE,0.00284176046920948
1551,"probability",TRUE,TRUE,0
1551,"original",TRUE,TRUE,0.0137353757702812
1551,"capped",TRUE,TRUE,0.00039655956362239
1552,"probability",TRUE,TRUE,0
1552,"original",TRUE,TRUE,0.000993364981624723
1552,"capped",TRUE,TRUE,0.00211838560201727
1553,"probability",TRUE,TRUE,0
1553,"original",TRUE,TRUE,0.014231833758906
1553,"capped",TRUE,TRUE,0.00194708902894547
1554,"probability",TRUE,TRUE,0
1554,"original",TRUE,TRUE,0.00418695304972516
1554,"capped",TRUE,TRUE,0.000670706587484915
1555,"probability",TRUE,TRUE,0
1555,"original",TRUE,TRUE,0.00608645041849698
1555,"capped",TRUE,TRUE,0.00223157352671421
1556,"probability",TRUE,TRUE,0
1556,"original",TRUE,TRUE,0.00820363391184387
1556,"capped",TRUE,TRUE,0.0029335898945746
1557,"probability",TRUE,TRUE,0
1557,"original",TRUE,TRUE,0.00175046583138538
1557,"capped",TRUE,TRUE,0.00103356869021809
1558,"probability",TRUE,TRUE,0
1558,"original",TRUE,TRUE,0.00133024253316094
1558,"capped",TRUE,TRUE,0.000591372452156236
1559,"probability",TRUE,TRUE,0
1559,"original",TRUE,TRUE,0.00404814668599229
1559,"capped",TRUE,TRUE,0.000961396448946772
1560,"probability",TRUE,TRUE,0
1560,"original",TRUE,TRUE,0.00227055494724837
1560,"capped",TRUE,TRUE,0.00107753391556997
1561,"probability",TRUE,TRUE,0
1561,"original",TRUE,TRUE,0.00245762019608442
1561,"capped",TRUE,TRUE,0.000762958788932622
1562,"probability",TRUE,TRUE,0
1562,"original",TRUE,TRUE,0.000729809685189764
1562,"capped",TRUE,TRUE,0.000832878296167294
1563,"probability",TRUE,TRUE,0
1563,"original",TRUE,TRUE,0.00383671077103998
1563,"capped",TRUE,TRUE,0.000431495607404742
1564,"probability",TRUE,TRUE,0
1564,"original",TRUE,TRUE,0.0023832889156914
1564,"capped",TRUE,TRUE,0.000291699970940584
1565,"probability",TRUE,TRUE,0
1565,"original",TRUE,TRUE,0.00156381222055302
1565,"capped",TRUE,TRUE,0.000839257061771903
1566,"probability",TRUE,TRUE,0
1566,"original",TRUE,TRUE,0.00338562666878062
1566,"capped",TRUE,TRUE,0.000746888426142789
1567,"probability",TRUE,TRUE,0
1567,"original",TRUE,TRUE,0.00235821364692868
1567,"capped",TRUE,TRUE,0.00094820583012023
1568,"probability",TRUE,TRUE,0
1568,"original",TRUE,TRUE,0.00247168797967134
1568,"capped",TRUE,TRUE,0.00057635215903673
1569,"probability",TRUE,TRUE,0
1569,"original",TRUE,TRUE,0.00152187954613936
1569,"capped",TRUE,TRUE,0.00109446197074448
1570,"probability",TRUE,TRUE,0
1570,"original",FALSE,TRUE,NA
1570,"capped",TRUE,TRUE,0.00203625414929576
1571,"probability",TRUE,TRUE,0
1571,"original",TRUE,TRUE,0.00267053085574531
1571,"capped",TRUE,TRUE,0.000445393719797238
1572,"probability",TRUE,TRUE,0
1572,"original",TRUE,TRUE,0.00547505023556027
1572,"capped",TRUE,TRUE,0.000795731552500456
1573,"probability",TRUE,TRUE,0
1573,"original",TRUE,TRUE,0.000493056046437346
1573,"capped",TRUE,TRUE,0.0018580582383585
1574,"probability",TRUE,TRUE,0
1574,"original",TRUE,TRUE,0.00144367487589037
1574,"capped",TRUE,TRUE,0.000680218221361883
1575,"probability",TRUE,TRUE,0
1575,"original",TRUE,TRUE,0.00337910136946817
1575,"capped",TRUE,TRUE,0.00133169220924856
1576,"probability",TRUE,TRUE,0
1576,"original",TRUE,TRUE,0.000693338811007749
1576,"capped",TRUE,TRUE,0.000782144581982891
1577,"probability",TRUE,TRUE,0
1577,"original",TRUE,TRUE,0.000772376979035982
1577,"capped",TRUE,TRUE,0.000769607383595883
1578,"probability",TRUE,TRUE,0
1578,"original",TRUE,TRUE,0.00436984642615812
1578,"capped",TRUE,TRUE,0.00147399078101884
1579,"probability",TRUE,TRUE,0
1579,"original",TRUE,TRUE,0.00224470612618433
1579,"capped",TRUE,TRUE,0.000838875986161725
1580,"probability",TRUE,TRUE,0
1580,"original",TRUE,TRUE,0.00140275501072651
1580,"capped",TRUE,TRUE,0.00131992028567396
1581,"probability",TRUE,TRUE,0
1581,"original",TRUE,TRUE,0.0071891881742232
1581,"capped",TRUE,TRUE,0.000489163025062078
1582,"probability",TRUE,TRUE,0
1582,"original",TRUE,TRUE,0.00274558922876622
1582,"capped",TRUE,TRUE,0.00268308132736905
1583,"probability",TRUE,TRUE,0
1583,"original",TRUE,TRUE,0.00573848465251814
1583,"capped",TRUE,TRUE,0.00107244643718474
1584,"probability",TRUE,TRUE,0
1584,"original",TRUE,TRUE,0.00207836145268558
1584,"capped",TRUE,TRUE,0.000665744707450955
1585,"probability",TRUE,TRUE,0
1585,"original",TRUE,TRUE,0.00198395858870271
1585,"capped",TRUE,TRUE,0.000768727693653659
1586,"probability",TRUE,TRUE,0
1586,"original",TRUE,TRUE,0.0030971135030633
1586,"capped",TRUE,TRUE,0.000591933017560109
1587,"probability",TRUE,TRUE,0
1587,"original",TRUE,TRUE,0.00250752931150089
1587,"capped",TRUE,TRUE,0.00103835530148189
1588,"probability",TRUE,TRUE,0
1588,"original",TRUE,TRUE,0.0017480586965064
1588,"capped",TRUE,TRUE,0.000864904096484764
1589,"probability",TRUE,TRUE,0
1589,"original",TRUE,TRUE,0.00127092141705809
1589,"capped",TRUE,TRUE,0.00110008891747526
1590,"probability",TRUE,TRUE,0
1590,"original",TRUE,TRUE,0.00263349832300719
1590,"capped",TRUE,TRUE,0.00242052365719303
1591,"probability",TRUE,TRUE,0
1591,"original",TRUE,TRUE,0.00294922154980526
1591,"capped",TRUE,TRUE,0.00106175973244049
1592,"probability",TRUE,TRUE,0
1592,"original",TRUE,TRUE,0.00697316340489351
1592,"capped",TRUE,TRUE,0.000702038814853978
1593,"probability",TRUE,TRUE,0
1593,"original",TRUE,TRUE,0.00300601210732765
1593,"capped",TRUE,TRUE,0.000834791461205242
1594,"probability",TRUE,TRUE,0
1594,"original",TRUE,TRUE,0.00192364944442147
1594,"capped",TRUE,TRUE,0.00140300872556764
1595,"probability",TRUE,TRUE,0
1595,"original",TRUE,TRUE,0.00253765664113814
1595,"capped",TRUE,TRUE,0.000846898198425095
1596,"probability",TRUE,TRUE,0
1596,"original",TRUE,TRUE,0.00318069857550363
1596,"capped",TRUE,TRUE,0.00150083328292006
1597,"probability",TRUE,TRUE,0
1597,"original",TRUE,TRUE,0.00913751538652008
1597,"capped",TRUE,TRUE,0.0010326695779348
1598,"probability",TRUE,TRUE,0
1598,"original",TRUE,TRUE,0.00460478320405144
1598,"capped",TRUE,TRUE,0.00180887837725408
1599,"probability",TRUE,TRUE,0
1599,"original",TRUE,TRUE,0.000540400698156418
1599,"capped",TRUE,TRUE,0.000729124536277936
1600,"probability",TRUE,TRUE,0
1600,"original",TRUE,TRUE,0.00167536363372278
1600,"capped",TRUE,TRUE,0.000959842918913267
1601,"probability",TRUE,TRUE,0
1601,"original",TRUE,TRUE,0.0017708149119926
1601,"capped",TRUE,TRUE,0.00044403556132977
1602,"probability",TRUE,TRUE,0
1602,"original",TRUE,TRUE,0.00639021688938612
1602,"capped",TRUE,TRUE,0.00139059764727278
1603,"probability",TRUE,TRUE,0
1603,"original",TRUE,TRUE,0.00376975992849538
1603,"capped",TRUE,TRUE,0.0009573441940951
1604,"probability",TRUE,TRUE,0
1604,"original",TRUE,TRUE,0.00656261224676769
1604,"capped",TRUE,TRUE,0.00285039080283944
1605,"probability",TRUE,TRUE,0
1605,"original",TRUE,TRUE,0.00896857304321941
1605,"capped",TRUE,TRUE,0.00109767717791343
1606,"probability",TRUE,TRUE,0
1606,"original",TRUE,TRUE,0.00163391828662895
1606,"capped",TRUE,TRUE,0.00117578530312201
1607,"probability",TRUE,TRUE,0
1607,"original",TRUE,TRUE,0.00140453475322744
1607,"capped",TRUE,TRUE,0.000571798019922909
1608,"probability",TRUE,TRUE,0
1608,"original",TRUE,TRUE,0.0101728699527328
1608,"capped",TRUE,TRUE,0.00118102002238096
1609,"probability",TRUE,TRUE,0
1609,"original",TRUE,TRUE,0.00316414501009632
1609,"capped",TRUE,TRUE,0.00193987713083033
1610,"probability",TRUE,TRUE,0
1610,"original",TRUE,TRUE,0.00291035890650448
1610,"capped",TRUE,TRUE,0.00191126240759587
1611,"probability",TRUE,TRUE,0
1611,"original",TRUE,TRUE,0.00262154686322802
1611,"capped",TRUE,TRUE,0.000375111980552845
1612,"probability",TRUE,TRUE,0
1612,"original",TRUE,TRUE,0.0045903163896952
1612,"capped",TRUE,TRUE,0.00111415757020694
1613,"probability",TRUE,TRUE,0
1613,"original",TRUE,TRUE,0.00219816396070271
1613,"capped",TRUE,TRUE,0.000412478456643939
1614,"probability",TRUE,TRUE,0
1614,"original",TRUE,TRUE,0.00269670023545387
1614,"capped",TRUE,TRUE,0.00389250082567827
1615,"probability",TRUE,TRUE,0
1615,"original",TRUE,TRUE,0.00186587947410999
1615,"capped",TRUE,TRUE,0.000963886487173937
1616,"probability",TRUE,TRUE,0
1616,"original",TRUE,TRUE,0.00515696743658012
1616,"capped",TRUE,TRUE,0.000586232439793832
1617,"probability",TRUE,TRUE,0
1617,"original",TRUE,TRUE,0.00468220120165341
1617,"capped",TRUE,TRUE,0.00103111272102296
1618,"probability",TRUE,TRUE,0
1618,"original",TRUE,TRUE,0.00668568430610961
1618,"capped",TRUE,TRUE,0.000707805610730361
1619,"probability",TRUE,TRUE,0
1619,"original",TRUE,TRUE,0.0125788212114948
1619,"capped",TRUE,TRUE,0.000458798355641221
1620,"probability",TRUE,TRUE,0
1620,"original",TRUE,TRUE,0.0051136472711022
1620,"capped",TRUE,TRUE,0.00129977260274927
1621,"probability",TRUE,TRUE,0
1621,"original",TRUE,TRUE,0.00622908918156284
1621,"capped",TRUE,TRUE,0.000409943343704811
1622,"probability",TRUE,TRUE,0
1622,"original",TRUE,TRUE,0.00192650868532773
1622,"capped",TRUE,TRUE,0.000969667022403087
1623,"probability",TRUE,TRUE,0
1623,"original",TRUE,TRUE,0.00124412250795558
1623,"capped",TRUE,TRUE,0.00111552197457598
1624,"probability",TRUE,TRUE,0
1624,"original",TRUE,TRUE,0.00226497920609603
1624,"capped",TRUE,TRUE,0.000790071083848431
1625,"probability",TRUE,TRUE,0
1625,"original",TRUE,TRUE,0.0029928074379626
1625,"capped",TRUE,TRUE,0.000952911577641657
1626,"probability",TRUE,TRUE,0
1626,"original",TRUE,TRUE,0.00435400330435343
1626,"capped",TRUE,TRUE,0.00151922966988494
1627,"probability",TRUE,TRUE,0
1627,"original",TRUE,TRUE,0.000336077619145669
1627,"capped",TRUE,TRUE,0.00081773480522429
1628,"probability",TRUE,TRUE,0
1628,"original",TRUE,TRUE,0.00548565954990465
1628,"capped",TRUE,TRUE,0.000973641652247892
1629,"probability",TRUE,TRUE,0
1629,"original",TRUE,TRUE,0.00739287810863942
1629,"capped",TRUE,TRUE,0.00128457878408739
1630,"probability",TRUE,TRUE,0
1630,"original",TRUE,TRUE,0.0107033763313282
1630,"capped",TRUE,TRUE,0.000913291946908146
1631,"probability",TRUE,TRUE,0
1631,"original",TRUE,TRUE,0.00492291033947367
1631,"capped",TRUE,TRUE,0.000331908161939509
1632,"probability",TRUE,TRUE,0
1632,"original",TRUE,TRUE,0.00114147026071976
1632,"capped",TRUE,TRUE,0.00111419722566097
1633,"probability",TRUE,TRUE,0
1633,"original",TRUE,TRUE,0.00371165495262815
1633,"capped",TRUE,TRUE,0.00107158836485155
1634,"probability",TRUE,TRUE,0
1634,"original",TRUE,TRUE,0.00234303428374716
1634,"capped",TRUE,TRUE,0.0022423573689494
1635,"probability",TRUE,TRUE,0
1635,"original",TRUE,TRUE,0.00371414687887395
1635,"capped",TRUE,TRUE,0.00287555456699451
1636,"probability",TRUE,TRUE,0
1636,"original",TRUE,TRUE,0.000834591410692198
1636,"capped",TRUE,TRUE,0.00127911058201668
1637,"probability",TRUE,TRUE,0
1637,"original",TRUE,TRUE,0.00359412831943118
1637,"capped",TRUE,TRUE,0.00124000049213535
1638,"probability",TRUE,TRUE,0
1638,"original",TRUE,TRUE,0.000566164676589764
1638,"capped",TRUE,TRUE,0.00089918348633411
1639,"probability",TRUE,TRUE,0
1639,"original",TRUE,TRUE,0.00093631426373264
1639,"capped",TRUE,TRUE,0.000422941908276186
1640,"probability",TRUE,TRUE,0
1640,"original",TRUE,TRUE,0.00240607664057535
1640,"capped",TRUE,TRUE,0.000562731750150647
1641,"probability",TRUE,TRUE,0
1641,"original",TRUE,TRUE,0.0007123102749933
1641,"capped",TRUE,TRUE,0.000338110302845251
1642,"probability",TRUE,TRUE,0
1642,"original",TRUE,TRUE,0.00187619812919593
1642,"capped",TRUE,TRUE,0.00147067798494049
1643,"probability",TRUE,TRUE,0
1643,"original",TRUE,TRUE,0.00136799602898208
1643,"capped",TRUE,TRUE,0.00134337141379604
1644,"probability",TRUE,TRUE,0
1644,"original",TRUE,TRUE,0.000966367548532077
1644,"capped",TRUE,TRUE,0.00168838031585494
1645,"probability",TRUE,TRUE,0
1645,"original",TRUE,TRUE,0.00153895268545767
1645,"capped",TRUE,TRUE,0.000212616513906028
1646,"probability",TRUE,TRUE,0
1646,"original",FALSE,TRUE,NA
1646,"capped",TRUE,TRUE,0.00101478170377334
1647,"probability",TRUE,TRUE,0
1647,"original",TRUE,TRUE,0.00120997102921194
1647,"capped",TRUE,TRUE,0.000529959601385244
1648,"probability",TRUE,TRUE,0
1648,"original",TRUE,TRUE,0.0214257778399798
1648,"capped",TRUE,TRUE,0.00357096184954386
1649,"probability",TRUE,TRUE,0
1649,"original",TRUE,TRUE,0.00547540811934155
1649,"capped",TRUE,TRUE,0.000462361452964188
1650,"probability",TRUE,TRUE,0
1650,"original",TRUE,TRUE,0.00236714710822383
1650,"capped",TRUE,TRUE,0.000794544913979678
1651,"probability",TRUE,TRUE,0
1651,"original",TRUE,TRUE,0.00343584172159694
1651,"capped",TRUE,TRUE,0.00081988542124023
1652,"probability",TRUE,TRUE,0
1652,"original",TRUE,TRUE,0.00166708153675899
1652,"capped",TRUE,TRUE,0.000470108539332159
1653,"probability",TRUE,TRUE,0
1653,"original",TRUE,TRUE,0.00101953095951224
1653,"capped",TRUE,TRUE,0.000983652167867888
1654,"probability",TRUE,TRUE,0
1654,"original",TRUE,TRUE,0.00586705849294944
1654,"capped",TRUE,TRUE,0.00104408181793048
1655,"probability",TRUE,TRUE,0
1655,"original",TRUE,TRUE,0.00138333052594675
1655,"capped",TRUE,TRUE,0.00215830030050768
1656,"probability",TRUE,TRUE,0
1656,"original",TRUE,TRUE,0.000325662663918536
1656,"capped",TRUE,TRUE,0.000197220474515092
1657,"probability",TRUE,TRUE,0
1657,"original",TRUE,TRUE,0.0033317068464207
1657,"capped",TRUE,TRUE,0.00139568685787594
1658,"probability",TRUE,TRUE,0
1658,"original",TRUE,TRUE,0.00601965780106184
1658,"capped",TRUE,TRUE,0.00350280227521438
1659,"probability",TRUE,TRUE,0
1659,"original",TRUE,TRUE,0.000762424689533248
1659,"capped",TRUE,TRUE,0.000455926990639455
1660,"probability",TRUE,TRUE,0
1660,"original",TRUE,TRUE,0.000804380098745838
1660,"capped",TRUE,TRUE,0.000307285568107218
1661,"probability",TRUE,TRUE,0
1661,"original",TRUE,TRUE,0.0011359699582556
1661,"capped",TRUE,TRUE,0.00071641305370207
1662,"probability",TRUE,TRUE,0
1662,"original",TRUE,TRUE,0.00321375256048384
1662,"capped",TRUE,TRUE,0.00047018996890813
1663,"probability",TRUE,TRUE,0
1663,"original",TRUE,TRUE,0.00319879375889442
1663,"capped",TRUE,TRUE,0.000385678090946584
1664,"probability",TRUE,TRUE,0
1664,"original",FALSE,TRUE,NA
1664,"capped",TRUE,TRUE,0.000509859888133235
1665,"probability",TRUE,TRUE,0
1665,"original",TRUE,TRUE,0.00768887893909564
1665,"capped",TRUE,TRUE,0.000996978367886925
1666,"probability",TRUE,TRUE,0
1666,"original",TRUE,TRUE,0.00270176839123337
1666,"capped",TRUE,TRUE,0.000957915904358231
1667,"probability",TRUE,TRUE,0
1667,"original",TRUE,TRUE,0.00455557297308218
1667,"capped",TRUE,TRUE,0.000602223230224297
1668,"probability",TRUE,TRUE,0
1668,"original",TRUE,TRUE,0.00184783284382917
1668,"capped",TRUE,TRUE,0.000532990058449201
1669,"probability",TRUE,TRUE,0
1669,"original",TRUE,TRUE,0.000691050630244661
1669,"capped",TRUE,TRUE,0.000443787992658429
1670,"probability",TRUE,TRUE,0
1670,"original",TRUE,TRUE,0.00154195722300354
1670,"capped",TRUE,TRUE,0.000681728326231479
1671,"probability",TRUE,TRUE,0
1671,"original",TRUE,TRUE,0.00600824468949668
1671,"capped",TRUE,TRUE,0.00290594041932479
1672,"probability",TRUE,TRUE,0
1672,"original",TRUE,TRUE,0.00130273261096647
1672,"capped",TRUE,TRUE,0.00075995836370879
1673,"probability",TRUE,TRUE,0
1673,"original",TRUE,TRUE,0.00359911633242049
1673,"capped",TRUE,TRUE,0.00116569254723586
1674,"probability",TRUE,TRUE,0
1674,"original",TRUE,TRUE,0.00207653054161128
1674,"capped",TRUE,TRUE,0.000460297140186583
1675,"probability",TRUE,TRUE,0
1675,"original",TRUE,TRUE,0.00071378414313017
1675,"capped",TRUE,TRUE,0.000542971277759818
1676,"probability",TRUE,TRUE,0
1676,"original",TRUE,TRUE,0.0195740763250356
1676,"capped",TRUE,TRUE,0.00133667412733729
1677,"probability",TRUE,TRUE,0
1677,"original",TRUE,TRUE,0.00350364312680895
1677,"capped",TRUE,TRUE,0.00211636191431275
1678,"probability",TRUE,TRUE,0
1678,"original",TRUE,TRUE,0.000402743700803398
1678,"capped",TRUE,TRUE,0.000575722671356971
1679,"probability",TRUE,TRUE,0
1679,"original",TRUE,TRUE,0.00504379187570692
1679,"capped",TRUE,TRUE,0.000762779814088788
1680,"probability",TRUE,TRUE,0
1680,"original",TRUE,TRUE,0.00292948824683137
1680,"capped",TRUE,TRUE,0.00069373679343343
1681,"probability",TRUE,TRUE,0
1681,"original",TRUE,TRUE,0.0103878639487753
1681,"capped",TRUE,TRUE,0.00189086201459077
1682,"probability",TRUE,TRUE,0
1682,"original",TRUE,TRUE,0.00201957706218892
1682,"capped",TRUE,TRUE,0.000731494995299897
1683,"probability",TRUE,TRUE,0
1683,"original",TRUE,TRUE,0.00328293477143404
1683,"capped",TRUE,TRUE,0.000962292882256577
1684,"probability",TRUE,TRUE,0
1684,"original",TRUE,TRUE,0.00337707234084661
1684,"capped",TRUE,TRUE,0.00192222524156449
1685,"probability",TRUE,TRUE,0
1685,"original",TRUE,TRUE,0.00754967304937892
1685,"capped",TRUE,TRUE,0.00113760155039344
1686,"probability",TRUE,TRUE,0
1686,"original",TRUE,TRUE,0.000732501269958163
1686,"capped",TRUE,TRUE,0.000606777468675546
1687,"probability",TRUE,TRUE,0
1687,"original",TRUE,TRUE,0.00406369945653218
1687,"capped",TRUE,TRUE,0.00121658159693894
1688,"probability",TRUE,TRUE,0
1688,"original",TRUE,TRUE,0.00288331877522552
1688,"capped",TRUE,TRUE,0.00120594883537706
1689,"probability",TRUE,TRUE,0
1689,"original",TRUE,TRUE,0.00376930541944809
1689,"capped",TRUE,TRUE,0.000556514380299689
1690,"probability",TRUE,TRUE,0
1690,"original",TRUE,TRUE,0.00390809042167817
1690,"capped",TRUE,TRUE,0.00150838336973891
1691,"probability",TRUE,TRUE,0
1691,"original",TRUE,TRUE,0.00346009918842061
1691,"capped",TRUE,TRUE,0.000352258856473497
1692,"probability",TRUE,TRUE,0
1692,"original",TRUE,TRUE,0.00818644725072204
1692,"capped",TRUE,TRUE,0.00119516281768117
1693,"probability",TRUE,TRUE,0
1693,"original",TRUE,TRUE,0.00243572300739459
1693,"capped",TRUE,TRUE,0.00386059764581148
1694,"probability",TRUE,TRUE,0
1694,"original",TRUE,TRUE,0.00122795724480085
1694,"capped",TRUE,TRUE,0.00155643261709315
1695,"probability",TRUE,TRUE,0
1695,"original",TRUE,TRUE,0.00322764371160922
1695,"capped",TRUE,TRUE,0.00111143705323258
1696,"probability",TRUE,TRUE,0
1696,"original",TRUE,TRUE,0.00972543510857449
1696,"capped",TRUE,TRUE,0.00176909868931574
1697,"probability",TRUE,TRUE,0
1697,"original",TRUE,TRUE,0.00446609672259513
1697,"capped",TRUE,TRUE,0.000667137034298548
1698,"probability",TRUE,TRUE,0
1698,"original",TRUE,TRUE,0.00705009667455414
1698,"capped",TRUE,TRUE,0.00109775875291263
1699,"probability",TRUE,TRUE,0
1699,"original",TRUE,TRUE,0.00483017074638425
1699,"capped",TRUE,TRUE,0.0020432916542017
1700,"probability",TRUE,TRUE,0
1700,"original",TRUE,TRUE,0.00120106419048671
1700,"capped",TRUE,TRUE,0.00106032824676205
1701,"probability",TRUE,TRUE,0
1701,"original",TRUE,TRUE,0.00188011862222481
1701,"capped",TRUE,TRUE,0.00190925878242609
1702,"probability",TRUE,TRUE,0
1702,"original",TRUE,TRUE,0.000747050231012736
1702,"capped",TRUE,TRUE,0.00128608190391866
1703,"probability",TRUE,TRUE,0
1703,"original",TRUE,TRUE,0.00242631974389695
1703,"capped",TRUE,TRUE,0.00062790988566519
1704,"probability",TRUE,TRUE,0
1704,"original",TRUE,TRUE,0.0041138283340878
1704,"capped",TRUE,TRUE,0.000647348624177368
1705,"probability",TRUE,TRUE,0
1705,"original",TRUE,TRUE,0.000341494980759194
1705,"capped",TRUE,TRUE,0.00113222016616277
1706,"probability",TRUE,TRUE,0
1706,"original",TRUE,TRUE,0.00256645227268137
1706,"capped",TRUE,TRUE,0.00129254274545332
1707,"probability",TRUE,TRUE,0
1707,"original",TRUE,TRUE,0.00469965194155364
1707,"capped",TRUE,TRUE,0.00102756073658128
1708,"probability",TRUE,TRUE,0
1708,"original",TRUE,TRUE,0.00305045274354399
1708,"capped",TRUE,TRUE,0.000720310856628714
1709,"probability",TRUE,TRUE,0
1709,"original",TRUE,TRUE,0.00929970166978578
1709,"capped",TRUE,TRUE,0.0024490474526182
1710,"probability",TRUE,TRUE,0
1710,"original",TRUE,TRUE,0.000390358154952253
1710,"capped",TRUE,TRUE,0.0004832377959616
1711,"probability",TRUE,TRUE,0
1711,"original",TRUE,TRUE,0.00759029177440773
1711,"capped",TRUE,TRUE,0.00100827961569649
1712,"probability",TRUE,TRUE,0
1712,"original",TRUE,TRUE,0.00265442410821493
1712,"capped",TRUE,TRUE,0.000406449601761949
1713,"probability",TRUE,TRUE,0
1713,"original",TRUE,TRUE,0.00256457575985891
1713,"capped",TRUE,TRUE,0.00204692764619807
1714,"probability",TRUE,TRUE,0
1714,"original",TRUE,TRUE,0.00173194224358397
1714,"capped",TRUE,TRUE,0.00136384462850359
1715,"probability",TRUE,TRUE,0
1715,"original",TRUE,TRUE,0.00129059806763188
1715,"capped",TRUE,TRUE,0.000563234333113449
1716,"probability",TRUE,TRUE,0
1716,"original",TRUE,TRUE,0.00557078492035146
1716,"capped",TRUE,TRUE,0.00237973335661223
1717,"probability",TRUE,TRUE,0
1717,"original",TRUE,TRUE,0.00357526688632159
1717,"capped",TRUE,TRUE,0.00410591187314147
1718,"probability",TRUE,TRUE,0
1718,"original",TRUE,TRUE,0.00481859004351648
1718,"capped",TRUE,TRUE,0.000537448747365943
1719,"probability",TRUE,TRUE,0
1719,"original",TRUE,TRUE,0.0155544159981247
1719,"capped",TRUE,TRUE,0.00113072210832854
1720,"probability",TRUE,TRUE,0
1720,"original",TRUE,TRUE,0.0119595779850172
1720,"capped",TRUE,TRUE,0.000536788516015463
1721,"probability",TRUE,TRUE,0
1721,"original",TRUE,TRUE,0.00366530105260843
1721,"capped",TRUE,TRUE,0.000855013152632367
1722,"probability",TRUE,TRUE,0
1722,"original",TRUE,TRUE,0.00353719625569937
1722,"capped",TRUE,TRUE,0.00192997181046906
1723,"probability",TRUE,TRUE,0
1723,"original",TRUE,TRUE,0.00444879425300826
1723,"capped",TRUE,TRUE,0.00167723298753941
1724,"probability",TRUE,TRUE,0
1724,"original",TRUE,TRUE,0.00117942117061176
1724,"capped",TRUE,TRUE,0.000551540988176669
1725,"probability",TRUE,TRUE,0
1725,"original",TRUE,TRUE,0.000921437279103543
1725,"capped",TRUE,TRUE,0.00104551719948631
1726,"probability",TRUE,TRUE,0
1726,"original",TRUE,TRUE,0.00261620115295358
1726,"capped",TRUE,TRUE,0.00077834609458094
1727,"probability",TRUE,TRUE,0
1727,"original",TRUE,TRUE,0.00736845448640366
1727,"capped",TRUE,TRUE,0.00356897703781556
1728,"probability",TRUE,TRUE,0
1728,"original",TRUE,TRUE,0.00135043214036656
1728,"capped",TRUE,TRUE,0.000473821661874041
1729,"probability",TRUE,TRUE,0
1729,"original",TRUE,TRUE,0.00164651421932405
1729,"capped",TRUE,TRUE,0.00209140677332442
1730,"probability",TRUE,TRUE,0
1730,"original",TRUE,TRUE,0.00310121809103947
1730,"capped",TRUE,TRUE,0.00101688476567574
1731,"probability",TRUE,TRUE,0
1731,"original",TRUE,TRUE,0.00111190598194
1731,"capped",TRUE,TRUE,0.000716603522477044
1732,"probability",TRUE,TRUE,0
1732,"original",TRUE,TRUE,0.00456568982031769
1732,"capped",TRUE,TRUE,0.0018786495745502
1733,"probability",TRUE,TRUE,0
1733,"original",TRUE,TRUE,0.00165957835508834
1733,"capped",TRUE,TRUE,0.00153229174113179
1734,"probability",TRUE,TRUE,0
1734,"original",TRUE,TRUE,0.00174295345133402
1734,"capped",TRUE,TRUE,0.00169544464896632
1735,"probability",TRUE,TRUE,0
1735,"original",TRUE,TRUE,0.00115278977644095
1735,"capped",TRUE,TRUE,0.00133304656083055
1736,"probability",TRUE,TRUE,0
1736,"original",TRUE,TRUE,0.00394308513866548
1736,"capped",TRUE,TRUE,0.00146274816131253
1737,"probability",TRUE,TRUE,0
1737,"original",TRUE,TRUE,0.000573275883752444
1737,"capped",TRUE,TRUE,0.000525247932856132
1738,"probability",TRUE,TRUE,0
1738,"original",TRUE,TRUE,0.000499819682919345
1738,"capped",TRUE,TRUE,0.00161872702109989
1739,"probability",TRUE,TRUE,0
1739,"original",TRUE,TRUE,0.00103400503428475
1739,"capped",TRUE,TRUE,0.000889375911963697
1740,"probability",TRUE,TRUE,0
1740,"original",TRUE,TRUE,0.0037470339207939
1740,"capped",TRUE,TRUE,0.00141084018391524
1741,"probability",TRUE,TRUE,0
1741,"original",TRUE,TRUE,0.00334693734752278
1741,"capped",TRUE,TRUE,0.00189615604539739
1742,"probability",TRUE,TRUE,0
1742,"original",TRUE,TRUE,0.00315328166478679
1742,"capped",TRUE,TRUE,0.00177684298045477
1743,"probability",TRUE,TRUE,0
1743,"original",TRUE,TRUE,0.00652824931156104
1743,"capped",TRUE,TRUE,0.00190040017270121
1744,"probability",TRUE,TRUE,0
1744,"original",TRUE,TRUE,0.00288083329373556
1744,"capped",TRUE,TRUE,0.000956124422685889
1745,"probability",TRUE,TRUE,0
1745,"original",TRUE,TRUE,0.00251357322814627
1745,"capped",TRUE,TRUE,0.00096649566841478
1746,"probability",TRUE,TRUE,0
1746,"original",TRUE,TRUE,0.00242887412762904
1746,"capped",TRUE,TRUE,0.00127961386359665
1747,"probability",TRUE,TRUE,0
1747,"original",TRUE,TRUE,0.00166233130112659
1747,"capped",TRUE,TRUE,0.000290944283008798
1748,"probability",TRUE,TRUE,0
1748,"original",TRUE,TRUE,0.00232143872164059
1748,"capped",TRUE,TRUE,0.00115275034047357
1749,"probability",TRUE,TRUE,0
1749,"original",TRUE,TRUE,0.000787965112834854
1749,"capped",TRUE,TRUE,0.00144668447559582
1750,"probability",TRUE,TRUE,0
1750,"original",TRUE,TRUE,0.000534780180785788
1750,"capped",TRUE,TRUE,0.000376645134552156
1751,"probability",TRUE,TRUE,0
1751,"original",TRUE,TRUE,0.0038308758059955
1751,"capped",TRUE,TRUE,0.00109120172477262
1752,"probability",TRUE,TRUE,0
1752,"original",TRUE,TRUE,0.00415718433737666
1752,"capped",TRUE,TRUE,0.00201915230288563
1753,"probability",TRUE,TRUE,0
1753,"original",TRUE,TRUE,0.00128797671744252
1753,"capped",TRUE,TRUE,0.000677408764431675
1754,"probability",TRUE,TRUE,0
1754,"original",TRUE,TRUE,0.00371471409509638
1754,"capped",TRUE,TRUE,0.00120968198704929
1755,"probability",TRUE,TRUE,0
1755,"original",TRUE,TRUE,0.00106629121096802
1755,"capped",TRUE,TRUE,0.000518672064686143
1756,"probability",TRUE,TRUE,0
1756,"original",TRUE,TRUE,0.0060482258211465
1756,"capped",TRUE,TRUE,0.00178878140000194
1757,"probability",TRUE,TRUE,0
1757,"original",TRUE,TRUE,0.0074771854986011
1757,"capped",TRUE,TRUE,0.00146376662927139
1758,"probability",TRUE,TRUE,0
1758,"original",TRUE,TRUE,0.00162192188354027
1758,"capped",TRUE,TRUE,0.000376624955571003
1759,"probability",TRUE,TRUE,0
1759,"original",TRUE,TRUE,0.00170799608147121
1759,"capped",TRUE,TRUE,0.00200092533221152
1760,"probability",TRUE,TRUE,0
1760,"original",TRUE,TRUE,0.00199308336902959
1760,"capped",TRUE,TRUE,0.00156619657766566
1761,"probability",TRUE,TRUE,0
1761,"original",TRUE,TRUE,0.00298126918704256
1761,"capped",TRUE,TRUE,0.000656793106625031
1762,"probability",TRUE,TRUE,0
1762,"original",TRUE,TRUE,0.0012906292406214
1762,"capped",TRUE,TRUE,0.000555589679478885
1763,"probability",TRUE,TRUE,0
1763,"original",TRUE,TRUE,0.000777374908018658
1763,"capped",TRUE,TRUE,0.000707871101035096
1764,"probability",TRUE,TRUE,0
1764,"original",TRUE,TRUE,0.00463301731968713
1764,"capped",TRUE,TRUE,0.000360954970183514
1765,"probability",TRUE,TRUE,0
1765,"original",TRUE,TRUE,0.00200946123085544
1765,"capped",TRUE,TRUE,0.000403826520670947
1766,"probability",TRUE,TRUE,0
1766,"original",TRUE,TRUE,0.00859968775080944
1766,"capped",TRUE,TRUE,0.000356112723835622
1767,"probability",TRUE,TRUE,0
1767,"original",TRUE,TRUE,0.0021002857450938
1767,"capped",TRUE,TRUE,0.00248012991027124
1768,"probability",TRUE,TRUE,0
1768,"original",TRUE,TRUE,0.000977028287088899
1768,"capped",TRUE,TRUE,0.000766493861050321
1769,"probability",TRUE,TRUE,0
1769,"original",TRUE,TRUE,0.0062371244653967
1769,"capped",TRUE,TRUE,0.000225828490243885
1770,"probability",TRUE,TRUE,0
1770,"original",TRUE,TRUE,0.00296820824571142
1770,"capped",TRUE,TRUE,0.000513408683445959
1771,"probability",TRUE,TRUE,0
1771,"original",TRUE,TRUE,0.00250766874275854
1771,"capped",TRUE,TRUE,0.000665232227866852
1772,"probability",TRUE,TRUE,0
1772,"original",TRUE,TRUE,0.00239325944670554
1772,"capped",TRUE,TRUE,0.000872450117295642
1773,"probability",TRUE,TRUE,0
1773,"original",TRUE,TRUE,0.0007248823983943
1773,"capped",TRUE,TRUE,0.000353775005905277
1774,"probability",TRUE,TRUE,0
1774,"original",TRUE,TRUE,0.01180091102459
1774,"capped",TRUE,TRUE,0.000373065534361672
1775,"probability",TRUE,TRUE,0
1775,"original",TRUE,TRUE,0.00303624848582551
1775,"capped",TRUE,TRUE,0.0010764962324501
1776,"probability",TRUE,TRUE,0
1776,"original",TRUE,TRUE,0.00168048075020089
1776,"capped",TRUE,TRUE,0.00150696755694213
1777,"probability",TRUE,TRUE,0
1777,"original",TRUE,TRUE,0.00123352631667473
1777,"capped",TRUE,TRUE,0.000572263390477445
1778,"probability",TRUE,TRUE,0
1778,"original",TRUE,TRUE,0.01148533227272
1778,"capped",TRUE,TRUE,0.00128803289987189
1779,"probability",TRUE,TRUE,0
1779,"original",TRUE,TRUE,0.00224737702343525
1779,"capped",TRUE,TRUE,0.000999285297908159
1780,"probability",TRUE,TRUE,0
1780,"original",TRUE,TRUE,0.00329531691242835
1780,"capped",TRUE,TRUE,0.00116509388628572
1781,"probability",TRUE,TRUE,0
1781,"original",TRUE,TRUE,0.00870092150397284
1781,"capped",TRUE,TRUE,0.00243028014688917
1782,"probability",TRUE,TRUE,0
1782,"original",TRUE,TRUE,0.00484134315107809
1782,"capped",TRUE,TRUE,0.00181098110897437
1783,"probability",TRUE,TRUE,0
1783,"original",TRUE,TRUE,0.00742421998824128
1783,"capped",TRUE,TRUE,0.00123985214104749
1784,"probability",TRUE,TRUE,0
1784,"original",TRUE,TRUE,0.0037736042736789
1784,"capped",TRUE,TRUE,0.00118789294366906
1785,"probability",TRUE,TRUE,0
1785,"original",TRUE,TRUE,0.00575738888688093
1785,"capped",TRUE,TRUE,0.00275525054763293
1786,"probability",TRUE,TRUE,0
1786,"original",TRUE,TRUE,0.00165232930265802
1786,"capped",TRUE,TRUE,0.00108686096454846
1787,"probability",TRUE,TRUE,0
1787,"original",TRUE,TRUE,0.00215716650743047
1787,"capped",TRUE,TRUE,0.000388214224374295
1788,"probability",TRUE,TRUE,0
1788,"original",FALSE,TRUE,NA
1788,"capped",TRUE,TRUE,0.00159319569331018
1789,"probability",TRUE,TRUE,0
1789,"original",TRUE,TRUE,0.00410217538819779
1789,"capped",TRUE,TRUE,0.000564240635473112
1790,"probability",TRUE,TRUE,0
1790,"original",TRUE,TRUE,0.00209096293118094
1790,"capped",TRUE,TRUE,0.000552330414365088
1791,"probability",TRUE,TRUE,0
1791,"original",TRUE,TRUE,0.00155264583440129
1791,"capped",TRUE,TRUE,0.000998214554137178
1792,"probability",TRUE,TRUE,0
1792,"original",TRUE,TRUE,0.00273889791480997
1792,"capped",TRUE,TRUE,0.000919973967000942
1793,"probability",TRUE,TRUE,0
1793,"original",TRUE,TRUE,0.00189284919292376
1793,"capped",TRUE,TRUE,0.000358928496567046
1794,"probability",TRUE,TRUE,0
1794,"original",TRUE,TRUE,0.00317816495205392
1794,"capped",TRUE,TRUE,0.000392630162762586
1795,"probability",TRUE,TRUE,0
1795,"original",TRUE,TRUE,0.00180824196996809
1795,"capped",TRUE,TRUE,0.000984084699922505
1796,"probability",TRUE,TRUE,0
1796,"original",TRUE,TRUE,0.00360914510098098
1796,"capped",TRUE,TRUE,0.0011347794965566
1797,"probability",TRUE,TRUE,0
1797,"original",TRUE,TRUE,0.00385508192997719
1797,"capped",TRUE,TRUE,0.00107711305601299
1798,"probability",TRUE,TRUE,0
1798,"original",TRUE,TRUE,0.00167569825976166
1798,"capped",TRUE,TRUE,0.00157287970674957
1799,"probability",TRUE,TRUE,0
1799,"original",TRUE,TRUE,0.00108147157711258
1799,"capped",TRUE,TRUE,0.000421135061017708
1800,"probability",TRUE,TRUE,0
1800,"original",TRUE,TRUE,0.00233921202170606
1800,"capped",TRUE,TRUE,0.00113757310125706
1801,"probability",TRUE,TRUE,0
1801,"original",TRUE,TRUE,0.00430339185940198
1801,"capped",TRUE,TRUE,0.000906381750908736
1802,"probability",TRUE,TRUE,0
1802,"original",TRUE,TRUE,0.00483430181965971
1802,"capped",TRUE,TRUE,0.000835132181755682
1803,"probability",TRUE,TRUE,0
1803,"original",TRUE,TRUE,0.00196787855358949
1803,"capped",TRUE,TRUE,0.00231096425466859
1804,"probability",TRUE,TRUE,0
1804,"original",TRUE,TRUE,0.00011696354514612
1804,"capped",TRUE,TRUE,0.000364102639871078
1805,"probability",TRUE,TRUE,0
1805,"original",FALSE,TRUE,NA
1805,"capped",TRUE,TRUE,0.00182995234309047
1806,"probability",TRUE,TRUE,0
1806,"original",TRUE,TRUE,0.00068265664030065
1806,"capped",TRUE,TRUE,0.00105517263850885
1807,"probability",TRUE,TRUE,0
1807,"original",TRUE,TRUE,0.00301611853132755
1807,"capped",TRUE,TRUE,0.000643390697902646
1808,"probability",TRUE,TRUE,0
1808,"original",TRUE,TRUE,0.00224032481155945
1808,"capped",TRUE,TRUE,0.000700504743484487
1809,"probability",TRUE,TRUE,0
1809,"original",TRUE,TRUE,0.000817146668875779
1809,"capped",TRUE,TRUE,0.000448217522254879
1810,"probability",TRUE,TRUE,0
1810,"original",TRUE,TRUE,0.00225290923009425
1810,"capped",TRUE,TRUE,0.000418945616033284
1811,"probability",TRUE,TRUE,0
1811,"original",TRUE,TRUE,0.000935305357060656
1811,"capped",TRUE,TRUE,0.000488478058542796
1812,"probability",TRUE,TRUE,0
1812,"original",TRUE,TRUE,0.00106015519221359
1812,"capped",TRUE,TRUE,0.000577759846152048
1813,"probability",TRUE,TRUE,0
1813,"original",TRUE,TRUE,0.00674712875182593
1813,"capped",TRUE,TRUE,0.00112715113126427
1814,"probability",TRUE,TRUE,0
1814,"original",TRUE,TRUE,0.00234212940195277
1814,"capped",TRUE,TRUE,0.00170909080268444
1815,"probability",TRUE,TRUE,0
1815,"original",TRUE,TRUE,0.0117039454412122
1815,"capped",TRUE,TRUE,0.00120279182745975
1816,"probability",TRUE,TRUE,0
1816,"original",TRUE,TRUE,0.00364909835781901
1816,"capped",TRUE,TRUE,0.000307689768035857
1817,"probability",TRUE,TRUE,0
1817,"original",TRUE,TRUE,0.00126917138990734
1817,"capped",TRUE,TRUE,0.0018617440846036
1818,"probability",TRUE,TRUE,0
1818,"original",TRUE,TRUE,0.00524277078557844
1818,"capped",TRUE,TRUE,0.00219171579071542
1819,"probability",TRUE,TRUE,0
1819,"original",TRUE,TRUE,0.00505007289573456
1819,"capped",TRUE,TRUE,0.000607285213966691
1820,"probability",TRUE,TRUE,0
1820,"original",TRUE,TRUE,0.0035873271765734
1820,"capped",TRUE,TRUE,0.00220624886719278
1821,"probability",TRUE,TRUE,0
1821,"original",TRUE,TRUE,0.00581987279127105
1821,"capped",TRUE,TRUE,0.000730439638211067
1822,"probability",TRUE,TRUE,0
1822,"original",TRUE,TRUE,0.00142400460261172
1822,"capped",TRUE,TRUE,0.0013184297430513
1823,"probability",TRUE,TRUE,0
1823,"original",TRUE,TRUE,0.00366850946483055
1823,"capped",TRUE,TRUE,0.000582009589692234
1824,"probability",TRUE,TRUE,0
1824,"original",TRUE,TRUE,0.00451504298844441
1824,"capped",TRUE,TRUE,0.00290759613135805
1825,"probability",TRUE,TRUE,0
1825,"original",TRUE,TRUE,0.00489185989509622
1825,"capped",TRUE,TRUE,0.00193242611300093
1826,"probability",TRUE,TRUE,0
1826,"original",TRUE,TRUE,0.0048032852284603
1826,"capped",TRUE,TRUE,0.000195751738604422
1827,"probability",TRUE,TRUE,0
1827,"original",TRUE,TRUE,0.026473524926157
1827,"capped",TRUE,TRUE,0.000649234625473838
1828,"probability",TRUE,TRUE,0
1828,"original",TRUE,TRUE,0.00346741442051979
1828,"capped",TRUE,TRUE,0.000652789594575154
1829,"probability",TRUE,TRUE,0
1829,"original",TRUE,TRUE,0.00426612623946454
1829,"capped",TRUE,TRUE,0.000213901402240424
1830,"probability",TRUE,TRUE,0
1830,"original",TRUE,TRUE,0.00323107877807161
1830,"capped",TRUE,TRUE,0.00176510992700329
1831,"probability",TRUE,TRUE,0
1831,"original",TRUE,TRUE,0.001428827636623
1831,"capped",TRUE,TRUE,0.00173594260479071
1832,"probability",TRUE,TRUE,0
1832,"original",TRUE,TRUE,0.0241903724886328
1832,"capped",TRUE,TRUE,0.00188634395978227
1833,"probability",TRUE,TRUE,0
1833,"original",TRUE,TRUE,0.00621160481109939
1833,"capped",TRUE,TRUE,0.00208458780259946
1834,"probability",TRUE,TRUE,0
1834,"original",TRUE,TRUE,0.00118145431843431
1834,"capped",TRUE,TRUE,0.000526609180489856
1835,"probability",TRUE,TRUE,0
1835,"original",TRUE,TRUE,0.00589333805039871
1835,"capped",TRUE,TRUE,0.00126881238078624
1836,"probability",TRUE,TRUE,0
1836,"original",TRUE,TRUE,0.0022113739467482
1836,"capped",TRUE,TRUE,0.000780208643845981
1837,"probability",TRUE,TRUE,0
1837,"original",TRUE,TRUE,0.00184739371382392
1837,"capped",TRUE,TRUE,0.0016597407093677
1838,"probability",TRUE,TRUE,0
1838,"original",TRUE,TRUE,0.00145151305558855
1838,"capped",TRUE,TRUE,0.000575925402277022
1839,"probability",TRUE,TRUE,0
1839,"original",TRUE,TRUE,0.00529033078946917
1839,"capped",TRUE,TRUE,0.00430978114154712
1840,"probability",TRUE,TRUE,0
1840,"original",TRUE,TRUE,0.00287555992253985
1840,"capped",TRUE,TRUE,0.00158218556169132
1841,"probability",TRUE,TRUE,0
1841,"original",TRUE,TRUE,0.00599058974397337
1841,"capped",TRUE,TRUE,0.000416550330974985
1842,"probability",TRUE,TRUE,0
1842,"original",TRUE,TRUE,0.00564610392550691
1842,"capped",TRUE,TRUE,0.00065606321160061
1843,"probability",TRUE,TRUE,0
1843,"original",TRUE,TRUE,0.00250694827390063
1843,"capped",TRUE,TRUE,0.000597073662245151
1844,"probability",TRUE,TRUE,0
1844,"original",TRUE,TRUE,0.00429657203451228
1844,"capped",TRUE,TRUE,0.000569928498709515
1845,"probability",TRUE,TRUE,0
1845,"original",TRUE,TRUE,0.00231731696911908
1845,"capped",TRUE,TRUE,0.00289592434309682
1846,"probability",TRUE,TRUE,0
1846,"original",TRUE,TRUE,0.00469838489225793
1846,"capped",TRUE,TRUE,0.000275541991523909
1847,"probability",TRUE,TRUE,0
1847,"original",TRUE,TRUE,0.0022486446783816
1847,"capped",TRUE,TRUE,0.00057242791650225
1848,"probability",TRUE,TRUE,0
1848,"original",TRUE,TRUE,0.00116479589622998
1848,"capped",TRUE,TRUE,0.00141272067907394
1849,"probability",TRUE,TRUE,0
1849,"original",TRUE,TRUE,0.00871256696848377
1849,"capped",TRUE,TRUE,0.000461470654524732
1850,"probability",TRUE,TRUE,0
1850,"original",TRUE,TRUE,0.00100284876873502
1850,"capped",TRUE,TRUE,0.00170215683656139
1851,"probability",TRUE,TRUE,0
1851,"original",TRUE,TRUE,0.00119724814825517
1851,"capped",TRUE,TRUE,0.000407341067202083
1852,"probability",TRUE,TRUE,0
1852,"original",TRUE,TRUE,0.00458471772470403
1852,"capped",TRUE,TRUE,0.000774921582717525
1853,"probability",TRUE,TRUE,0
1853,"original",TRUE,TRUE,0.00116871774500282
1853,"capped",TRUE,TRUE,0.000917300000772059
1854,"probability",TRUE,TRUE,0
1854,"original",FALSE,TRUE,NA
1854,"capped",TRUE,TRUE,0.0017770552701819
1855,"probability",TRUE,TRUE,0
1855,"original",TRUE,TRUE,0.00423138162831549
1855,"capped",TRUE,TRUE,0.00222475332095939
1856,"probability",TRUE,TRUE,0
1856,"original",TRUE,TRUE,0.00247552925019079
1856,"capped",TRUE,TRUE,0.000874944329734006
1857,"probability",TRUE,TRUE,0
1857,"original",TRUE,TRUE,0.0118204943942999
1857,"capped",TRUE,TRUE,0.00491989388990888
1858,"probability",TRUE,TRUE,0
1858,"original",TRUE,TRUE,0.0110346452674932
1858,"capped",TRUE,TRUE,0.000916904355971582
1859,"probability",TRUE,TRUE,0
1859,"original",TRUE,TRUE,0.00101599714653844
1859,"capped",TRUE,TRUE,0.00108366022757878
1860,"probability",TRUE,TRUE,0
1860,"original",TRUE,TRUE,0.00662082233056438
1860,"capped",TRUE,TRUE,0.00153343603067313
1861,"probability",TRUE,TRUE,0
1861,"original",TRUE,TRUE,0.00408181753864767
1861,"capped",TRUE,TRUE,0.00131680642788723
1862,"probability",TRUE,TRUE,0
1862,"original",TRUE,TRUE,0.00342054659903113
1862,"capped",TRUE,TRUE,0.00132038600367679
1863,"probability",TRUE,TRUE,0
1863,"original",TRUE,TRUE,0.00234182511013614
1863,"capped",TRUE,TRUE,0.00116357705103809
1864,"probability",TRUE,TRUE,0
1864,"original",FALSE,TRUE,NA
1864,"capped",TRUE,TRUE,0.00324236673382217
1865,"probability",TRUE,TRUE,0
1865,"original",TRUE,TRUE,0.00281902426723946
1865,"capped",TRUE,TRUE,0.00464419202833
1866,"probability",TRUE,TRUE,0
1866,"original",TRUE,TRUE,0.00473682429139188
1866,"capped",TRUE,TRUE,0.00244415322382885
1867,"probability",TRUE,TRUE,0
1867,"original",TRUE,TRUE,0.00229989141448783
1867,"capped",TRUE,TRUE,0.00127359755589396
1868,"probability",TRUE,TRUE,0
1868,"original",TRUE,TRUE,0.00503935288050172
1868,"capped",TRUE,TRUE,0.00131656056355922
1869,"probability",TRUE,TRUE,0
1869,"original",TRUE,TRUE,0.0017211430734001
1869,"capped",TRUE,TRUE,0.000819820087905043
1870,"probability",TRUE,TRUE,0
1870,"original",TRUE,TRUE,0.0031624180287686
1870,"capped",TRUE,TRUE,0.00142145868741395
1871,"probability",TRUE,TRUE,0
1871,"original",TRUE,TRUE,0.00110140536704506
1871,"capped",TRUE,TRUE,0.00172973723939407
1872,"probability",TRUE,TRUE,0
1872,"original",TRUE,TRUE,0.00762715924189195
1872,"capped",TRUE,TRUE,0.00123757747859088
1873,"probability",TRUE,TRUE,0
1873,"original",TRUE,TRUE,0.00212838206874721
1873,"capped",TRUE,TRUE,0.00110676378523067
1874,"probability",TRUE,TRUE,0
1874,"original",TRUE,TRUE,0.00145000796200989
1874,"capped",TRUE,TRUE,0.00088346918499127
1875,"probability",TRUE,TRUE,0
1875,"original",TRUE,TRUE,0.00260764691676485
1875,"capped",TRUE,TRUE,0.00104670819461461
1876,"probability",TRUE,TRUE,0
1876,"original",TRUE,TRUE,0.0012055694278601
1876,"capped",TRUE,TRUE,0.00119023086776338
1877,"probability",TRUE,TRUE,0
1877,"original",TRUE,TRUE,0.0143063920424318
1877,"capped",TRUE,TRUE,0.00130461448534192
1878,"probability",TRUE,TRUE,0
1878,"original",TRUE,TRUE,0.000861022123618937
1878,"capped",TRUE,TRUE,0.000607458758942414
1879,"probability",TRUE,TRUE,0
1879,"original",TRUE,TRUE,0.000408960023937865
1879,"capped",TRUE,TRUE,0.000499645298111417
1880,"probability",TRUE,TRUE,0
1880,"original",TRUE,TRUE,0.00181284651701219
1880,"capped",TRUE,TRUE,0.00165683764898006
1881,"probability",TRUE,TRUE,0
1881,"original",TRUE,TRUE,0.0090490363043223
1881,"capped",TRUE,TRUE,0.000824981791467394
1882,"probability",TRUE,TRUE,0
1882,"original",TRUE,TRUE,0.00260133936420281
1882,"capped",TRUE,TRUE,0.00114304523669162
1883,"probability",TRUE,TRUE,0
1883,"original",TRUE,TRUE,0.00224036201234412
1883,"capped",TRUE,TRUE,0.000863585924914645
1884,"probability",TRUE,TRUE,0
1884,"original",TRUE,TRUE,0.00123839165947714
1884,"capped",TRUE,TRUE,0.00196570939897356
1885,"probability",TRUE,TRUE,0
1885,"original",TRUE,TRUE,0.0113673201061317
1885,"capped",TRUE,TRUE,0.000620793077168003
1886,"probability",TRUE,TRUE,0
1886,"original",TRUE,TRUE,0.00568905088101479
1886,"capped",TRUE,TRUE,0.00132430223047475
1887,"probability",TRUE,TRUE,0
1887,"original",TRUE,TRUE,0.00237047656208489
1887,"capped",TRUE,TRUE,0.000890989304664913
1888,"probability",TRUE,TRUE,0
1888,"original",TRUE,TRUE,0.00669615065234552
1888,"capped",TRUE,TRUE,0.000661550760405305
1889,"probability",TRUE,TRUE,0
1889,"original",TRUE,TRUE,0.00183045446485863
1889,"capped",TRUE,TRUE,0.00314893284429729
1890,"probability",TRUE,TRUE,0
1890,"original",TRUE,TRUE,0.00258505364327277
1890,"capped",TRUE,TRUE,0.00116156032019177
1891,"probability",TRUE,TRUE,0
1891,"original",TRUE,TRUE,0.00123497276489104
1891,"capped",TRUE,TRUE,0.000527054159299212
1892,"probability",TRUE,TRUE,0
1892,"original",TRUE,TRUE,0.000994868056650944
1892,"capped",TRUE,TRUE,0.00142637664359313
1893,"probability",TRUE,TRUE,0
1893,"original",TRUE,TRUE,0.00213280095918833
1893,"capped",TRUE,TRUE,0.00178794121737269
1894,"probability",TRUE,TRUE,0
1894,"original",TRUE,TRUE,0.00218629974624207
1894,"capped",TRUE,TRUE,0.00260728871135996
1895,"probability",TRUE,TRUE,0
1895,"original",TRUE,TRUE,0.0103201027407742
1895,"capped",TRUE,TRUE,0.00210062736151784
1896,"probability",TRUE,TRUE,0
1896,"original",FALSE,TRUE,NA
1896,"capped",TRUE,TRUE,0.000968008366982076
1897,"probability",TRUE,TRUE,0
1897,"original",TRUE,TRUE,0.00604055793192515
1897,"capped",TRUE,TRUE,0.00193755224070458
1898,"probability",TRUE,TRUE,0
1898,"original",TRUE,TRUE,0.0031662555246541
1898,"capped",TRUE,TRUE,0.00295165974000966
1899,"probability",TRUE,TRUE,0
1899,"original",TRUE,TRUE,0.00699798264979279
1899,"capped",TRUE,TRUE,0.000576499016887055
1900,"probability",TRUE,TRUE,0
1900,"original",TRUE,TRUE,0.002506185109862
1900,"capped",TRUE,TRUE,0.000677516920530863
1901,"probability",TRUE,TRUE,0
1901,"original",TRUE,TRUE,0.00168224760886915
1901,"capped",TRUE,TRUE,0.00149927692613971
1902,"probability",TRUE,TRUE,0
1902,"original",TRUE,TRUE,0.0035432684991008
1902,"capped",TRUE,TRUE,0.00396770288735127
1903,"probability",TRUE,TRUE,0
1903,"original",TRUE,TRUE,0.00335430709608886
1903,"capped",TRUE,TRUE,0.000949072396011275
1904,"probability",TRUE,TRUE,0
1904,"original",TRUE,TRUE,0.00276840425208746
1904,"capped",TRUE,TRUE,0.00102993388179584
1905,"probability",TRUE,TRUE,0
1905,"original",TRUE,TRUE,0.00500202464993649
1905,"capped",TRUE,TRUE,0.00172061372268928
1906,"probability",TRUE,TRUE,0
1906,"original",TRUE,TRUE,0.00199271735579387
1906,"capped",TRUE,TRUE,0.000486612387536667
1907,"probability",TRUE,TRUE,0
1907,"original",TRUE,TRUE,0.0101710826862842
1907,"capped",TRUE,TRUE,0.00259729907182304
1908,"probability",TRUE,TRUE,0
1908,"original",TRUE,TRUE,0.000282751862156871
1908,"capped",TRUE,TRUE,0.00053266772092897
1909,"probability",TRUE,TRUE,0
1909,"original",TRUE,TRUE,0.000987114666244793
1909,"capped",TRUE,TRUE,0.00257988913158869
1910,"probability",TRUE,TRUE,0
1910,"original",TRUE,TRUE,0.00191648336711125
1910,"capped",TRUE,TRUE,0.000657830260088588
1911,"probability",TRUE,TRUE,0
1911,"original",TRUE,TRUE,0.000907746728557868
1911,"capped",TRUE,TRUE,0.000577485639436048
1912,"probability",TRUE,TRUE,0
1912,"original",TRUE,TRUE,0.000855565419158211
1912,"capped",TRUE,TRUE,0.00107965808914656
1913,"probability",TRUE,TRUE,0
1913,"original",TRUE,TRUE,0.00309751541598757
1913,"capped",TRUE,TRUE,0.00207068836318314
1914,"probability",TRUE,TRUE,0
1914,"original",TRUE,TRUE,0.00476035173696232
1914,"capped",TRUE,TRUE,0.0013348378907807
1915,"probability",TRUE,TRUE,0
1915,"original",TRUE,TRUE,0.00214978299391788
1915,"capped",TRUE,TRUE,0.00188670231528221
1916,"probability",TRUE,TRUE,0
1916,"original",TRUE,TRUE,0.00324361990131461
1916,"capped",TRUE,TRUE,0.00320843064910292
1917,"probability",TRUE,TRUE,0
1917,"original",TRUE,TRUE,0.00181582749564768
1917,"capped",TRUE,TRUE,0.00047475841267719
1918,"probability",TRUE,TRUE,0
1918,"original",TRUE,TRUE,0.00724452175373003
1918,"capped",TRUE,TRUE,0.00120337907149093
1919,"probability",TRUE,TRUE,0
1919,"original",TRUE,TRUE,0.00478398849917383
1919,"capped",TRUE,TRUE,0.000961587128983865
1920,"probability",TRUE,TRUE,0
1920,"original",TRUE,TRUE,0.00105949796548543
1920,"capped",TRUE,TRUE,0.000710175180024919
1921,"probability",TRUE,TRUE,0
1921,"original",TRUE,TRUE,0.00463221563492766
1921,"capped",TRUE,TRUE,0.00185738314145567
1922,"probability",TRUE,TRUE,0
1922,"original",TRUE,TRUE,0.00581119713744016
1922,"capped",TRUE,TRUE,0.00303286907814027
1923,"probability",TRUE,TRUE,0
1923,"original",TRUE,TRUE,0.00294071859879352
1923,"capped",TRUE,TRUE,0.000959687063128101
1924,"probability",TRUE,TRUE,0
1924,"original",TRUE,TRUE,0.00211801972020709
1924,"capped",TRUE,TRUE,0.000904281231473902
1925,"probability",TRUE,TRUE,0
1925,"original",TRUE,TRUE,0.000579741464846961
1925,"capped",TRUE,TRUE,0.00143564912543326
1926,"probability",TRUE,TRUE,0
1926,"original",FALSE,TRUE,NA
1926,"capped",TRUE,TRUE,0.00100986591317564
1927,"probability",TRUE,TRUE,0
1927,"original",TRUE,TRUE,0.00264462609683491
1927,"capped",TRUE,TRUE,0.00123661856104462
1928,"probability",TRUE,TRUE,0
1928,"original",TRUE,TRUE,0.00340989698307226
1928,"capped",TRUE,TRUE,0.00101905005649883
1929,"probability",TRUE,TRUE,0
1929,"original",TRUE,TRUE,0.00502652501450385
1929,"capped",TRUE,TRUE,0.000975682238632203
1930,"probability",TRUE,TRUE,0
1930,"original",TRUE,TRUE,0.00256310911528601
1930,"capped",TRUE,TRUE,0.000593825863759889
1931,"probability",TRUE,TRUE,0
1931,"original",TRUE,TRUE,0.000948197161292796
1931,"capped",TRUE,TRUE,0.00107292297696659
1932,"probability",TRUE,TRUE,0
1932,"original",TRUE,TRUE,0.000933706774233656
1932,"capped",TRUE,TRUE,0.000423526444521372
1933,"probability",TRUE,TRUE,0
1933,"original",TRUE,TRUE,0.00178715947823704
1933,"capped",TRUE,TRUE,0.00112326571110088
1934,"probability",TRUE,TRUE,0
1934,"original",TRUE,TRUE,0.00311581279725104
1934,"capped",TRUE,TRUE,0.000857516093887511
1935,"probability",TRUE,TRUE,0
1935,"original",TRUE,TRUE,0.00128886630488978
1935,"capped",TRUE,TRUE,0.00206285249652893
1936,"probability",TRUE,TRUE,0
1936,"original",TRUE,TRUE,0.00431073703089879
1936,"capped",TRUE,TRUE,0.000719597170977693
1937,"probability",TRUE,TRUE,0
1937,"original",TRUE,TRUE,0.0096931675719425
1937,"capped",TRUE,TRUE,0.00168736193258923
1938,"probability",TRUE,TRUE,0
1938,"original",TRUE,TRUE,0.000863350210295266
1938,"capped",TRUE,TRUE,0.000577019613110963
1939,"probability",TRUE,TRUE,0
1939,"original",TRUE,TRUE,0.00139942767455636
1939,"capped",TRUE,TRUE,0.00121151591009294
1940,"probability",TRUE,TRUE,0
1940,"original",TRUE,TRUE,0.00152754844895497
1940,"capped",TRUE,TRUE,0.00198165172460563
1941,"probability",TRUE,TRUE,0
1941,"original",TRUE,TRUE,0.00131945262462807
1941,"capped",TRUE,TRUE,0.00152880995979388
1942,"probability",TRUE,TRUE,0
1942,"original",TRUE,TRUE,0.00255390434313085
1942,"capped",TRUE,TRUE,0.00074725802194564
1943,"probability",TRUE,TRUE,0
1943,"original",TRUE,TRUE,0.00157287070560841
1943,"capped",TRUE,TRUE,0.000431523952741486
1944,"probability",TRUE,TRUE,0
1944,"original",TRUE,TRUE,0.00241060101111756
1944,"capped",TRUE,TRUE,0.000541975104935588
1945,"probability",TRUE,TRUE,0
1945,"original",TRUE,TRUE,0.0033628341120604
1945,"capped",TRUE,TRUE,0.000753712585861877
1946,"probability",TRUE,TRUE,0
1946,"original",TRUE,TRUE,0.00344060246333555
1946,"capped",TRUE,TRUE,0.00172110778679269
1947,"probability",TRUE,TRUE,0
1947,"original",TRUE,TRUE,0.00281807892768882
1947,"capped",TRUE,TRUE,0.000578466518568632
1948,"probability",TRUE,TRUE,0
1948,"original",TRUE,TRUE,0.00138627723890217
1948,"capped",TRUE,TRUE,0.00140155298585398
1949,"probability",TRUE,TRUE,0
1949,"original",TRUE,TRUE,0.00257732890588613
1949,"capped",TRUE,TRUE,0.00110255787938129
1950,"probability",TRUE,TRUE,0
1950,"original",TRUE,TRUE,0.00479536189447316
1950,"capped",TRUE,TRUE,0.000999416776380713
1951,"probability",TRUE,TRUE,0
1951,"original",TRUE,TRUE,0.00247189138760184
1951,"capped",TRUE,TRUE,0.00163051859951757
1952,"probability",TRUE,TRUE,0
1952,"original",TRUE,TRUE,0.0023365367640551
1952,"capped",TRUE,TRUE,0.000549596054973733
1953,"probability",TRUE,TRUE,0
1953,"original",TRUE,TRUE,0.00570582594529512
1953,"capped",TRUE,TRUE,0.00229192667925915
1954,"probability",TRUE,TRUE,0
1954,"original",TRUE,TRUE,0.00818239337015925
1954,"capped",TRUE,TRUE,0.000978555459283825
1955,"probability",TRUE,TRUE,0
1955,"original",TRUE,TRUE,0.00354583027942112
1955,"capped",TRUE,TRUE,0.00302089834762498
1956,"probability",TRUE,TRUE,0
1956,"original",TRUE,TRUE,0.00525205922325966
1956,"capped",TRUE,TRUE,0.00215163906157301
1957,"probability",TRUE,TRUE,0
1957,"original",FALSE,TRUE,NA
1957,"capped",TRUE,TRUE,0.000957358405408115
1958,"probability",TRUE,TRUE,0
1958,"original",TRUE,TRUE,0.00109527649671293
1958,"capped",TRUE,TRUE,0.000297987504502828
1959,"probability",TRUE,TRUE,0
1959,"original",TRUE,TRUE,0.00141128686285441
1959,"capped",TRUE,TRUE,0.000731503457039651
1960,"probability",TRUE,TRUE,0
1960,"original",TRUE,TRUE,0.00531211558474354
1960,"capped",TRUE,TRUE,0.00397620111734653
1961,"probability",TRUE,TRUE,0
1961,"original",TRUE,TRUE,0.00654939837168556
1961,"capped",TRUE,TRUE,0.00122084519415111
1962,"probability",TRUE,TRUE,0
1962,"original",TRUE,TRUE,0.00400349796450961
1962,"capped",TRUE,TRUE,0.0015456817184365
1963,"probability",TRUE,TRUE,0
1963,"original",TRUE,TRUE,0.00357117417300401
1963,"capped",TRUE,TRUE,0.00264000126273345
1964,"probability",TRUE,TRUE,0
1964,"original",TRUE,TRUE,0.0061327624244143
1964,"capped",TRUE,TRUE,0.000953304261410715
1965,"probability",TRUE,TRUE,0
1965,"original",FALSE,TRUE,NA
1965,"capped",TRUE,TRUE,0.0018205310556425
1966,"probability",TRUE,TRUE,0
1966,"original",TRUE,TRUE,0.0036503774475527
1966,"capped",TRUE,TRUE,0.00106733977720097
1967,"probability",TRUE,TRUE,0
1967,"original",TRUE,TRUE,0.00679906148867815
1967,"capped",TRUE,TRUE,0.000479260513316149
1968,"probability",TRUE,TRUE,0
1968,"original",TRUE,TRUE,0.0043732365620528
1968,"capped",TRUE,TRUE,0.00192659342119583
1969,"probability",TRUE,TRUE,0
1969,"original",TRUE,TRUE,0.000336074398450847
1969,"capped",TRUE,TRUE,0.00122070007592257
1970,"probability",TRUE,TRUE,0
1970,"original",TRUE,TRUE,0.00137031398719145
1970,"capped",TRUE,TRUE,0.000656336962904902
1971,"probability",TRUE,TRUE,0
1971,"original",TRUE,TRUE,0.000880517301325767
1971,"capped",TRUE,TRUE,0.0011203716393382
1972,"probability",TRUE,TRUE,0
1972,"original",TRUE,TRUE,0.00280405944772077
1972,"capped",TRUE,TRUE,0.00149230521175525
1973,"probability",TRUE,TRUE,0
1973,"original",TRUE,TRUE,0.000244858777861623
1973,"capped",TRUE,TRUE,0.00191137489336768
1974,"probability",TRUE,TRUE,0
1974,"original",TRUE,TRUE,0.000846862364994649
1974,"capped",TRUE,TRUE,0.000684398269818587
1975,"probability",TRUE,TRUE,0
1975,"original",TRUE,TRUE,0.00586749986685753
1975,"capped",TRUE,TRUE,0.00260397358899844
1976,"probability",TRUE,TRUE,0
1976,"original",TRUE,TRUE,0.00265781945854471
1976,"capped",TRUE,TRUE,0.000454046338226988
1977,"probability",TRUE,TRUE,0
1977,"original",TRUE,TRUE,0.00498130958121124
1977,"capped",TRUE,TRUE,0.00132323024612901
1978,"probability",TRUE,TRUE,0
1978,"original",TRUE,TRUE,0.0034839512364897
1978,"capped",TRUE,TRUE,0.00130720498697201
1979,"probability",TRUE,TRUE,0
1979,"original",TRUE,TRUE,0.000917171693913588
1979,"capped",TRUE,TRUE,0.00182501581613792
1980,"probability",TRUE,TRUE,0
1980,"original",TRUE,TRUE,0.00884033200826906
1980,"capped",TRUE,TRUE,0.00157816864107474
1981,"probability",TRUE,TRUE,0
1981,"original",TRUE,TRUE,0.000787134880514628
1981,"capped",TRUE,TRUE,0.0013148874718425
1982,"probability",TRUE,TRUE,0
1982,"original",TRUE,TRUE,0.00242378276845301
1982,"capped",TRUE,TRUE,0.00126368505414121
1983,"probability",TRUE,TRUE,0
1983,"original",TRUE,TRUE,0.00294562092861739
1983,"capped",TRUE,TRUE,0.00257671301576679
1984,"probability",TRUE,TRUE,0
1984,"original",TRUE,TRUE,0.00393796827308535
1984,"capped",TRUE,TRUE,0.00273523380892016
1985,"probability",TRUE,TRUE,0
1985,"original",TRUE,TRUE,0.00313798143579902
1985,"capped",TRUE,TRUE,0.00132967154608821
1986,"probability",TRUE,TRUE,0
1986,"original",TRUE,TRUE,0.00133608099785931
1986,"capped",TRUE,TRUE,0.00110813149056366
1987,"probability",TRUE,TRUE,0
1987,"original",TRUE,TRUE,0.00350377067991303
1987,"capped",TRUE,TRUE,0.000580672444595365
1988,"probability",TRUE,TRUE,0
1988,"original",TRUE,TRUE,0.00189937229020387
1988,"capped",TRUE,TRUE,0.00149989877299461
1989,"probability",TRUE,TRUE,0
1989,"original",TRUE,TRUE,0.00142582051658025
1989,"capped",TRUE,TRUE,0.000376333929281714
1990,"probability",TRUE,TRUE,0
1990,"original",TRUE,TRUE,0.00248961910372358
1990,"capped",TRUE,TRUE,0.00175775075970108
1991,"probability",TRUE,TRUE,0
1991,"original",TRUE,TRUE,0.00391246840077386
1991,"capped",TRUE,TRUE,0.00168385316289843
1992,"probability",TRUE,TRUE,0
1992,"original",TRUE,TRUE,0.00394514775279831
1992,"capped",TRUE,TRUE,0.000954251667330652
1993,"probability",TRUE,TRUE,0
1993,"original",TRUE,TRUE,0.000404298002614212
1993,"capped",TRUE,TRUE,0.00129960634618698
1994,"probability",TRUE,TRUE,0
1994,"original",TRUE,TRUE,0.00402439013477363
1994,"capped",TRUE,TRUE,0.00082567997206695
1995,"probability",TRUE,TRUE,0
1995,"original",TRUE,TRUE,0.000728545810215309
1995,"capped",TRUE,TRUE,0.000604469830904009
1996,"probability",TRUE,TRUE,0
1996,"original",TRUE,TRUE,0.00642965535592843
1996,"capped",TRUE,TRUE,0.00137734500447273
1997,"probability",TRUE,TRUE,0
1997,"original",TRUE,TRUE,0.00132945335786872
1997,"capped",TRUE,TRUE,0.00198078019858627
1998,"probability",TRUE,TRUE,0
1998,"original",TRUE,TRUE,0.00208754617086626
1998,"capped",TRUE,TRUE,0.000984715952117909
1999,"probability",TRUE,TRUE,0
1999,"original",TRUE,TRUE,0.00281048323831712
1999,"capped",TRUE,TRUE,0.0026489297546135
2000,"probability",TRUE,TRUE,0
2000,"original",TRUE,TRUE,0.00209598368181219
2000,"capped",TRUE,TRUE,0.00104919909585632
