"draw","component","ok","converged","rank","columns","gradient","hessian_min","error"
1,"probability",TRUE,NA,NA,NA,NA,NA,""
1,"original",TRUE,TRUE,28,28,5.71739106832554e-13,0.0109135525692921,""
1,"capped",TRUE,TRUE,28,28,3.94784615683562e-13,0.0107762400994015,""
2,"probability",TRUE,NA,NA,NA,NA,NA,""
2,"original",TRUE,TRUE,28,28,5.4033647205276e-12,0.0123493731440046,""
2,"capped",TRUE,TRUE,28,28,9.20593584317942e-13,0.0121473300794279,""
3,"probability",TRUE,NA,NA,NA,NA,NA,""
3,"original",TRUE,TRUE,28,28,5.00857775566239e-16,0.0114753448988944,""
3,"capped",TRUE,TRUE,28,28,9.73141731532178e-13,0.011041130957032,""
4,"probability",TRUE,NA,NA,NA,NA,NA,""
4,"original",TRUE,TRUE,28,28,1.70744480181506e-11,0.0123909798456266,""
4,"capped",TRUE,TRUE,28,28,1.78697209669358e-12,0.0120856367673037,""
5,"probability",TRUE,NA,NA,NA,NA,NA,""
5,"original",TRUE,TRUE,28,28,6.19878547341983e-12,0.0105703485707594,""
5,"capped",TRUE,TRUE,28,28,1.65096913825965e-13,0.0101854022551741,""
6,"probability",TRUE,NA,NA,NA,NA,NA,""
6,"original",TRUE,TRUE,28,28,1.2256075926716e-11,0.0128679239563682,""
6,"capped",TRUE,TRUE,28,28,1.95395123421339e-12,0.0125335949261832,""
7,"probability",TRUE,NA,NA,NA,NA,NA,""
7,"original",TRUE,TRUE,28,28,6.7943471821364e-13,0.0122533523130186,""
7,"capped",TRUE,TRUE,28,28,9.7803751483505e-13,0.0122474267049511,""
8,"probability",TRUE,NA,NA,NA,NA,NA,""
8,"original",TRUE,TRUE,28,28,1.13287778776452e-11,0.0118742746581581,""
8,"capped",TRUE,TRUE,28,28,1.57496701422157e-12,0.0116637584789868,""
9,"probability",TRUE,NA,NA,NA,NA,NA,""
9,"original",TRUE,TRUE,28,28,5.57447195256575e-12,0.0119766005235247,""
9,"capped",TRUE,TRUE,28,28,9.70568109041287e-13,0.0115177386615404,""
10,"probability",TRUE,NA,NA,NA,NA,NA,""
10,"original",TRUE,TRUE,28,28,3.80146401101134e-12,0.0115913065929691,""
10,"capped",TRUE,TRUE,28,28,6.45534714651844e-13,0.011453492538926,""
11,"probability",TRUE,NA,NA,NA,NA,NA,""
11,"original",TRUE,TRUE,28,28,2.39600215705864e-11,0.0122457480123362,""
11,"capped",TRUE,TRUE,28,28,4.20792159519265e-12,0.0119588994951002,""
12,"probability",TRUE,NA,NA,NA,NA,NA,""
12,"original",TRUE,TRUE,28,28,2.51915120788456e-12,0.0122208702208403,""
12,"capped",TRUE,TRUE,28,28,8.39885854314334e-13,0.012147722912382,""
13,"probability",TRUE,NA,NA,NA,NA,NA,""
13,"original",TRUE,TRUE,28,28,3.35559603322796e-13,0.0121795892049269,""
13,"capped",TRUE,TRUE,28,28,1.09373734102281e-13,0.012149142436734,""
14,"probability",TRUE,NA,NA,NA,NA,NA,""
14,"original",TRUE,TRUE,28,28,6.734874880755e-12,0.0110311985288336,""
14,"capped",TRUE,TRUE,28,28,8.60250658010639e-13,0.0106656157203166,""
15,"probability",TRUE,NA,NA,NA,NA,NA,""
15,"original",TRUE,TRUE,28,28,6.3878381453053e-11,0.0126319069530929,""
15,"capped",TRUE,TRUE,28,28,5.5803151565487e-13,0.0120505413007993,""
16,"probability",TRUE,NA,NA,NA,NA,NA,""
16,"original",TRUE,TRUE,28,28,7.33592068529428e-11,0.012318737151614,""
16,"capped",TRUE,TRUE,28,28,2.99408701706092e-12,0.0118866441581111,""
17,"probability",TRUE,NA,NA,NA,NA,NA,""
17,"original",TRUE,TRUE,28,28,8.56614367076291e-16,0.011749939762909,""
17,"capped",TRUE,TRUE,28,28,4.67475223268068e-12,0.0111155385111691,""
18,"probability",TRUE,NA,NA,NA,NA,NA,""
18,"original",TRUE,TRUE,28,28,5.27441777156292e-13,0.0114554888448713,""
18,"capped",TRUE,TRUE,28,28,1.01241933819466e-12,0.011388205201448,""
19,"probability",TRUE,NA,NA,NA,NA,NA,""
19,"original",TRUE,TRUE,28,28,3.46431742796084e-12,0.0115831063046158,""
19,"capped",TRUE,TRUE,28,28,3.42788316098109e-12,0.0112097897538596,""
20,"probability",TRUE,NA,NA,NA,NA,NA,""
20,"original",TRUE,TRUE,28,28,2.74468713521466e-12,0.0112666896754923,""
20,"capped",TRUE,TRUE,28,28,6.30168929634699e-13,0.0111665211743952,""
21,"probability",TRUE,NA,NA,NA,NA,NA,""
21,"original",TRUE,TRUE,28,28,5.88577269182186e-12,0.0120689407237041,""
21,"capped",TRUE,TRUE,28,28,1.70791973713836e-12,0.0119934462673585,""
22,"probability",TRUE,NA,NA,NA,NA,NA,""
22,"original",TRUE,TRUE,28,28,8.06657389138965e-13,0.0115622712965923,""
22,"capped",TRUE,TRUE,28,28,4.28070071469299e-12,0.0115640500220061,""
23,"probability",TRUE,NA,NA,NA,NA,NA,""
23,"original",TRUE,TRUE,28,28,1.30349071444418e-12,0.0119650123130752,""
23,"capped",TRUE,TRUE,28,28,5.07085117778418e-13,0.0118773395179448,""
24,"probability",TRUE,NA,NA,NA,NA,NA,""
24,"original",TRUE,TRUE,28,28,1.62138660035756e-11,0.0133140833071126,""
24,"capped",TRUE,TRUE,28,28,3.96142539392993e-12,0.0129761437433202,""
25,"probability",TRUE,NA,NA,NA,NA,NA,""
25,"original",TRUE,TRUE,28,28,5.8108608881794e-12,0.0122640763320671,""
25,"capped",TRUE,TRUE,28,28,5.96091507223347e-13,0.0117162637776291,""
26,"probability",TRUE,NA,NA,NA,NA,NA,""
26,"original",TRUE,TRUE,28,28,5.3461994702052e-12,0.0119141495969653,""
26,"capped",TRUE,TRUE,28,28,2.22692685680854e-12,0.0114981877868467,""
27,"probability",TRUE,NA,NA,NA,NA,NA,""
27,"original",TRUE,TRUE,28,28,8.34692107433256e-16,0.0124841298197262,""
27,"capped",TRUE,TRUE,28,28,4.38587836997345e-13,0.012051935256158,""
28,"probability",TRUE,NA,NA,NA,NA,NA,""
28,"original",TRUE,TRUE,28,28,4.2830073059687e-11,0.0133999418095651,""
28,"capped",TRUE,TRUE,28,28,2.71799884757965e-12,0.0128860648038692,""
29,"probability",TRUE,NA,NA,NA,NA,NA,""
29,"original",TRUE,TRUE,28,28,5.23940080622107e-13,0.0114516945911483,""
29,"capped",TRUE,TRUE,28,28,2.81044621741704e-13,0.0114250327242095,""
30,"probability",TRUE,NA,NA,NA,NA,NA,""
30,"original",TRUE,TRUE,28,28,8.03426251300166e-13,0.011619458411133,""
30,"capped",TRUE,TRUE,28,28,4.06627889497248e-13,0.0115193582045566,""
31,"probability",TRUE,NA,NA,NA,NA,NA,""
31,"original",TRUE,TRUE,28,28,9.73051074396878e-12,0.0117098173769984,""
31,"capped",TRUE,TRUE,28,28,4.30666363972946e-13,0.0114509008766492,""
32,"probability",TRUE,NA,NA,NA,NA,NA,""
32,"original",TRUE,TRUE,28,28,2.44897430945751e-11,0.0117869493080739,""
32,"capped",TRUE,TRUE,28,28,1.30789646750876e-12,0.011642338101629,""
33,"probability",TRUE,NA,NA,NA,NA,NA,""
33,"original",TRUE,TRUE,28,28,8.20683908837993e-16,0.0124572147201246,""
33,"capped",TRUE,TRUE,28,28,2.7977015374183e-12,0.0121106109022116,""
34,"probability",TRUE,NA,NA,NA,NA,NA,""
34,"original",TRUE,TRUE,28,28,5.26533287664393e-11,0.0118622675838808,""
34,"capped",TRUE,TRUE,28,28,1.15908726348877e-12,0.0113231361035202,""
35,"probability",TRUE,NA,NA,NA,NA,NA,""
35,"original",TRUE,TRUE,28,28,9.91935561778265e-12,0.011765035012933,""
35,"capped",TRUE,TRUE,28,28,8.26255677888986e-13,0.0111836136066685,""
36,"probability",TRUE,NA,NA,NA,NA,NA,""
36,"original",TRUE,TRUE,28,28,1.13625522801791e-11,0.0119520831761136,""
36,"capped",TRUE,TRUE,28,28,1.44811268088e-12,0.0116105607898556,""
37,"probability",TRUE,NA,NA,NA,NA,NA,""
37,"original",TRUE,TRUE,28,28,6.76250729151875e-16,0.0119170527018263,""
37,"capped",TRUE,TRUE,28,28,4.37478602517301e-12,0.011590452360663,""
38,"probability",TRUE,NA,NA,NA,NA,NA,""
38,"original",TRUE,TRUE,28,28,1.457403591351e-11,0.0117337090375399,""
38,"capped",TRUE,TRUE,28,28,1.08513232651926e-12,0.0113669770632405,""
39,"probability",TRUE,NA,NA,NA,NA,NA,""
39,"original",TRUE,TRUE,28,28,1.33864038575421e-12,0.0114799092472275,""
39,"capped",TRUE,TRUE,28,28,7.18078887827786e-13,0.0114011304454157,""
40,"probability",TRUE,NA,NA,NA,NA,NA,""
40,"original",TRUE,TRUE,28,28,4.67770601859439e-11,0.0120039392689778,""
40,"capped",TRUE,TRUE,28,28,4.82751656049252e-13,0.0113016252141219,""
41,"probability",TRUE,NA,NA,NA,NA,NA,""
41,"original",TRUE,TRUE,28,28,1.42411322157596e-12,0.0119408815231388,""
41,"capped",TRUE,TRUE,28,28,6.23727805100941e-14,0.0118005196378456,""
42,"probability",TRUE,NA,NA,NA,NA,NA,""
42,"original",TRUE,TRUE,28,28,9.55031517559335e-11,0.0130534655874913,""
42,"capped",TRUE,TRUE,28,28,1.2552972068096e-13,0.0124261611988586,""
43,"probability",TRUE,NA,NA,NA,NA,NA,""
43,"original",TRUE,TRUE,28,28,2.96146757285473e-12,0.0125546616074781,""
43,"capped",TRUE,TRUE,28,28,6.25940356805184e-13,0.0124797155695031,""
44,"probability",TRUE,NA,NA,NA,NA,NA,""
44,"original",TRUE,TRUE,28,28,6.4242941075349e-13,0.0117011497189709,""
44,"capped",TRUE,TRUE,28,28,7.42891998284162e-13,0.0115830634394486,""
45,"probability",TRUE,NA,NA,NA,NA,NA,""
45,"original",TRUE,TRUE,28,28,6.97124109499721e-12,0.0124611924628759,""
45,"capped",TRUE,TRUE,28,28,1.65447853700779e-13,0.0118831545999839,""
46,"probability",TRUE,NA,NA,NA,NA,NA,""
46,"original",TRUE,TRUE,28,28,9.79003179158183e-12,0.0107760715232318,""
46,"capped",TRUE,TRUE,28,28,2.05572722230366e-12,0.0104275930911591,""
47,"probability",TRUE,NA,NA,NA,NA,NA,""
47,"original",TRUE,TRUE,28,28,1.51562240037459e-12,0.0113919210558506,""
47,"capped",TRUE,TRUE,28,28,8.71486381037189e-13,0.0113750395407041,""
48,"probability",TRUE,NA,NA,NA,NA,NA,""
48,"original",TRUE,TRUE,28,28,7.16824680934757e-11,0.0107266100760991,""
48,"capped",TRUE,TRUE,28,28,7.94511839762391e-13,0.0104287172146395,""
49,"probability",TRUE,NA,NA,NA,NA,NA,""
49,"original",TRUE,TRUE,28,28,1.41095758164744e-13,0.0115087507934841,""
49,"capped",TRUE,TRUE,28,28,4.12584932993185e-13,0.0114243826722832,""
50,"probability",TRUE,NA,NA,NA,NA,NA,""
50,"original",TRUE,TRUE,28,28,7.93730668408322e-12,0.0130259428025759,""
50,"capped",TRUE,TRUE,28,28,2.45124284143371e-12,0.0125790722074228,""
51,"probability",TRUE,NA,NA,NA,NA,NA,""
51,"original",TRUE,TRUE,28,28,4.12866080854025e-11,0.0113876771344504,""
51,"capped",TRUE,TRUE,28,28,2.11525766107922e-12,0.0109697761944809,""
52,"probability",TRUE,NA,NA,NA,NA,NA,""
52,"original",TRUE,TRUE,28,28,1.29919840917732e-15,0.0129710512343497,""
52,"capped",TRUE,TRUE,28,28,3.47686356361877e-12,0.012475986075881,""
53,"probability",TRUE,NA,NA,NA,NA,NA,""
53,"original",TRUE,TRUE,28,28,1.23864801255741e-12,0.0118229194899255,""
53,"capped",TRUE,TRUE,28,28,5.04404322655624e-13,0.011768524962399,""
54,"probability",TRUE,NA,NA,NA,NA,NA,""
54,"original",TRUE,TRUE,28,28,1.26959866912939e-11,0.0118257842833907,""
54,"capped",TRUE,TRUE,28,28,6.48893910261564e-13,0.0116709748555349,""
55,"probability",TRUE,NA,NA,NA,NA,NA,""
55,"original",TRUE,TRUE,28,28,9.72005530015413e-12,0.0128292279588352,""
55,"capped",TRUE,TRUE,28,28,2.67950262536774e-12,0.0124710614847306,""
56,"probability",TRUE,NA,NA,NA,NA,NA,""
56,"original",TRUE,TRUE,28,28,5.0003335198536e-12,0.0115262241294533,""
56,"capped",TRUE,TRUE,28,28,7.65565844095132e-13,0.0114674810302883,""
57,"probability",TRUE,NA,NA,NA,NA,NA,""
57,"original",TRUE,TRUE,28,28,3.39543636370176e-11,0.012946295900901,""
57,"capped",TRUE,TRUE,28,28,1.02466942128851e-12,0.0123881465829125,""
58,"probability",TRUE,NA,NA,NA,NA,NA,""
58,"original",TRUE,TRUE,28,28,9.61943497415347e-13,0.0101576015225907,""
58,"capped",TRUE,TRUE,28,28,2.27393195426636e-13,0.0101715107042812,""
59,"probability",TRUE,NA,NA,NA,NA,NA,""
59,"original",TRUE,TRUE,28,28,8.05188331713456e-12,0.0119703543229635,""
59,"capped",TRUE,TRUE,28,28,2.92968729955771e-13,0.0115780179041145,""
60,"probability",TRUE,NA,NA,NA,NA,NA,""
60,"original",TRUE,TRUE,28,28,2.11783708047114e-11,0.0118225057962438,""
60,"capped",TRUE,TRUE,28,28,3.35369271567061e-12,0.0114766360617939,""
61,"probability",TRUE,NA,NA,NA,NA,NA,""
61,"original",TRUE,TRUE,28,28,3.41401124164696e-13,0.0115294241987783,""
61,"capped",TRUE,TRUE,28,28,1.3977434000826e-12,0.0115705870731747,""
62,"probability",TRUE,NA,NA,NA,NA,NA,""
62,"original",TRUE,TRUE,28,28,2.14047489954181e-12,0.0119009895454565,""
62,"capped",TRUE,TRUE,28,28,6.51310958237311e-13,0.0117835981847867,""
63,"probability",TRUE,NA,NA,NA,NA,NA,""
63,"original",TRUE,TRUE,28,28,2.58409383549385e-12,0.0121493965676325,""
63,"capped",TRUE,TRUE,28,28,5.87884970767735e-13,0.0119971800385279,""
64,"probability",TRUE,NA,NA,NA,NA,NA,""
64,"original",TRUE,TRUE,28,28,9.56810720327277e-13,0.0121743271644479,""
64,"capped",TRUE,TRUE,28,28,2.55546115886496e-12,0.012246504558601,""
65,"probability",TRUE,NA,NA,NA,NA,NA,""
65,"original",TRUE,TRUE,28,28,9.67222612175204e-13,0.0113723158259261,""
65,"capped",TRUE,TRUE,28,28,4.91516663125676e-13,0.0113180119882283,""
66,"probability",TRUE,NA,NA,NA,NA,NA,""
66,"original",TRUE,TRUE,28,28,7.48303080654703e-13,0.0123388475861636,""
66,"capped",TRUE,TRUE,28,28,8.80243009948843e-13,0.0122317693400551,""
67,"probability",TRUE,NA,NA,NA,NA,NA,""
67,"original",TRUE,TRUE,28,28,1.30635936211295e-15,0.0120446669894247,""
67,"capped",TRUE,TRUE,28,28,7.03154298032393e-13,0.0116569820641286,""
68,"probability",TRUE,NA,NA,NA,NA,NA,""
68,"original",TRUE,TRUE,28,28,6.58547000994684e-12,0.0111595415297546,""
68,"capped",TRUE,TRUE,28,28,3.81111320494532e-13,0.0112343396514462,""
69,"probability",TRUE,NA,NA,NA,NA,NA,""
69,"original",TRUE,TRUE,28,28,7.74340520496229e-13,0.0124543462342406,""
69,"capped",TRUE,TRUE,28,28,1.02871897820042e-12,0.0124244148241932,""
70,"probability",TRUE,NA,NA,NA,NA,NA,""
70,"original",TRUE,TRUE,28,28,3.7845080707348e-13,0.0110037811254613,""
70,"capped",TRUE,TRUE,28,28,1.85645174244073e-12,0.0109978909403595,""
71,"probability",TRUE,NA,NA,NA,NA,NA,""
71,"original",TRUE,TRUE,28,28,1.55089009334853e-11,0.0118110182184872,""
71,"capped",TRUE,TRUE,28,28,5.92582021796622e-13,0.0115627491886626,""
72,"probability",TRUE,NA,NA,NA,NA,NA,""
72,"original",TRUE,TRUE,28,28,7.43975439479569e-11,0.0132403495491653,""
72,"capped",TRUE,TRUE,28,28,5.34603241906009e-13,0.0125904688392183,""
73,"probability",TRUE,NA,NA,NA,NA,NA,""
73,"original",TRUE,TRUE,28,28,1.17546430056026e-11,0.0119537292067315,""
73,"capped",TRUE,TRUE,28,28,1.29568639286722e-12,0.011761215986733,""
74,"probability",TRUE,NA,NA,NA,NA,NA,""
74,"original",TRUE,TRUE,28,28,3.34651358217021e-12,0.0128897100001846,""
74,"capped",TRUE,TRUE,28,28,2.01676320914265e-12,0.0128470867789986,""
75,"probability",TRUE,NA,NA,NA,NA,NA,""
75,"original",TRUE,TRUE,28,28,2.09236797008439e-11,0.0121315914740494,""
75,"capped",TRUE,TRUE,28,28,1.01346407111868e-12,0.0116848107281143,""
76,"probability",TRUE,NA,NA,NA,NA,NA,""
76,"original",TRUE,TRUE,28,28,6.62064051804922e-11,0.0120165770447493,""
76,"capped",TRUE,TRUE,28,28,2.63492607419655e-12,0.0116358681288573,""
77,"probability",TRUE,NA,NA,NA,NA,NA,""
77,"original",TRUE,TRUE,28,28,3.04408776454643e-11,0.0116626453132886,""
77,"capped",TRUE,TRUE,28,28,6.34215784497487e-13,0.011214064117772,""
78,"probability",TRUE,NA,NA,NA,NA,NA,""
78,"original",TRUE,TRUE,28,28,8.38198853102514e-11,0.0131179238808198,""
78,"capped",TRUE,TRUE,28,28,3.94099069690777e-12,0.0124717657596094,""
79,"probability",TRUE,NA,NA,NA,NA,NA,""
79,"original",TRUE,TRUE,28,28,8.92896273464951e-12,0.0116763905694344,""
79,"capped",TRUE,TRUE,28,28,5.89788714625303e-13,0.0114185915302584,""
80,"probability",TRUE,NA,NA,NA,NA,NA,""
80,"original",TRUE,TRUE,28,28,1.1166665896128e-11,0.0124955101853148,""
80,"capped",TRUE,TRUE,28,28,1.03718443154598e-12,0.0121176210164453,""
81,"probability",TRUE,NA,NA,NA,NA,NA,""
81,"original",TRUE,TRUE,28,28,6.25657107893707e-11,0.0120366993057466,""
81,"capped",TRUE,TRUE,28,28,2.1555371345125e-13,0.0116202174853405,""
82,"probability",TRUE,NA,NA,NA,NA,NA,""
82,"original",TRUE,TRUE,28,28,4.19113654287014e-12,0.0123585827085954,""
82,"capped",TRUE,TRUE,28,28,3.49602263838731e-12,0.012334629072041,""
83,"probability",TRUE,NA,NA,NA,NA,NA,""
83,"original",TRUE,TRUE,28,28,1.65854269557244e-12,0.0121243098032852,""
83,"capped",TRUE,TRUE,28,28,8.8554617925899e-13,0.0119324795394696,""
84,"probability",TRUE,NA,NA,NA,NA,NA,""
84,"original",TRUE,TRUE,28,28,2.83228901159208e-12,0.0110193654999493,""
84,"capped",TRUE,TRUE,28,28,3.04731686595007e-12,0.0109030308531317,""
85,"probability",TRUE,NA,NA,NA,NA,NA,""
85,"original",TRUE,TRUE,28,28,4.48251096820116e-12,0.0117545194500532,""
85,"capped",TRUE,TRUE,28,28,3.50722877693305e-12,0.0116682909352043,""
86,"probability",TRUE,NA,NA,NA,NA,NA,""
86,"original",TRUE,TRUE,28,28,2.82714290152235e-12,0.0114116417524906,""
86,"capped",TRUE,TRUE,28,28,1.88196513667248e-13,0.0111846161880602,""
87,"probability",TRUE,NA,NA,NA,NA,NA,""
87,"original",TRUE,TRUE,28,28,8.55056143912656e-12,0.0126892199554969,""
87,"capped",TRUE,TRUE,28,28,3.1375168515049e-13,0.012426115723597,""
88,"probability",TRUE,NA,NA,NA,NA,NA,""
88,"original",TRUE,TRUE,28,28,1.64327784365357e-11,0.0129235782263201,""
88,"capped",TRUE,TRUE,28,28,1.11471252066543e-12,0.0125509465561056,""
89,"probability",TRUE,NA,NA,NA,NA,NA,""
89,"original",TRUE,TRUE,28,28,7.44436086566428e-13,0.0117759567744792,""
89,"capped",TRUE,TRUE,28,28,2.96540343992735e-13,0.0116493482664088,""
90,"probability",TRUE,NA,NA,NA,NA,NA,""
90,"original",TRUE,TRUE,28,28,2.54993341994002e-12,0.0120362633206843,""
90,"capped",TRUE,TRUE,28,28,3.22911000944204e-13,0.0121423967943,""
91,"probability",TRUE,NA,NA,NA,NA,NA,""
91,"original",TRUE,TRUE,28,28,3.99436957539329e-12,0.0121671114685863,""
91,"capped",TRUE,TRUE,28,28,5.47623649981505e-13,0.012023068452291,""
92,"probability",TRUE,NA,NA,NA,NA,NA,""
92,"original",TRUE,TRUE,28,28,9.40627001474847e-11,0.0124184890699761,""
92,"capped",TRUE,TRUE,28,28,3.13202894573602e-13,0.0119864359315807,""
93,"probability",TRUE,NA,NA,NA,NA,NA,""
93,"original",TRUE,TRUE,28,28,1.04497291111733e-15,0.0135034876145493,""
93,"capped",TRUE,TRUE,28,28,1.59557383659082e-12,0.0129845386277733,""
94,"probability",TRUE,NA,NA,NA,NA,NA,""
94,"original",TRUE,TRUE,28,28,1.56439703144093e-11,0.0118701469582027,""
94,"capped",TRUE,TRUE,28,28,3.09504285518996e-13,0.0115613713567516,""
95,"probability",TRUE,NA,NA,NA,NA,NA,""
95,"original",TRUE,TRUE,28,28,1.07766617438546e-15,0.0135190550963093,""
95,"capped",TRUE,TRUE,28,28,4.07448479580904e-12,0.0127255009594718,""
96,"probability",TRUE,NA,NA,NA,NA,NA,""
96,"original",TRUE,TRUE,28,28,1.35374995079931e-12,0.0114222045582283,""
96,"capped",TRUE,TRUE,28,28,2.50388104466338e-13,0.0111133148812926,""
97,"probability",TRUE,NA,NA,NA,NA,NA,""
97,"original",TRUE,TRUE,28,28,1.02891567266908e-15,0.0122498441421718,""
97,"capped",TRUE,TRUE,28,28,2.8949174809223e-12,0.011878393762208,""
98,"probability",TRUE,NA,NA,NA,NA,NA,""
98,"original",TRUE,TRUE,28,28,1.6029841362201e-12,0.0124206339112044,""
98,"capped",TRUE,TRUE,28,28,5.05536176086746e-13,0.0123757693251581,""
99,"probability",TRUE,NA,NA,NA,NA,NA,""
99,"original",TRUE,TRUE,28,28,1.21337993068222e-12,0.0114569770560391,""
99,"capped",TRUE,TRUE,28,28,8.62049315035168e-13,0.011491752708487,""
100,"probability",TRUE,NA,NA,NA,NA,NA,""
100,"original",TRUE,TRUE,28,28,8.55562828581572e-12,0.0120540669981566,""
100,"capped",TRUE,TRUE,28,28,7.51304431501152e-13,0.0117393864850617,""
101,"probability",TRUE,NA,NA,NA,NA,NA,""
101,"original",TRUE,TRUE,28,28,1.44277023676886e-15,0.0129633721580513,""
101,"capped",TRUE,TRUE,28,28,2.74022764430793e-12,0.0123786409524299,""
102,"probability",TRUE,NA,NA,NA,NA,NA,""
102,"original",TRUE,TRUE,28,28,1.45852539102197e-12,0.011663721341709,""
102,"capped",TRUE,TRUE,28,28,3.08930307239034e-13,0.0116510433425372,""
103,"probability",TRUE,NA,NA,NA,NA,NA,""
103,"original",TRUE,TRUE,28,28,7.38515738206856e-11,0.0112170015340702,""
103,"capped",TRUE,TRUE,28,28,1.77164131418724e-12,0.0108548835427408,""
104,"probability",TRUE,NA,NA,NA,NA,NA,""
104,"original",TRUE,TRUE,28,28,3.34161353748999e-11,0.0129292572903738,""
104,"capped",TRUE,TRUE,28,28,2.69691833107532e-12,0.0126397549920752,""
105,"probability",TRUE,NA,NA,NA,NA,NA,""
105,"original",TRUE,TRUE,28,28,6.56933655789722e-11,0.0112471772901918,""
105,"capped",TRUE,TRUE,28,28,1.57281814290624e-12,0.010763733730271,""
106,"probability",TRUE,NA,NA,NA,NA,NA,""
106,"original",TRUE,TRUE,28,28,7.85791517287134e-13,0.0126192493350811,""
106,"capped",TRUE,TRUE,28,28,1.4344425684623e-12,0.0126640173344553,""
107,"probability",TRUE,NA,NA,NA,NA,NA,""
107,"original",TRUE,TRUE,28,28,2.08981223005761e-11,0.0122675596596758,""
107,"capped",TRUE,TRUE,28,28,9.06981930155786e-13,0.0117210031484049,""
108,"probability",TRUE,NA,NA,NA,NA,NA,""
108,"original",TRUE,TRUE,28,28,1.62121398118255e-12,0.0124886204084803,""
108,"capped",TRUE,TRUE,28,28,3.19457461948567e-12,0.0125015335594667,""
109,"probability",TRUE,NA,NA,NA,NA,NA,""
109,"original",TRUE,TRUE,28,28,8.87237436418074e-12,0.0132311444653735,""
109,"capped",TRUE,TRUE,28,28,1.23257691363295e-12,0.0127066847000738,""
110,"probability",TRUE,NA,NA,NA,NA,NA,""
110,"original",TRUE,TRUE,28,28,9.43113694824915e-12,0.0126432119279247,""
110,"capped",TRUE,TRUE,28,28,6.09976137148029e-13,0.0121086293945045,""
111,"probability",TRUE,NA,NA,NA,NA,NA,""
111,"original",TRUE,TRUE,28,28,1.30636069193806e-11,0.0116259324650886,""
111,"capped",TRUE,TRUE,28,28,3.2523949635183e-13,0.0115960891660659,""
112,"probability",TRUE,NA,NA,NA,NA,NA,""
112,"original",TRUE,TRUE,28,28,9.4110999795241e-13,0.0116068161633036,""
112,"capped",TRUE,TRUE,28,28,9.06383492678347e-13,0.0115569557181085,""
113,"probability",TRUE,NA,NA,NA,NA,NA,""
113,"original",TRUE,TRUE,28,28,3.76912584410747e-12,0.0117413233102127,""
113,"capped",TRUE,TRUE,28,28,5.19455449888263e-13,0.0115612328124985,""
114,"probability",TRUE,NA,NA,NA,NA,NA,""
114,"original",TRUE,TRUE,28,28,6.17672124020793e-11,0.011856433034641,""
114,"capped",TRUE,TRUE,28,28,1.40683622555941e-12,0.0112525972571099,""
115,"probability",TRUE,NA,NA,NA,NA,NA,""
115,"original",TRUE,TRUE,28,28,5.9728642497182e-16,0.0120631438203165,""
115,"capped",TRUE,TRUE,28,28,1.90861766217443e-12,0.0117281632473357,""
116,"probability",TRUE,NA,NA,NA,NA,NA,""
116,"original",TRUE,TRUE,28,28,3.00502757386775e-11,0.0127793790470094,""
116,"capped",TRUE,TRUE,28,28,7.60588601749697e-13,0.012065774043718,""
117,"probability",TRUE,NA,NA,NA,NA,NA,""
117,"original",TRUE,TRUE,28,28,7.64680645264449e-12,0.0119420231227893,""
117,"capped",TRUE,TRUE,28,28,2.61840313993822e-13,0.0115245899672798,""
118,"probability",TRUE,NA,NA,NA,NA,NA,""
118,"original",TRUE,TRUE,28,28,2.92238852151472e-11,0.011697026587745,""
118,"capped",TRUE,TRUE,28,28,3.2612969657023e-12,0.0113178128053233,""
119,"probability",TRUE,NA,NA,NA,NA,NA,""
119,"original",TRUE,TRUE,28,28,5.16585320166876e-12,0.0114085534763532,""
119,"capped",TRUE,TRUE,28,28,6.2672959395969e-13,0.0112656687083174,""
120,"probability",TRUE,NA,NA,NA,NA,NA,""
120,"original",TRUE,TRUE,28,28,4.98929814201374e-12,0.0121415059126865,""
120,"capped",TRUE,TRUE,28,28,8.6602295362559e-13,0.0116578721905758,""
121,"probability",TRUE,NA,NA,NA,NA,NA,""
121,"original",TRUE,TRUE,28,28,1.59558832953985e-15,0.0131004679725612,""
121,"capped",TRUE,TRUE,28,28,2.67532030928158e-13,0.0124314688540055,""
122,"probability",TRUE,NA,NA,NA,NA,NA,""
122,"original",TRUE,TRUE,28,28,1.08299602630534e-11,0.0115818018291573,""
122,"capped",TRUE,TRUE,28,28,2.71230460556386e-12,0.0112477214808318,""
123,"probability",TRUE,NA,NA,NA,NA,NA,""
123,"original",TRUE,TRUE,28,28,1.87411359453867e-11,0.0113086060179121,""
123,"capped",TRUE,TRUE,28,28,2.40479340352142e-13,0.0109495749133149,""
124,"probability",TRUE,NA,NA,NA,NA,NA,""
124,"original",TRUE,TRUE,28,28,7.68063533549388e-16,0.0128535294701783,""
124,"capped",TRUE,TRUE,28,28,2.96466186975922e-12,0.012428472468882,""
125,"probability",TRUE,NA,NA,NA,NA,NA,""
125,"original",TRUE,TRUE,28,28,3.61072554840105e-12,0.0107350350126815,""
125,"capped",TRUE,TRUE,28,28,1.50657679300426e-12,0.0104529462637932,""
126,"probability",TRUE,NA,NA,NA,NA,NA,""
126,"original",TRUE,TRUE,28,28,1.31687117552826e-11,0.0125761757123258,""
126,"capped",TRUE,TRUE,28,28,2.94143155146119e-12,0.0122174523087769,""
127,"probability",TRUE,NA,NA,NA,NA,NA,""
127,"original",TRUE,TRUE,28,28,2.63704442440223e-11,0.0126998433173137,""
127,"capped",TRUE,TRUE,28,28,1.53920981512204e-12,0.0123673805814052,""
128,"probability",TRUE,NA,NA,NA,NA,NA,""
128,"original",TRUE,TRUE,28,28,9.89868330501277e-12,0.0117611266029637,""
128,"capped",TRUE,TRUE,28,28,1.50994608716965e-12,0.0113972019241814,""
129,"probability",TRUE,NA,NA,NA,NA,NA,""
129,"original",TRUE,TRUE,28,28,9.97666891760941e-12,0.0122149164535233,""
129,"capped",TRUE,TRUE,28,28,3.29035113503638e-12,0.0118625322990999,""
130,"probability",TRUE,NA,NA,NA,NA,NA,""
130,"original",TRUE,TRUE,28,28,4.79516219047529e-13,0.011793948556805,""
130,"capped",TRUE,TRUE,28,28,1.43557369670734e-12,0.0117237607279131,""
131,"probability",TRUE,NA,NA,NA,NA,NA,""
131,"original",TRUE,TRUE,28,28,2.46885131776386e-11,0.0121511092844352,""
131,"capped",TRUE,TRUE,28,28,9.73463758693385e-13,0.0117030345936866,""
132,"probability",TRUE,NA,NA,NA,NA,NA,""
132,"original",TRUE,TRUE,28,28,2.31173185865157e-13,0.0116115305939813,""
132,"capped",TRUE,TRUE,28,28,1.97876966158055e-12,0.0116144887179774,""
133,"probability",TRUE,NA,NA,NA,NA,NA,""
133,"original",TRUE,TRUE,28,28,1.33409440249875e-12,0.0118170503336982,""
133,"capped",TRUE,TRUE,28,28,2.49380329991619e-12,0.0116319562267778,""
134,"probability",TRUE,NA,NA,NA,NA,NA,""
134,"original",TRUE,TRUE,28,28,4.25708409646764e-16,0.0137715652680594,""
134,"capped",TRUE,TRUE,28,28,2.08661436508367e-12,0.0131977961372606,""
135,"probability",TRUE,NA,NA,NA,NA,NA,""
135,"original",TRUE,TRUE,28,28,5.71564945529045e-12,0.0111589990077787,""
135,"capped",TRUE,TRUE,28,28,4.8904199794655e-13,0.0108512064888241,""
136,"probability",TRUE,NA,NA,NA,NA,NA,""
136,"original",TRUE,TRUE,28,28,1.32511469945514e-11,0.0121967674507933,""
136,"capped",TRUE,TRUE,28,28,1.84085135324679e-12,0.0119616359232214,""
137,"probability",TRUE,NA,NA,NA,NA,NA,""
137,"original",TRUE,TRUE,28,28,3.68297433112315e-11,0.012540038990486,""
137,"capped",TRUE,TRUE,28,28,3.02500133262136e-13,0.01195852572119,""
138,"probability",TRUE,NA,NA,NA,NA,NA,""
138,"original",TRUE,TRUE,28,28,6.3615117092931e-13,0.0113377696624456,""
138,"capped",TRUE,TRUE,28,28,3.24629174010941e-13,0.0111999451571348,""
139,"probability",TRUE,NA,NA,NA,NA,NA,""
139,"original",TRUE,TRUE,28,28,1.64015050594573e-12,0.0124245656647714,""
139,"capped",TRUE,TRUE,28,28,2.35543045840159e-12,0.0123805409695637,""
140,"probability",TRUE,NA,NA,NA,NA,NA,""
140,"original",TRUE,TRUE,28,28,1.41585635074941e-12,0.0108927163997111,""
140,"capped",TRUE,TRUE,28,28,1.42627950833461e-12,0.0108832510823324,""
141,"probability",TRUE,NA,NA,NA,NA,NA,""
141,"original",TRUE,TRUE,28,28,4.52764424537954e-11,0.0115185104568376,""
141,"capped",TRUE,TRUE,28,28,1.66790511290227e-12,0.0111085347320605,""
142,"probability",TRUE,NA,NA,NA,NA,NA,""
142,"original",TRUE,TRUE,28,28,1.03578001099745e-15,0.0120424638457719,""
142,"capped",TRUE,TRUE,28,28,1.46890578204732e-12,0.0113751469727585,""
143,"probability",TRUE,NA,NA,NA,NA,NA,""
143,"original",TRUE,TRUE,28,28,6.4334875115279e-12,0.0113008994810981,""
143,"capped",TRUE,TRUE,28,28,1.35858525448881e-12,0.011197784556561,""
144,"probability",TRUE,NA,NA,NA,NA,NA,""
144,"original",TRUE,TRUE,28,28,4.36661341251993e-12,0.0114574611742619,""
144,"capped",TRUE,TRUE,28,28,6.78048368875044e-13,0.0112368657643045,""
145,"probability",TRUE,NA,NA,NA,NA,NA,""
145,"original",TRUE,TRUE,28,28,4.71363522263093e-12,0.0131766898105111,""
145,"capped",TRUE,TRUE,28,28,7.50203812869808e-13,0.0129436702738984,""
146,"probability",TRUE,NA,NA,NA,NA,NA,""
146,"original",TRUE,TRUE,28,28,3.01621796068101e-12,0.0117755162099726,""
146,"capped",TRUE,TRUE,28,28,6.54665729441469e-13,0.0116188554718038,""
147,"probability",TRUE,NA,NA,NA,NA,NA,""
147,"original",TRUE,TRUE,28,28,2.80180877913072e-12,0.0110933706992634,""
147,"capped",TRUE,TRUE,28,28,9.5501400176753e-13,0.0111872118846493,""
148,"probability",TRUE,NA,NA,NA,NA,NA,""
148,"original",TRUE,TRUE,28,28,6.16849470070222e-13,0.0119635419333358,""
148,"capped",TRUE,TRUE,28,28,1.48520832981715e-12,0.0119027149694512,""
149,"probability",TRUE,NA,NA,NA,NA,NA,""
149,"original",TRUE,TRUE,28,28,9.39247700699645e-12,0.0113142719333957,""
149,"capped",TRUE,TRUE,28,28,1.37588393749767e-12,0.0110040565137287,""
150,"probability",TRUE,NA,NA,NA,NA,NA,""
150,"original",TRUE,TRUE,28,28,1.99787856165425e-11,0.0127171932600925,""
150,"capped",TRUE,TRUE,28,28,2.71829258168843e-12,0.0124139596163389,""
151,"probability",TRUE,NA,NA,NA,NA,NA,""
151,"original",TRUE,TRUE,28,28,2.33123184172357e-11,0.0127688331991504,""
151,"capped",TRUE,TRUE,28,28,2.67447569158976e-12,0.0123861087278885,""
152,"probability",TRUE,NA,NA,NA,NA,NA,""
152,"original",TRUE,TRUE,28,28,2.06539006596602e-11,0.0132058089745711,""
152,"capped",TRUE,TRUE,28,28,1.5964862416426e-12,0.0126817825472516,""
153,"probability",TRUE,NA,NA,NA,NA,NA,""
153,"original",TRUE,TRUE,28,28,4.85888415878517e-13,0.0117019742647768,""
153,"capped",TRUE,TRUE,28,28,2.91976220200119e-13,0.0116569872743858,""
154,"probability",TRUE,NA,NA,NA,NA,NA,""
154,"original",TRUE,TRUE,28,28,6.87169480680519e-13,0.0118638468861751,""
154,"capped",TRUE,TRUE,28,28,7.45444154994752e-13,0.0118556701914561,""
155,"probability",TRUE,NA,NA,NA,NA,NA,""
155,"original",TRUE,TRUE,28,28,1.06266736844897e-15,0.0119044733440389,""
155,"capped",TRUE,TRUE,28,28,2.2002874441982e-12,0.011292953193095,""
156,"probability",TRUE,NA,NA,NA,NA,NA,""
156,"original",TRUE,TRUE,28,28,1.55452301206015e-15,0.0131047643686169,""
156,"capped",TRUE,TRUE,28,28,1.86724222265285e-12,0.0125182464445401,""
157,"probability",TRUE,NA,NA,NA,NA,NA,""
157,"original",TRUE,TRUE,28,28,3.75988238506161e-11,0.0116698306209379,""
157,"capped",TRUE,TRUE,28,28,4.68317537203439e-13,0.0112305629229205,""
158,"probability",TRUE,NA,NA,NA,NA,NA,""
158,"original",TRUE,TRUE,28,28,8.31036772432214e-12,0.0111799686552145,""
158,"capped",TRUE,TRUE,28,28,2.43797880695453e-12,0.0111127171412799,""
159,"probability",TRUE,NA,NA,NA,NA,NA,""
159,"original",TRUE,TRUE,28,28,7.0629939918302e-11,0.013540805415034,""
159,"capped",TRUE,TRUE,28,28,9.68376501779854e-13,0.0128438228292315,""
160,"probability",TRUE,NA,NA,NA,NA,NA,""
160,"original",TRUE,TRUE,28,28,2.28281560553495e-11,0.0132831988369469,""
160,"capped",TRUE,TRUE,28,28,4.19056815610365e-13,0.0127744706476588,""
161,"probability",TRUE,NA,NA,NA,NA,NA,""
161,"original",TRUE,TRUE,28,28,1.75263780341343e-11,0.0126641700046734,""
161,"capped",TRUE,TRUE,28,28,1.57087553316524e-12,0.0122015308841437,""
162,"probability",TRUE,NA,NA,NA,NA,NA,""
162,"original",TRUE,TRUE,28,28,1.9229376530153e-11,0.0124138169585353,""
162,"capped",TRUE,TRUE,28,28,2.00454252768122e-12,0.0119500848291539,""
163,"probability",TRUE,NA,NA,NA,NA,NA,""
163,"original",TRUE,TRUE,28,28,1.71003296122839e-11,0.0126484301270104,""
163,"capped",TRUE,TRUE,28,28,3.74054079856958e-12,0.0123271743536242,""
164,"probability",TRUE,NA,NA,NA,NA,NA,""
164,"original",TRUE,TRUE,28,28,6.46158873902672e-13,0.0116630113157064,""
164,"capped",TRUE,TRUE,28,28,1.88351055330552e-12,0.0117116238711788,""
165,"probability",TRUE,NA,NA,NA,NA,NA,""
165,"original",TRUE,TRUE,28,28,1.0532843807985e-11,0.0116723345733925,""
165,"capped",TRUE,TRUE,28,28,1.34003909828101e-12,0.0113937315514289,""
166,"probability",TRUE,NA,NA,NA,NA,NA,""
166,"original",TRUE,TRUE,28,28,1.70865670304249e-11,0.012932949029078,""
166,"capped",TRUE,TRUE,28,28,1.10869140944159e-12,0.0125116309876474,""
167,"probability",TRUE,NA,NA,NA,NA,NA,""
167,"original",TRUE,TRUE,28,28,2.22449597212854e-12,0.0113870091126423,""
167,"capped",TRUE,TRUE,28,28,1.188139760671e-12,0.0112007910957958,""
168,"probability",TRUE,NA,NA,NA,NA,NA,""
168,"original",TRUE,TRUE,28,28,8.45580302023733e-12,0.0116401992702546,""
168,"capped",TRUE,TRUE,28,28,2.28818284045175e-12,0.0111742740480261,""
169,"probability",TRUE,NA,NA,NA,NA,NA,""
169,"original",TRUE,TRUE,28,28,1.78213750248843e-12,0.011307028804555,""
169,"capped",TRUE,TRUE,28,28,3.9707178391918e-13,0.0112517469655114,""
170,"probability",TRUE,NA,NA,NA,NA,NA,""
170,"original",TRUE,TRUE,28,28,1.962838729252e-11,0.0114277636774968,""
170,"capped",TRUE,TRUE,28,28,2.13971098442587e-13,0.0109774966485252,""
171,"probability",TRUE,NA,NA,NA,NA,NA,""
171,"original",TRUE,TRUE,28,28,6.79457817341176e-13,0.0116768515912994,""
171,"capped",TRUE,TRUE,28,28,2.28153733978695e-13,0.0114711882455403,""
172,"probability",TRUE,NA,NA,NA,NA,NA,""
172,"original",TRUE,TRUE,28,28,1.00352171695792e-12,0.0122049696496709,""
172,"capped",TRUE,TRUE,28,28,5.10527069815787e-13,0.0121824289381774,""
173,"probability",TRUE,NA,NA,NA,NA,NA,""
173,"original",TRUE,TRUE,28,28,8.18929737363118e-12,0.0119924724340688,""
173,"capped",TRUE,TRUE,28,28,1.86562553531102e-13,0.0116134070684321,""
174,"probability",TRUE,NA,NA,NA,NA,NA,""
174,"original",TRUE,TRUE,28,28,1.319064741345e-11,0.0132872774060279,""
174,"capped",TRUE,TRUE,28,28,2.54943244985019e-12,0.0127347380498615,""
175,"probability",TRUE,NA,NA,NA,NA,NA,""
175,"original",TRUE,TRUE,28,28,2.09981520213316e-12,0.011615812705191,""
175,"capped",TRUE,TRUE,28,28,2.22231936316288e-12,0.0115228422031943,""
176,"probability",TRUE,NA,NA,NA,NA,NA,""
176,"original",TRUE,TRUE,28,28,1.93914511360969e-12,0.0120369971915113,""
176,"capped",TRUE,TRUE,28,28,1.83541210361012e-12,0.0119336370894545,""
177,"probability",TRUE,NA,NA,NA,NA,NA,""
177,"original",TRUE,TRUE,28,28,5.94784576285351e-16,0.0118187299223791,""
177,"capped",TRUE,TRUE,28,28,2.70041151318983e-12,0.0114583682107457,""
178,"probability",TRUE,NA,NA,NA,NA,NA,""
178,"original",TRUE,TRUE,28,28,6.01955724438695e-12,0.0114190498788935,""
178,"capped",TRUE,TRUE,28,28,1.76868125226805e-13,0.0110772589438077,""
179,"probability",TRUE,NA,NA,NA,NA,NA,""
179,"original",TRUE,TRUE,28,28,2.86593732894387e-12,0.012754275953572,""
179,"capped",TRUE,TRUE,28,28,3.16845122005395e-12,0.0126153808188665,""
180,"probability",TRUE,NA,NA,NA,NA,NA,""
180,"original",TRUE,TRUE,28,28,4.02399375587845e-12,0.012382930749498,""
180,"capped",TRUE,TRUE,28,28,4.63428268474026e-13,0.0118667129773499,""
181,"probability",TRUE,NA,NA,NA,NA,NA,""
181,"original",TRUE,TRUE,28,28,5.37180817855771e-11,0.0129492518828526,""
181,"capped",TRUE,TRUE,28,28,3.47604064737404e-13,0.0123659127156694,""
182,"probability",TRUE,NA,NA,NA,NA,NA,""
182,"original",TRUE,TRUE,28,28,3.43556619754938e-13,0.0116204967016962,""
182,"capped",TRUE,TRUE,28,28,2.28082132460166e-13,0.011613058748986,""
183,"probability",TRUE,NA,NA,NA,NA,NA,""
183,"original",TRUE,TRUE,28,28,2.98189361374602e-11,0.0124229687872668,""
183,"capped",TRUE,TRUE,28,28,5.07882543495814e-13,0.0118170991624404,""
184,"probability",TRUE,NA,NA,NA,NA,NA,""
184,"original",TRUE,TRUE,28,28,1.64004974366434e-11,0.0124565966381434,""
184,"capped",TRUE,TRUE,28,28,1.48245785540735e-12,0.0119002508038222,""
185,"probability",TRUE,NA,NA,NA,NA,NA,""
185,"original",TRUE,TRUE,28,28,2.62913837549772e-12,0.0126352953031734,""
185,"capped",TRUE,TRUE,28,28,1.29956305082622e-12,0.0127599033547102,""
186,"probability",TRUE,NA,NA,NA,NA,NA,""
186,"original",TRUE,TRUE,28,28,7.30289441908144e-11,0.0120878741464604,""
186,"capped",TRUE,TRUE,28,28,7.98314540332165e-13,0.0116313825984686,""
187,"probability",TRUE,NA,NA,NA,NA,NA,""
187,"original",TRUE,TRUE,28,28,7.54096773767685e-16,0.0116768860150805,""
187,"capped",TRUE,TRUE,28,28,1.36433882691223e-12,0.0112689668661904,""
188,"probability",TRUE,NA,NA,NA,NA,NA,""
188,"original",TRUE,TRUE,28,28,4.08757158357881e-13,0.0112431464259306,""
188,"capped",TRUE,TRUE,28,28,8.99905188315181e-13,0.0111873554288447,""
189,"probability",TRUE,NA,NA,NA,NA,NA,""
189,"original",TRUE,TRUE,28,28,7.42970641982604e-16,0.0123596349321293,""
189,"capped",TRUE,TRUE,28,28,4.46641826976795e-12,0.0119045994766956,""
190,"probability",TRUE,NA,NA,NA,NA,NA,""
190,"original",TRUE,TRUE,28,28,3.08029054150799e-12,0.0120266286018989,""
190,"capped",TRUE,TRUE,28,28,8.41774787263587e-13,0.011967544260225,""
191,"probability",TRUE,NA,NA,NA,NA,NA,""
191,"original",TRUE,TRUE,28,28,1.3257778252578e-12,0.0121990505396169,""
191,"capped",TRUE,TRUE,28,28,5.38487653059356e-13,0.0121625459720943,""
192,"probability",TRUE,NA,NA,NA,NA,NA,""
192,"original",TRUE,TRUE,28,28,8.81447266734628e-11,0.0124055770592754,""
192,"capped",TRUE,TRUE,28,28,4.92941362412296e-13,0.011808758243957,""
193,"probability",TRUE,NA,NA,NA,NA,NA,""
193,"original",TRUE,TRUE,28,28,3.82919613818332e-11,0.0124253632229135,""
193,"capped",TRUE,TRUE,28,28,3.90012488773775e-13,0.0118475403960642,""
194,"probability",TRUE,NA,NA,NA,NA,NA,""
194,"original",TRUE,TRUE,28,28,5.72041089046606e-11,0.0124647274858325,""
194,"capped",TRUE,TRUE,28,28,9.7038268464569e-13,0.0118990915459992,""
195,"probability",TRUE,NA,NA,NA,NA,NA,""
195,"original",TRUE,TRUE,28,28,1.44292237992421e-12,0.01212090981896,""
195,"capped",TRUE,TRUE,28,28,1.78951696912861e-12,0.0118918267511121,""
196,"probability",TRUE,NA,NA,NA,NA,NA,""
196,"original",TRUE,TRUE,28,28,1.69340251297155e-12,0.0111618305953741,""
196,"capped",TRUE,TRUE,28,28,3.41075104667457e-12,0.0110755007358786,""
197,"probability",TRUE,NA,NA,NA,NA,NA,""
197,"original",TRUE,TRUE,28,28,8.43723879630057e-11,0.0116137274737698,""
197,"capped",TRUE,TRUE,28,28,1.70674547430186e-12,0.0112817618134547,""
198,"probability",TRUE,NA,NA,NA,NA,NA,""
198,"original",TRUE,TRUE,28,28,2.01385097764558e-11,0.0122052379124006,""
198,"capped",TRUE,TRUE,28,28,1.53535729728377e-12,0.011778986490989,""
199,"probability",TRUE,NA,NA,NA,NA,NA,""
199,"original",TRUE,TRUE,28,28,2.66808416738749e-13,0.012283614124081,""
199,"capped",TRUE,TRUE,28,28,3.72234738510151e-13,0.0123097669136882,""
200,"probability",TRUE,NA,NA,NA,NA,NA,""
200,"original",TRUE,TRUE,28,28,4.9449064907215e-11,0.0119700295395887,""
200,"capped",TRUE,TRUE,28,28,5.22081516401808e-13,0.0115101650041192,""
201,"probability",TRUE,NA,NA,NA,NA,NA,""
201,"original",TRUE,TRUE,28,28,8.12315366726737e-11,0.0124855190451199,""
201,"capped",TRUE,TRUE,28,28,2.64250055310224e-12,0.0118669910942966,""
202,"probability",TRUE,NA,NA,NA,NA,NA,""
202,"original",TRUE,TRUE,28,28,7.09497775590813e-16,0.011453390319074,""
202,"capped",TRUE,TRUE,28,28,3.03138399344806e-13,0.010868262159475,""
203,"probability",TRUE,NA,NA,NA,NA,NA,""
203,"original",TRUE,TRUE,28,28,7.41528404479116e-13,0.0114592504831873,""
203,"capped",TRUE,TRUE,28,28,2.53021244013125e-13,0.011416210624948,""
204,"probability",TRUE,NA,NA,NA,NA,NA,""
204,"original",TRUE,TRUE,28,28,1.53536565661069e-11,0.0119051584943477,""
204,"capped",TRUE,TRUE,28,28,5.1985145583609e-13,0.01145676415408,""
205,"probability",TRUE,NA,NA,NA,NA,NA,""
205,"original",TRUE,TRUE,28,28,1.1483931693279e-11,0.011544806354417,""
205,"capped",TRUE,TRUE,28,28,1.17904842031924e-12,0.0111947314578993,""
206,"probability",TRUE,NA,NA,NA,NA,NA,""
206,"original",TRUE,TRUE,28,28,5.42690878507469e-11,0.012011625776376,""
206,"capped",TRUE,TRUE,28,28,5.17122086180897e-13,0.0113436458317272,""
207,"probability",TRUE,NA,NA,NA,NA,NA,""
207,"original",TRUE,TRUE,28,28,5.72944657343828e-13,0.0122460989594604,""
207,"capped",TRUE,TRUE,28,28,4.89390699967296e-13,0.0121909686892468,""
208,"probability",TRUE,NA,NA,NA,NA,NA,""
208,"original",TRUE,TRUE,28,28,1.05637831547816e-11,0.0113240538914789,""
208,"capped",TRUE,TRUE,28,28,7.15711283586205e-13,0.0108734817445572,""
209,"probability",TRUE,NA,NA,NA,NA,NA,""
209,"original",TRUE,TRUE,28,28,6.87074512810276e-16,0.0117585662863525,""
209,"capped",TRUE,TRUE,28,28,3.90618694002691e-12,0.0113691819302668,""
210,"probability",TRUE,NA,NA,NA,NA,NA,""
210,"original",TRUE,TRUE,28,28,5.26570411539574e-11,0.0119923698402781,""
210,"capped",TRUE,TRUE,28,28,4.99544766034143e-13,0.0114746664802706,""
211,"probability",TRUE,NA,NA,NA,NA,NA,""
211,"original",TRUE,TRUE,28,28,7.75702006455229e-16,0.0123080987847796,""
211,"capped",TRUE,TRUE,28,28,3.14951051385452e-12,0.0119080710153228,""
212,"probability",TRUE,NA,NA,NA,NA,NA,""
212,"original",TRUE,TRUE,28,28,1.07030022461184e-11,0.0123872145872675,""
212,"capped",TRUE,TRUE,28,28,1.39353822951621e-12,0.0120353940100546,""
213,"probability",TRUE,NA,NA,NA,NA,NA,""
213,"original",TRUE,TRUE,28,28,7.21876619493676e-12,0.0117063152314756,""
213,"capped",TRUE,TRUE,28,28,1.74821217302855e-12,0.0116690256604141,""
214,"probability",TRUE,NA,NA,NA,NA,NA,""
214,"original",TRUE,TRUE,28,28,6.20119106048237e-12,0.0129038555696943,""
214,"capped",TRUE,TRUE,28,28,3.69155745181449e-12,0.0124464467176116,""
215,"probability",TRUE,NA,NA,NA,NA,NA,""
215,"original",TRUE,TRUE,28,28,4.42343721839838e-12,0.0127417515567812,""
215,"capped",TRUE,TRUE,28,28,7.39244656982605e-13,0.0126118011319343,""
216,"probability",TRUE,NA,NA,NA,NA,NA,""
216,"original",TRUE,TRUE,28,28,3.78807129135627e-16,0.0117534170305402,""
216,"capped",TRUE,TRUE,28,28,1.95115627631376e-12,0.0111171549334566,""
217,"probability",TRUE,NA,NA,NA,NA,NA,""
217,"original",TRUE,TRUE,28,28,7.41585696095611e-12,0.012364873374109,""
217,"capped",TRUE,TRUE,28,28,1.45850991347504e-12,0.012045148577829,""
218,"probability",TRUE,NA,NA,NA,NA,NA,""
218,"original",TRUE,TRUE,28,28,1.15661991589068e-11,0.0116188564256069,""
218,"capped",TRUE,TRUE,28,28,3.62772781793291e-13,0.011125353133784,""
219,"probability",TRUE,NA,NA,NA,NA,NA,""
219,"original",TRUE,TRUE,28,28,2.49041530606018e-12,0.0120667926229377,""
219,"capped",TRUE,TRUE,28,28,2.66629889386381e-12,0.0118835721900617,""
220,"probability",TRUE,NA,NA,NA,NA,NA,""
220,"original",TRUE,TRUE,28,28,9.81793494818226e-12,0.0123449389118906,""
220,"capped",TRUE,TRUE,28,28,4.01807805840152e-12,0.0120146277331237,""
221,"probability",TRUE,NA,NA,NA,NA,NA,""
221,"original",TRUE,TRUE,28,28,8.70395022457235e-16,0.0130565902540938,""
221,"capped",TRUE,TRUE,28,28,1.30707876366393e-12,0.0124695626272889,""
222,"probability",TRUE,NA,NA,NA,NA,NA,""
222,"original",TRUE,TRUE,28,28,2.34879027718706e-11,0.0124851641504479,""
222,"capped",TRUE,TRUE,28,28,3.02167975122068e-13,0.0120190803140266,""
223,"probability",TRUE,NA,NA,NA,NA,NA,""
223,"original",TRUE,TRUE,28,28,8.99722101433463e-12,0.0117655485112807,""
223,"capped",TRUE,TRUE,28,28,9.72874740052793e-13,0.0113960764327378,""
224,"probability",TRUE,NA,NA,NA,NA,NA,""
224,"original",TRUE,TRUE,28,28,1.68073485911789e-11,0.012525253305062,""
224,"capped",TRUE,TRUE,28,28,1.70603295777247e-12,0.0121436623303472,""
225,"probability",TRUE,NA,NA,NA,NA,NA,""
225,"original",TRUE,TRUE,28,28,8.75496157498074e-12,0.0109497781694748,""
225,"capped",TRUE,TRUE,28,28,1.76363949808298e-12,0.0105741272767857,""
226,"probability",TRUE,NA,NA,NA,NA,NA,""
226,"original",TRUE,TRUE,28,28,4.23659893574724e-16,0.0127271979880466,""
226,"capped",TRUE,TRUE,28,28,4.10685037757143e-12,0.0120364155219369,""
227,"probability",TRUE,NA,NA,NA,NA,NA,""
227,"original",TRUE,TRUE,28,28,2.35914981887665e-11,0.0128669127270342,""
227,"capped",TRUE,TRUE,28,28,4.86383576130808e-13,0.0122500831653749,""
228,"probability",TRUE,NA,NA,NA,NA,NA,""
228,"original",TRUE,TRUE,28,28,5.41336346151494e-16,0.0137177584657697,""
228,"capped",TRUE,TRUE,28,28,3.73880643651306e-12,0.0130024331213269,""
229,"probability",TRUE,NA,NA,NA,NA,NA,""
229,"original",TRUE,TRUE,28,28,4.21993385543789e-16,0.0124164477157718,""
229,"capped",TRUE,TRUE,28,28,1.27993914998839e-12,0.0118894124734394,""
230,"probability",TRUE,NA,NA,NA,NA,NA,""
230,"original",TRUE,TRUE,28,28,1.18263709452152e-15,0.0129182688946992,""
230,"capped",TRUE,TRUE,28,28,2.9404907872079e-12,0.0124749577833294,""
231,"probability",TRUE,NA,NA,NA,NA,NA,""
231,"original",TRUE,TRUE,28,28,3.91607728885857e-11,0.0125939136031989,""
231,"capped",TRUE,TRUE,28,28,4.02703793688485e-13,0.0122274897798485,""
232,"probability",TRUE,NA,NA,NA,NA,NA,""
232,"original",TRUE,TRUE,28,28,8.16096018412864e-12,0.0123937807856158,""
232,"capped",TRUE,TRUE,28,28,3.07291404150802e-13,0.0120073526905271,""
233,"probability",TRUE,NA,NA,NA,NA,NA,""
233,"original",TRUE,TRUE,28,28,1.44258794129098e-12,0.0124987313411026,""
233,"capped",TRUE,TRUE,28,28,1.06974897338719e-12,0.0125243534203086,""
234,"probability",TRUE,NA,NA,NA,NA,NA,""
234,"original",TRUE,TRUE,28,28,3.99744601385786e-13,0.0120617527913738,""
234,"capped",TRUE,TRUE,28,28,7.08262276875547e-13,0.0120646361845036,""
235,"probability",TRUE,NA,NA,NA,NA,NA,""
235,"original",TRUE,TRUE,28,28,5.22289215872307e-12,0.0114339300879758,""
235,"capped",TRUE,TRUE,28,28,3.62802834094161e-13,0.0109804735109999,""
236,"probability",TRUE,NA,NA,NA,NA,NA,""
236,"original",TRUE,TRUE,28,28,2.63609856578856e-12,0.0117687488515123,""
236,"capped",TRUE,TRUE,28,28,3.63438103361729e-12,0.0116922939265338,""
237,"probability",TRUE,NA,NA,NA,NA,NA,""
237,"original",TRUE,TRUE,28,28,2.31889723488766e-12,0.0120323506855315,""
237,"capped",TRUE,TRUE,28,28,5.30104364529646e-13,0.0119939708799743,""
238,"probability",TRUE,NA,NA,NA,NA,NA,""
238,"original",TRUE,TRUE,28,28,1.593868670745e-12,0.0122099568288031,""
238,"capped",TRUE,TRUE,28,28,2.21220084976972e-13,0.012025487119561,""
239,"probability",TRUE,NA,NA,NA,NA,NA,""
239,"original",TRUE,TRUE,28,28,4.3562990843741e-16,0.0118694241352433,""
239,"capped",TRUE,TRUE,28,28,4.27149839777391e-13,0.011317583250631,""
240,"probability",TRUE,NA,NA,NA,NA,NA,""
240,"original",TRUE,TRUE,28,28,1.60308208095883e-11,0.0121163796001696,""
240,"capped",TRUE,TRUE,28,28,2.11006135788904e-12,0.0116981374628799,""
241,"probability",TRUE,NA,NA,NA,NA,NA,""
241,"original",TRUE,TRUE,28,28,5.25625350551239e-16,0.0129302429657538,""
241,"capped",TRUE,TRUE,28,28,1.77299870791016e-12,0.0123709738487294,""
242,"probability",TRUE,NA,NA,NA,NA,NA,""
242,"original",TRUE,TRUE,28,28,7.42490925751423e-16,0.0135689286121624,""
242,"capped",TRUE,TRUE,28,28,1.36431721913035e-12,0.0129906802246715,""
243,"probability",TRUE,NA,NA,NA,NA,NA,""
243,"original",TRUE,TRUE,28,28,1.70510744412766e-12,0.0125410258493914,""
243,"capped",TRUE,TRUE,28,28,1.10490220421254e-12,0.0125423900674072,""
244,"probability",TRUE,NA,NA,NA,NA,NA,""
244,"original",TRUE,TRUE,28,28,6.67219285350844e-13,0.0117619567364069,""
244,"capped",TRUE,TRUE,28,28,1.50017664308354e-12,0.0117646738097225,""
245,"probability",TRUE,NA,NA,NA,NA,NA,""
245,"original",TRUE,TRUE,28,28,1.3072307911647e-12,0.0110527344551169,""
245,"capped",TRUE,TRUE,28,28,1.16010890570944e-13,0.0109610232451636,""
246,"probability",TRUE,NA,NA,NA,NA,NA,""
246,"original",TRUE,TRUE,28,28,3.30066822468499e-12,0.0114918335599001,""
246,"capped",TRUE,TRUE,28,28,1.0836222992191e-13,0.0114144095073478,""
247,"probability",TRUE,NA,NA,NA,NA,NA,""
247,"original",TRUE,TRUE,28,28,8.34286460706771e-16,0.0126678387098354,""
247,"capped",TRUE,TRUE,28,28,9.29297497718434e-13,0.012153248573604,""
248,"probability",TRUE,NA,NA,NA,NA,NA,""
248,"original",TRUE,TRUE,28,28,9.01244469390922e-16,0.0120638522315637,""
248,"capped",TRUE,TRUE,28,28,2.257260993891e-12,0.011605299820437,""
249,"probability",TRUE,NA,NA,NA,NA,NA,""
249,"original",TRUE,TRUE,28,28,2.00613550776893e-12,0.0125818580657512,""
249,"capped",TRUE,TRUE,28,28,2.19842129152366e-12,0.0125661086447096,""
250,"probability",TRUE,NA,NA,NA,NA,NA,""
250,"original",TRUE,TRUE,28,28,2.57633367275548e-16,0.0125811882419255,""
250,"capped",TRUE,TRUE,28,28,4.23322885851907e-12,0.0122110876669039,""
251,"probability",TRUE,NA,NA,NA,NA,NA,""
251,"original",TRUE,TRUE,28,28,8.31796984098936e-13,0.0123884198981903,""
251,"capped",TRUE,TRUE,28,28,1.24655541399442e-12,0.012276248314251,""
252,"probability",TRUE,NA,NA,NA,NA,NA,""
252,"original",TRUE,TRUE,28,28,2.24386791758865e-15,0.0120432027960729,""
252,"capped",TRUE,TRUE,28,28,5.1171672609008e-13,0.0116800298349725,""
253,"probability",TRUE,NA,NA,NA,NA,NA,""
253,"original",TRUE,TRUE,28,28,1.26668392070836e-11,0.0111021807760304,""
253,"capped",TRUE,TRUE,28,28,2.8122228808221e-13,0.0106409750699229,""
254,"probability",TRUE,NA,NA,NA,NA,NA,""
254,"original",TRUE,TRUE,28,28,1.56936441231068e-12,0.0120072649564047,""
254,"capped",TRUE,TRUE,28,28,5.88661318787003e-13,0.0119628704406908,""
255,"probability",TRUE,NA,NA,NA,NA,NA,""
255,"original",TRUE,TRUE,28,28,2.28629318572568e-12,0.0131727737610096,""
255,"capped",TRUE,TRUE,28,28,3.14840998286615e-12,0.0131794716332753,""
256,"probability",TRUE,NA,NA,NA,NA,NA,""
256,"original",TRUE,TRUE,28,28,2.89674842409013e-11,0.0122037858121925,""
256,"capped",TRUE,TRUE,28,28,4.04131185991676e-12,0.0118140204435875,""
257,"probability",TRUE,NA,NA,NA,NA,NA,""
257,"original",TRUE,TRUE,28,28,1.61803861806874e-12,0.0110713359110548,""
257,"capped",TRUE,TRUE,28,28,1.25380771427824e-12,0.0108749810496288,""
258,"probability",TRUE,NA,NA,NA,NA,NA,""
258,"original",TRUE,TRUE,28,28,1.37884014313183e-11,0.0116970098095078,""
258,"capped",TRUE,TRUE,28,28,5.99454830950527e-13,0.0112724499423792,""
259,"probability",TRUE,NA,NA,NA,NA,NA,""
259,"original",TRUE,TRUE,28,28,1.42161861265519e-12,0.0121152208576248,""
259,"capped",TRUE,TRUE,28,28,2.62264774823756e-13,0.0120863397006531,""
260,"probability",TRUE,NA,NA,NA,NA,NA,""
260,"original",TRUE,TRUE,28,28,1.14698049125251e-11,0.012353442267896,""
260,"capped",TRUE,TRUE,28,28,1.57895030192517e-12,0.0116892297500388,""
261,"probability",TRUE,NA,NA,NA,NA,NA,""
261,"original",TRUE,TRUE,28,28,3.70949327335733e-11,0.0125527874897007,""
261,"capped",TRUE,TRUE,28,28,4.56788911773972e-13,0.0120065717105274,""
262,"probability",TRUE,NA,NA,NA,NA,NA,""
262,"original",TRUE,TRUE,28,28,9.97904580970809e-11,0.0120061863953925,""
262,"capped",TRUE,TRUE,28,28,1.78384076500805e-12,0.0113749782921043,""
263,"probability",TRUE,NA,NA,NA,NA,NA,""
263,"original",TRUE,TRUE,28,28,1.87154375897514e-11,0.0113376129661594,""
263,"capped",TRUE,TRUE,28,28,6.86919635426129e-13,0.0109861309425375,""
264,"probability",TRUE,NA,NA,NA,NA,NA,""
264,"original",TRUE,TRUE,28,28,1.28964862509051e-14,0.0121372550851584,""
264,"capped",TRUE,TRUE,28,28,3.9605041838932e-12,0.0116657807569225,""
265,"probability",TRUE,NA,NA,NA,NA,NA,""
265,"original",TRUE,TRUE,28,28,1.53328923197449e-15,0.0131646230766639,""
265,"capped",TRUE,TRUE,28,28,2.09380203432075e-12,0.0126378770015597,""
266,"probability",TRUE,NA,NA,NA,NA,NA,""
266,"original",TRUE,TRUE,28,28,1.04345018263066e-11,0.0127408546434759,""
266,"capped",TRUE,TRUE,28,28,2.80838706936185e-13,0.0122350359830942,""
267,"probability",TRUE,NA,NA,NA,NA,NA,""
267,"original",TRUE,TRUE,28,28,4.10409514618167e-13,0.0106849549302422,""
267,"capped",TRUE,TRUE,28,28,6.24615431261467e-13,0.0105645328562102,""
268,"probability",TRUE,NA,NA,NA,NA,NA,""
268,"original",TRUE,TRUE,28,28,1.08543557264083e-15,0.0118418644949244,""
268,"capped",TRUE,TRUE,28,28,2.83444046262957e-12,0.0115404940114185,""
269,"probability",TRUE,NA,NA,NA,NA,NA,""
269,"original",TRUE,TRUE,28,28,1.09527217486438e-15,0.012632728381159,""
269,"capped",TRUE,TRUE,28,28,2.94654089514924e-12,0.0120541656378783,""
270,"probability",TRUE,NA,NA,NA,NA,NA,""
270,"original",TRUE,TRUE,28,28,1.1312179554146e-12,0.0126180071615874,""
270,"capped",TRUE,TRUE,28,28,1.14645996255387e-12,0.0126654492049727,""
271,"probability",TRUE,NA,NA,NA,NA,NA,""
271,"original",TRUE,TRUE,28,28,7.56132833930269e-12,0.0122140031041155,""
271,"capped",TRUE,TRUE,28,28,2.49467132738814e-12,0.0119049762854577,""
272,"probability",TRUE,NA,NA,NA,NA,NA,""
272,"original",TRUE,TRUE,28,28,4.1501332786679e-12,0.0123282478007422,""
272,"capped",TRUE,TRUE,28,28,2.47826411804873e-13,0.0119171427663421,""
273,"probability",TRUE,NA,NA,NA,NA,NA,""
273,"original",TRUE,TRUE,28,28,3.09854026327694e-16,0.0127380990244046,""
273,"capped",TRUE,TRUE,28,28,1.16976092403391e-12,0.0122444338554184,""
274,"probability",TRUE,NA,NA,NA,NA,NA,""
274,"original",TRUE,TRUE,28,28,6.04557764652948e-12,0.0108426866980072,""
274,"capped",TRUE,TRUE,28,28,2.14729146282976e-13,0.0105977759491785,""
275,"probability",TRUE,NA,NA,NA,NA,NA,""
275,"original",TRUE,TRUE,28,28,1.11679138609652e-12,0.0122989852576617,""
275,"capped",TRUE,TRUE,28,28,2.20201847005637e-13,0.0121174398817699,""
276,"probability",TRUE,NA,NA,NA,NA,NA,""
276,"original",TRUE,TRUE,28,28,1.94221344409223e-15,0.0124215030944424,""
276,"capped",TRUE,TRUE,28,28,1.80396254539395e-12,0.0119189371932332,""
277,"probability",TRUE,NA,NA,NA,NA,NA,""
277,"original",TRUE,TRUE,28,28,1.01260371225852e-11,0.0111656898207319,""
277,"capped",TRUE,TRUE,28,28,2.20647960598732e-12,0.0107211253138255,""
278,"probability",TRUE,NA,NA,NA,NA,NA,""
278,"original",TRUE,TRUE,28,28,7.35438685443567e-12,0.0132048922226735,""
278,"capped",TRUE,TRUE,28,28,2.01160598774798e-12,0.0128899815704036,""
279,"probability",TRUE,NA,NA,NA,NA,NA,""
279,"original",TRUE,TRUE,28,28,2.06705879147632e-11,0.0122923885570992,""
279,"capped",TRUE,TRUE,28,28,4.57797911254792e-12,0.0119371212707506,""
280,"probability",TRUE,NA,NA,NA,NA,NA,""
280,"original",TRUE,TRUE,28,28,1.12056400060817e-11,0.0115656957356775,""
280,"capped",TRUE,TRUE,28,28,1.16300445880457e-12,0.0110069563078318,""
281,"probability",TRUE,NA,NA,NA,NA,NA,""
281,"original",TRUE,TRUE,28,28,4.09038325781347e-12,0.0120755967039278,""
281,"capped",TRUE,TRUE,28,28,2.47908010207322e-12,0.0120108848791808,""
282,"probability",TRUE,NA,NA,NA,NA,NA,""
282,"original",TRUE,TRUE,28,28,1.31365142112553e-12,0.0114807389206632,""
282,"capped",TRUE,TRUE,28,28,3.65001253696015e-13,0.0114154456837787,""
283,"probability",TRUE,NA,NA,NA,NA,NA,""
283,"original",TRUE,TRUE,28,28,1.62156421623649e-11,0.0126740431601705,""
283,"capped",TRUE,TRUE,28,28,3.25965017816256e-12,0.0124993169336859,""
284,"probability",TRUE,NA,NA,NA,NA,NA,""
284,"original",TRUE,TRUE,28,28,4.6851205886298e-11,0.0132863893559986,""
284,"capped",TRUE,TRUE,28,28,1.3701428619387e-12,0.0127929100935181,""
285,"probability",TRUE,NA,NA,NA,NA,NA,""
285,"original",TRUE,TRUE,28,28,8.09842169369869e-11,0.0121484423261381,""
285,"capped",TRUE,TRUE,28,28,3.36001040883223e-12,0.0116325110246918,""
286,"probability",TRUE,NA,NA,NA,NA,NA,""
286,"original",TRUE,TRUE,28,28,7.66342105581227e-11,0.0125997735018022,""
286,"capped",TRUE,TRUE,28,28,2.24074828930691e-12,0.0122519917597315,""
287,"probability",TRUE,NA,NA,NA,NA,NA,""
287,"original",TRUE,TRUE,28,28,3.00399692783726e-16,0.013354409215448,""
287,"capped",TRUE,TRUE,28,28,1.30800898680352e-12,0.0129355437712842,""
288,"probability",TRUE,NA,NA,NA,NA,NA,""
288,"original",TRUE,TRUE,28,28,8.79838910300493e-13,0.0119101360240153,""
288,"capped",TRUE,TRUE,28,28,5.79457870384317e-13,0.0118558794173789,""
289,"probability",TRUE,NA,NA,NA,NA,NA,""
289,"original",TRUE,TRUE,28,28,1.14687881001417e-12,0.0115126912842589,""
289,"capped",TRUE,TRUE,28,28,1.72148927057858e-13,0.0114295896134589,""
290,"probability",TRUE,NA,NA,NA,NA,NA,""
290,"original",TRUE,TRUE,28,28,1.29349010066966e-11,0.0125375765819545,""
290,"capped",TRUE,TRUE,28,28,7.00278028254328e-13,0.0120868850526197,""
291,"probability",TRUE,NA,NA,NA,NA,NA,""
291,"original",TRUE,TRUE,28,28,1.84765701310302e-11,0.0121719093088101,""
291,"capped",TRUE,TRUE,28,28,1.40756829402629e-12,0.0119631898803521,""
292,"probability",TRUE,NA,NA,NA,NA,NA,""
292,"original",TRUE,TRUE,28,28,4.26327105220041e-12,0.0131472578548961,""
292,"capped",TRUE,TRUE,28,28,6.51015920528512e-13,0.0130270443093696,""
293,"probability",TRUE,NA,NA,NA,NA,NA,""
293,"original",TRUE,TRUE,28,28,8.60552666181623e-11,0.0120887575488011,""
293,"capped",TRUE,TRUE,28,28,2.35605889505238e-12,0.0118164595457957,""
294,"probability",TRUE,NA,NA,NA,NA,NA,""
294,"original",TRUE,TRUE,28,28,3.39062638201369e-12,0.0113274985475798,""
294,"capped",TRUE,TRUE,28,28,1.16258828871869e-12,0.0112889731148676,""
295,"probability",TRUE,NA,NA,NA,NA,NA,""
295,"original",TRUE,TRUE,28,28,8.89981754949696e-11,0.012003418645432,""
295,"capped",TRUE,TRUE,28,28,4.84929642512033e-12,0.0114628117870739,""
296,"probability",TRUE,NA,NA,NA,NA,NA,""
296,"original",TRUE,TRUE,28,28,1.2102816793779e-11,0.0109613091445026,""
296,"capped",TRUE,TRUE,28,28,1.05746429340695e-13,0.0107100757149437,""
297,"probability",TRUE,NA,NA,NA,NA,NA,""
297,"original",TRUE,TRUE,28,28,6.78454956343646e-11,0.0110438610353534,""
297,"capped",TRUE,TRUE,28,28,1.39951399692098e-12,0.0105771343734742,""
298,"probability",TRUE,NA,NA,NA,NA,NA,""
298,"original",TRUE,TRUE,28,28,7.37387013215313e-13,0.0106813695353986,""
298,"capped",TRUE,TRUE,28,28,3.37752151570018e-13,0.0106425383857606,""
299,"probability",TRUE,NA,NA,NA,NA,NA,""
299,"original",TRUE,TRUE,28,28,6.72983079122783e-11,0.0119574055714891,""
299,"capped",TRUE,TRUE,28,28,2.05274908106133e-12,0.0115307840634228,""
300,"probability",TRUE,NA,NA,NA,NA,NA,""
300,"original",TRUE,TRUE,28,28,1.12527887500482e-11,0.011053784235362,""
300,"capped",TRUE,TRUE,28,28,1.94784193606249e-12,0.0106866994280134,""
301,"probability",TRUE,NA,NA,NA,NA,NA,""
301,"original",TRUE,TRUE,28,28,1.33169054224961e-12,0.0116974201574325,""
301,"capped",TRUE,TRUE,28,28,7.20430716498986e-13,0.0115310226678391,""
302,"probability",TRUE,NA,NA,NA,NA,NA,""
302,"original",TRUE,TRUE,28,28,8.69668711168692e-12,0.0125306409450581,""
302,"capped",TRUE,TRUE,28,28,2.32923233754133e-12,0.0122456455161382,""
303,"probability",TRUE,NA,NA,NA,NA,NA,""
303,"original",TRUE,TRUE,28,28,2.2650958977717e-12,0.0120524982503904,""
303,"capped",TRUE,TRUE,28,28,4.03633063991791e-13,0.0119630999704555,""
304,"probability",TRUE,NA,NA,NA,NA,NA,""
304,"original",TRUE,TRUE,28,28,1.40449886871702e-11,0.0128793162858181,""
304,"capped",TRUE,TRUE,28,28,2.83537163561521e-12,0.0125777962464304,""
305,"probability",TRUE,NA,NA,NA,NA,NA,""
305,"original",TRUE,TRUE,28,28,2.56112199851157e-11,0.0124559517537829,""
305,"capped",TRUE,TRUE,28,28,1.97482431947436e-12,0.0121122393999088,""
306,"probability",TRUE,NA,NA,NA,NA,NA,""
306,"original",TRUE,TRUE,28,28,2.13782270620269e-11,0.0123547363219475,""
306,"capped",TRUE,TRUE,28,28,5.85314997020009e-13,0.0118383327546239,""
307,"probability",TRUE,NA,NA,NA,NA,NA,""
307,"original",TRUE,TRUE,28,28,1.69852960617491e-11,0.0122254278064533,""
307,"capped",TRUE,TRUE,28,28,6.97551656395976e-13,0.0118618681817164,""
308,"probability",TRUE,NA,NA,NA,NA,NA,""
308,"original",TRUE,TRUE,28,28,5.30286487486598e-13,0.0109360759179638,""
308,"capped",TRUE,TRUE,28,28,1.02667335277484e-12,0.0108588179233519,""
309,"probability",TRUE,NA,NA,NA,NA,NA,""
309,"original",TRUE,TRUE,28,28,7.07869352120564e-11,0.0126197539211244,""
309,"capped",TRUE,TRUE,28,28,9.2134313969414e-13,0.012235838048046,""
310,"probability",TRUE,NA,NA,NA,NA,NA,""
310,"original",TRUE,TRUE,28,28,1.37770365631162e-12,0.0124633975264119,""
310,"capped",TRUE,TRUE,28,28,2.45816601292767e-12,0.0122432270814779,""
311,"probability",TRUE,NA,NA,NA,NA,NA,""
311,"original",TRUE,TRUE,28,28,1.26899389272545e-11,0.013167092668758,""
311,"capped",TRUE,TRUE,28,28,8.23664718805274e-13,0.0126768256197771,""
312,"probability",TRUE,NA,NA,NA,NA,NA,""
312,"original",TRUE,TRUE,28,28,9.02104545194024e-12,0.0119951167758567,""
312,"capped",TRUE,TRUE,28,28,2.27904548735692e-13,0.01161540460474,""
313,"probability",TRUE,NA,NA,NA,NA,NA,""
313,"original",TRUE,TRUE,28,28,9.01300986472991e-16,0.0123446330973409,""
313,"capped",TRUE,TRUE,28,28,1.82114237035512e-12,0.0117351936201111,""
314,"probability",TRUE,NA,NA,NA,NA,NA,""
314,"original",TRUE,TRUE,28,28,9.99327726117822e-13,0.0106116509146954,""
314,"capped",TRUE,TRUE,28,28,1.15404546913931e-12,0.0105541438473356,""
315,"probability",TRUE,NA,NA,NA,NA,NA,""
315,"original",TRUE,TRUE,28,28,6.29120756300047e-12,0.011745399593656,""
315,"capped",TRUE,TRUE,28,28,9.06376637614891e-13,0.0113567775532477,""
316,"probability",TRUE,NA,NA,NA,NA,NA,""
316,"original",TRUE,TRUE,28,28,1.42675496943425e-12,0.0121174807634306,""
316,"capped",TRUE,TRUE,28,28,1.12538221365817e-12,0.0120131405030644,""
317,"probability",TRUE,NA,NA,NA,NA,NA,""
317,"original",TRUE,TRUE,28,28,7.78527585050015e-11,0.0125352840442022,""
317,"capped",TRUE,TRUE,28,28,1.75435850383229e-12,0.0121693270231941,""
318,"probability",TRUE,NA,NA,NA,NA,NA,""
318,"original",TRUE,TRUE,28,28,1.76518885673111e-11,0.0127804158334789,""
318,"capped",TRUE,TRUE,28,28,7.08572719631846e-13,0.0122545681091274,""
319,"probability",TRUE,NA,NA,NA,NA,NA,""
319,"original",TRUE,TRUE,28,28,1.77989473733099e-11,0.0123627511919061,""
319,"capped",TRUE,TRUE,28,28,4.30203374170824e-13,0.0119094560766947,""
320,"probability",TRUE,NA,NA,NA,NA,NA,""
320,"original",TRUE,TRUE,28,28,6.30838329701474e-11,0.012017966654643,""
320,"capped",TRUE,TRUE,28,28,4.75214279759463e-13,0.0114097162107738,""
321,"probability",TRUE,NA,NA,NA,NA,NA,""
321,"original",TRUE,TRUE,28,28,8.35448580469051e-16,0.0130456792702777,""
321,"capped",TRUE,TRUE,28,28,1.07530621318803e-12,0.012397610682956,""
322,"probability",TRUE,NA,NA,NA,NA,NA,""
322,"original",TRUE,TRUE,28,28,1.80138182786094e-11,0.0131930524668253,""
322,"capped",TRUE,TRUE,28,28,3.27054980343697e-13,0.0127405629269902,""
323,"probability",TRUE,NA,NA,NA,NA,NA,""
323,"original",TRUE,TRUE,28,28,3.55252060830866e-12,0.0120433347769487,""
323,"capped",TRUE,TRUE,28,28,2.97227031991786e-13,0.0121585120730242,""
324,"probability",TRUE,NA,NA,NA,NA,NA,""
324,"original",TRUE,TRUE,28,28,4.05710414646901e-11,0.0130879931319864,""
324,"capped",TRUE,TRUE,28,28,1.05323566625675e-12,0.0125698551275883,""
325,"probability",TRUE,NA,NA,NA,NA,NA,""
325,"original",TRUE,TRUE,28,28,5.64555451361865e-12,0.0121778306539289,""
325,"capped",TRUE,TRUE,28,28,7.84457477683006e-14,0.0116554042261294,""
326,"probability",TRUE,NA,NA,NA,NA,NA,""
326,"original",TRUE,TRUE,28,28,1.15028815589525e-11,0.0126313987295461,""
326,"capped",TRUE,TRUE,28,28,5.65892824213647e-13,0.0122634376510249,""
327,"probability",TRUE,NA,NA,NA,NA,NA,""
327,"original",TRUE,TRUE,28,28,4.85979217294609e-16,0.0115033068736652,""
327,"capped",TRUE,TRUE,28,28,8.98375780159971e-13,0.010923788250608,""
328,"probability",TRUE,NA,NA,NA,NA,NA,""
328,"original",TRUE,TRUE,28,28,6.82825006657146e-12,0.0118581400861506,""
328,"capped",TRUE,TRUE,28,28,1.64850385024046e-12,0.0116576139767621,""
329,"probability",TRUE,NA,NA,NA,NA,NA,""
329,"original",TRUE,TRUE,28,28,1.54458669948587e-12,0.0120864356805451,""
329,"capped",TRUE,TRUE,28,28,2.70961181040971e-12,0.0120817556683292,""
330,"probability",TRUE,NA,NA,NA,NA,NA,""
330,"original",TRUE,TRUE,28,28,1.24797808545978e-11,0.0116957503765526,""
330,"capped",TRUE,TRUE,28,28,2.75571182548061e-12,0.0114876221434185,""
331,"probability",TRUE,NA,NA,NA,NA,NA,""
331,"original",TRUE,TRUE,28,28,1.11437467829933e-12,0.0118926744715446,""
331,"capped",TRUE,TRUE,28,28,9.74677569850925e-13,0.0118095070659062,""
332,"probability",TRUE,NA,NA,NA,NA,NA,""
332,"original",TRUE,TRUE,28,28,1.99761795454396e-11,0.0117283974907712,""
332,"capped",TRUE,TRUE,28,28,1.88187042702059e-13,0.0112967650918746,""
333,"probability",TRUE,NA,NA,NA,NA,NA,""
333,"original",TRUE,TRUE,28,28,9.08879394742403e-16,0.0122060361244564,""
333,"capped",TRUE,TRUE,28,28,1.43789607978467e-12,0.0117725674663312,""
334,"probability",TRUE,NA,NA,NA,NA,NA,""
334,"original",TRUE,TRUE,28,28,1.07483155513686e-15,0.01283661229747,""
334,"capped",TRUE,TRUE,28,28,4.28395526295529e-13,0.0123792118926358,""
335,"probability",TRUE,NA,NA,NA,NA,NA,""
335,"original",TRUE,TRUE,28,28,4.85301249668441e-12,0.0119781648052879,""
335,"capped",TRUE,TRUE,28,28,4.70363230472385e-13,0.0116174275288249,""
336,"probability",TRUE,NA,NA,NA,NA,NA,""
336,"original",TRUE,TRUE,28,28,9.31190012244053e-12,0.0115584525529541,""
336,"capped",TRUE,TRUE,28,28,5.78943538464582e-13,0.0110402155265573,""
337,"probability",TRUE,NA,NA,NA,NA,NA,""
337,"original",TRUE,TRUE,28,28,4.85369905596254e-12,0.0105373373015371,""
337,"capped",TRUE,TRUE,28,28,2.69746348297372e-12,0.0104717596806777,""
338,"probability",TRUE,NA,NA,NA,NA,NA,""
338,"original",TRUE,TRUE,28,28,2.77312819208129e-12,0.0128051836105342,""
338,"capped",TRUE,TRUE,28,28,9.12576146670119e-13,0.0127086312775935,""
339,"probability",TRUE,NA,NA,NA,NA,NA,""
339,"original",TRUE,TRUE,28,28,4.84112183778249e-11,0.0123407104092453,""
339,"capped",TRUE,TRUE,28,28,1.62488442737222e-12,0.0118202135099287,""
340,"probability",TRUE,NA,NA,NA,NA,NA,""
340,"original",TRUE,TRUE,28,28,1.70926519050915e-11,0.012655833865812,""
340,"capped",TRUE,TRUE,28,28,3.04000002594371e-12,0.0123865190290872,""
341,"probability",TRUE,NA,NA,NA,NA,NA,""
341,"original",TRUE,TRUE,28,28,8.79550249484415e-12,0.011694408580929,""
341,"capped",TRUE,TRUE,28,28,2.0739266267221e-12,0.0113018780237543,""
342,"probability",TRUE,NA,NA,NA,NA,NA,""
342,"original",TRUE,TRUE,28,28,6.46083550133537e-12,0.0121081153200558,""
342,"capped",TRUE,TRUE,28,28,3.44987789756721e-13,0.0117224145443803,""
343,"probability",TRUE,NA,NA,NA,NA,NA,""
343,"original",TRUE,TRUE,28,28,4.82974379632887e-12,0.0130396499924894,""
343,"capped",TRUE,TRUE,28,28,1.12165768003138e-12,0.0126216764618836,""
344,"probability",TRUE,NA,NA,NA,NA,NA,""
344,"original",TRUE,TRUE,28,28,7.48302814854511e-13,0.0113137694129573,""
344,"capped",TRUE,TRUE,28,28,1.86773613639256e-13,0.0112093618677666,""
345,"probability",TRUE,NA,NA,NA,NA,NA,""
345,"original",TRUE,TRUE,28,28,1.44401969395955e-11,0.0125762511981951,""
345,"capped",TRUE,TRUE,28,28,2.76447974135412e-12,0.0120057193017393,""
346,"probability",TRUE,NA,NA,NA,NA,NA,""
346,"original",TRUE,TRUE,28,28,2.59087708833447e-12,0.0120005777189398,""
346,"capped",TRUE,TRUE,28,28,8.7674808879738e-13,0.0120577734571087,""
347,"probability",TRUE,NA,NA,NA,NA,NA,""
347,"original",TRUE,TRUE,28,28,1.82162336935812e-11,0.0118251973065775,""
347,"capped",TRUE,TRUE,28,28,1.09321312826032e-12,0.0114135215699506,""
348,"probability",TRUE,NA,NA,NA,NA,NA,""
348,"original",TRUE,TRUE,28,28,7.76129594414115e-12,0.0114941110383234,""
348,"capped",TRUE,TRUE,28,28,2.49414173107316e-12,0.0112471896988995,""
349,"probability",TRUE,NA,NA,NA,NA,NA,""
349,"original",TRUE,TRUE,28,28,1.51678968312292e-11,0.0119841448991408,""
349,"capped",TRUE,TRUE,28,28,5.31343984122129e-13,0.0114216231938708,""
350,"probability",TRUE,NA,NA,NA,NA,NA,""
350,"original",TRUE,TRUE,28,28,1.08903674852518e-11,0.0122845423206112,""
350,"capped",TRUE,TRUE,28,28,5.57882283260647e-13,0.0120787182670871,""
351,"probability",TRUE,NA,NA,NA,NA,NA,""
351,"original",TRUE,TRUE,28,28,3.86382347962196e-12,0.0121550813158082,""
351,"capped",TRUE,TRUE,28,28,5.08301630541453e-12,0.0121055403108085,""
352,"probability",TRUE,NA,NA,NA,NA,NA,""
352,"original",TRUE,TRUE,28,28,7.67936970855114e-12,0.0120300102739205,""
352,"capped",TRUE,TRUE,28,28,1.8730907092142e-13,0.0116040890954717,""
353,"probability",TRUE,NA,NA,NA,NA,NA,""
353,"original",TRUE,TRUE,28,28,3.83104966085864e-12,0.0116717840768843,""
353,"capped",TRUE,TRUE,28,28,5.1627054776134e-13,0.0116615746262318,""
354,"probability",TRUE,NA,NA,NA,NA,NA,""
354,"original",TRUE,TRUE,28,28,3.16542715413836e-12,0.0127911135023669,""
354,"capped",TRUE,TRUE,28,28,1.72892107508059e-12,0.0127736806840515,""
355,"probability",TRUE,NA,NA,NA,NA,NA,""
355,"original",TRUE,TRUE,28,28,5.1257079828633e-12,0.0114680776695812,""
355,"capped",TRUE,TRUE,28,28,3.32718548928809e-12,0.0110430140500004,""
356,"probability",TRUE,NA,NA,NA,NA,NA,""
356,"original",TRUE,TRUE,28,28,1.20236577568767e-11,0.0127306451807926,""
356,"capped",TRUE,TRUE,28,28,2.04082628061056e-13,0.0122867075820114,""
357,"probability",TRUE,NA,NA,NA,NA,NA,""
357,"original",TRUE,TRUE,28,28,3.71950029381313e-12,0.0121031532472088,""
357,"capped",TRUE,TRUE,28,28,9.5844917670452e-13,0.012004961913446,""
358,"probability",TRUE,NA,NA,NA,NA,NA,""
358,"original",TRUE,TRUE,28,28,6.55732811291886e-11,0.0128010070984599,""
358,"capped",TRUE,TRUE,28,28,2.34511355020006e-12,0.0124132856671,""
359,"probability",TRUE,NA,NA,NA,NA,NA,""
359,"original",TRUE,TRUE,28,28,1.38456846224117e-11,0.0124869446551812,""
359,"capped",TRUE,TRUE,28,28,2.77186292795507e-12,0.0121156225070274,""
360,"probability",TRUE,NA,NA,NA,NA,NA,""
360,"original",TRUE,TRUE,28,28,1.25219710606699e-11,0.0116224656640445,""
360,"capped",TRUE,TRUE,28,28,1.27376231251282e-12,0.0112266540078556,""
361,"probability",TRUE,NA,NA,NA,NA,NA,""
361,"original",TRUE,TRUE,28,28,1.0497408259151e-12,0.0123310457486402,""
361,"capped",TRUE,TRUE,28,28,1.16374626515977e-12,0.012272779823551,""
362,"probability",TRUE,NA,NA,NA,NA,NA,""
362,"original",TRUE,TRUE,28,28,4.51257050590802e-13,0.012158612757972,""
362,"capped",TRUE,TRUE,28,28,1.82389172842277e-12,0.0120064959396426,""
363,"probability",TRUE,NA,NA,NA,NA,NA,""
363,"original",TRUE,TRUE,28,28,5.79016684383076e-16,0.0124958268907125,""
363,"capped",TRUE,TRUE,28,28,1.45888969496039e-12,0.0119218903013523,""
364,"probability",TRUE,NA,NA,NA,NA,NA,""
364,"original",TRUE,TRUE,28,28,2.01948669274469e-12,0.0113510468798066,""
364,"capped",TRUE,TRUE,28,28,2.3002644751264e-12,0.0113455856756586,""
365,"probability",TRUE,NA,NA,NA,NA,NA,""
365,"original",TRUE,TRUE,28,28,2.2133403698337e-12,0.012381119771597,""
365,"capped",TRUE,TRUE,28,28,1.20002992678918e-12,0.0123660800611621,""
366,"probability",TRUE,NA,NA,NA,NA,NA,""
366,"original",TRUE,TRUE,28,28,3.03909060721601e-12,0.0121090416428287,""
366,"capped",TRUE,TRUE,28,28,2.16740139403025e-12,0.0119312926772932,""
367,"probability",TRUE,NA,NA,NA,NA,NA,""
367,"original",TRUE,TRUE,28,28,3.22371403615703e-13,0.0112819888914088,""
367,"capped",TRUE,TRUE,28,28,8.67118730607487e-13,0.0112227811988938,""
368,"probability",TRUE,NA,NA,NA,NA,NA,""
368,"original",TRUE,TRUE,28,28,1.42001076534336e-12,0.011003883682372,""
368,"capped",TRUE,TRUE,28,28,3.40871868247422e-13,0.0109695714757219,""
369,"probability",TRUE,NA,NA,NA,NA,NA,""
369,"original",TRUE,TRUE,28,28,1.05503988506263e-15,0.0126922293432646,""
369,"capped",TRUE,TRUE,28,28,1.10785431730164e-12,0.0121243714484875,""
370,"probability",TRUE,NA,NA,NA,NA,NA,""
370,"original",TRUE,TRUE,28,28,7.01097290802854e-16,0.0129901649541326,""
370,"capped",TRUE,TRUE,28,28,1.15671747076963e-12,0.0126922930126703,""
371,"probability",TRUE,NA,NA,NA,NA,NA,""
371,"original",TRUE,TRUE,28,28,7.9326488988346e-13,0.0118255890446507,""
371,"capped",TRUE,TRUE,28,28,6.82289281930048e-13,0.0116915262203163,""
372,"probability",TRUE,NA,NA,NA,NA,NA,""
372,"original",TRUE,TRUE,28,28,3.3322421620835e-12,0.0126150257879552,""
372,"capped",TRUE,TRUE,28,28,2.27501145926361e-12,0.0124691622290734,""
373,"probability",TRUE,NA,NA,NA,NA,NA,""
373,"original",TRUE,TRUE,28,28,8.11734876315499e-16,0.0123228483088895,""
373,"capped",TRUE,TRUE,28,28,1.62197002586422e-12,0.0117025677456792,""
374,"probability",TRUE,NA,NA,NA,NA,NA,""
374,"original",TRUE,TRUE,28,28,4.65604651792949e-12,0.0121522110243848,""
374,"capped",TRUE,TRUE,28,28,1.98015785256656e-12,0.012136707149285,""
375,"probability",TRUE,NA,NA,NA,NA,NA,""
375,"original",TRUE,TRUE,28,28,7.50531842964784e-16,0.0118011090393913,""
375,"capped",TRUE,TRUE,28,28,2.06867333396808e-12,0.0112658668811564,""
376,"probability",TRUE,NA,NA,NA,NA,NA,""
376,"original",TRUE,TRUE,28,28,3.81658307345288e-12,0.0117306060117205,""
376,"capped",TRUE,TRUE,28,28,5.88959844035442e-13,0.0112338655276498,""
377,"probability",TRUE,NA,NA,NA,NA,NA,""
377,"original",TRUE,TRUE,28,28,9.58775601978774e-13,0.0110833399087623,""
377,"capped",TRUE,TRUE,28,28,2.11578778347187e-13,0.0109900191593563,""
378,"probability",TRUE,NA,NA,NA,NA,NA,""
378,"original",TRUE,TRUE,28,28,2.09093026160428e-11,0.0135016124173701,""
378,"capped",TRUE,TRUE,28,28,4.91154003706686e-13,0.0129431752488307,""
379,"probability",TRUE,NA,NA,NA,NA,NA,""
379,"original",TRUE,TRUE,28,28,3.32204996977011e-12,0.0117009346649384,""
379,"capped",TRUE,TRUE,28,28,7.04501268889304e-13,0.011536653973922,""
380,"probability",TRUE,NA,NA,NA,NA,NA,""
380,"original",TRUE,TRUE,28,28,7.21654541357735e-11,0.0123842771925227,""
380,"capped",TRUE,TRUE,28,28,2.64121902900391e-12,0.011852953853962,""
381,"probability",TRUE,NA,NA,NA,NA,NA,""
381,"original",TRUE,TRUE,28,28,1.15523758524966e-11,0.0119989590473969,""
381,"capped",TRUE,TRUE,28,28,5.10249435233651e-13,0.0116469795532267,""
382,"probability",TRUE,NA,NA,NA,NA,NA,""
382,"original",TRUE,TRUE,28,28,1.51853599020176e-11,0.0112485248553203,""
382,"capped",TRUE,TRUE,28,28,5.09189592383617e-13,0.0108842214087871,""
383,"probability",TRUE,NA,NA,NA,NA,NA,""
383,"original",TRUE,TRUE,28,28,5.82719464487605e-12,0.0128210497083592,""
383,"capped",TRUE,TRUE,28,28,3.41190221250998e-12,0.0125543949803792,""
384,"probability",TRUE,NA,NA,NA,NA,NA,""
384,"original",TRUE,TRUE,28,28,5.81666651730294e-12,0.0117065122479441,""
384,"capped",TRUE,TRUE,28,28,1.45210370560877e-12,0.0116026771636111,""
385,"probability",TRUE,NA,NA,NA,NA,NA,""
385,"original",TRUE,TRUE,28,28,2.07060472504028e-11,0.0133066251857621,""
385,"capped",TRUE,TRUE,28,28,1.62938631388038e-12,0.0130071742062018,""
386,"probability",TRUE,NA,NA,NA,NA,NA,""
386,"original",TRUE,TRUE,28,28,3.48565457506155e-11,0.012067591792505,""
386,"capped",TRUE,TRUE,28,28,3.93492414497227e-13,0.0115384440718514,""
387,"probability",TRUE,NA,NA,NA,NA,NA,""
387,"original",TRUE,TRUE,28,28,8.31791153288308e-11,0.0127144318944406,""
387,"capped",TRUE,TRUE,28,28,2.3270894169713e-12,0.0122877637829125,""
388,"probability",TRUE,NA,NA,NA,NA,NA,""
388,"original",TRUE,TRUE,28,28,9.22465599890924e-12,0.0122887200955353,""
388,"capped",TRUE,TRUE,28,28,5.95113208402188e-13,0.011793174662382,""
389,"probability",TRUE,NA,NA,NA,NA,NA,""
389,"original",TRUE,TRUE,28,28,2.51716818545068e-13,0.0115933799037137,""
389,"capped",TRUE,TRUE,28,28,1.19228316439323e-12,0.0115879236166307,""
390,"probability",TRUE,NA,NA,NA,NA,NA,""
390,"original",TRUE,TRUE,28,28,6.20042295111705e-13,0.0112672094076065,""
390,"capped",TRUE,TRUE,28,28,4.98387901969075e-13,0.0112200302213627,""
391,"probability",TRUE,NA,NA,NA,NA,NA,""
391,"original",TRUE,TRUE,28,28,1.45342893552038e-11,0.0129068157949952,""
391,"capped",TRUE,TRUE,28,28,3.05877511530039e-12,0.0126274038310887,""
392,"probability",TRUE,NA,NA,NA,NA,NA,""
392,"original",TRUE,TRUE,28,28,1.40605865616651e-11,0.012330832270812,""
392,"capped",TRUE,TRUE,28,28,6.61082642557006e-13,0.0120604713255637,""
393,"probability",TRUE,NA,NA,NA,NA,NA,""
393,"original",TRUE,TRUE,28,28,8.5753499873999e-12,0.0127772088506547,""
393,"capped",TRUE,TRUE,28,28,2.63361050483041e-13,0.0123447243672172,""
394,"probability",TRUE,NA,NA,NA,NA,NA,""
394,"original",TRUE,TRUE,28,28,1.28564698016417e-11,0.0115592273166252,""
394,"capped",TRUE,TRUE,28,28,4.62025914020729e-13,0.0113434341366107,""
395,"probability",TRUE,NA,NA,NA,NA,NA,""
395,"original",TRUE,TRUE,28,28,4.80772545663285e-12,0.0120415023567065,""
395,"capped",TRUE,TRUE,28,28,1.97902472610665e-12,0.0120576494717843,""
396,"probability",TRUE,NA,NA,NA,NA,NA,""
396,"original",TRUE,TRUE,28,28,1.15650006990039e-11,0.0118509060373224,""
396,"capped",TRUE,TRUE,28,28,2.57847571582355e-12,0.0115691865451984,""
397,"probability",TRUE,NA,NA,NA,NA,NA,""
397,"original",TRUE,TRUE,28,28,1.21977392551483e-11,0.0124115838574972,""
397,"capped",TRUE,TRUE,28,28,1.50661982792203e-12,0.0120558833429234,""
398,"probability",TRUE,NA,NA,NA,NA,NA,""
398,"original",TRUE,TRUE,28,28,1.11851426126429e-11,0.0126634501997182,""
398,"capped",TRUE,TRUE,28,28,2.82068278466292e-12,0.0123313921280465,""
399,"probability",TRUE,NA,NA,NA,NA,NA,""
399,"original",TRUE,TRUE,28,28,4.52018752063179e-12,0.0131223491846752,""
399,"capped",TRUE,TRUE,28,28,4.94448417617088e-12,0.0130995385902076,""
400,"probability",TRUE,NA,NA,NA,NA,NA,""
400,"original",TRUE,TRUE,28,28,2.56039273560351e-11,0.0128928324651818,""
400,"capped",TRUE,TRUE,28,28,1.35851469879614e-12,0.0123545925216696,""
401,"probability",TRUE,NA,NA,NA,NA,NA,""
401,"original",TRUE,TRUE,28,28,9.1850145679016e-12,0.0110444520899635,""
401,"capped",TRUE,TRUE,28,28,1.51471363434136e-12,0.0107448411723876,""
402,"probability",TRUE,NA,NA,NA,NA,NA,""
402,"original",TRUE,TRUE,28,28,4.68360463505369e-16,0.0127574438023574,""
402,"capped",TRUE,TRUE,28,28,2.59884591790274e-12,0.0122922351520566,""
403,"probability",TRUE,NA,NA,NA,NA,NA,""
403,"original",TRUE,TRUE,28,28,8.62560889904445e-13,0.0126665978357762,""
403,"capped",TRUE,TRUE,28,28,1.07809581218821e-12,0.0127109209448791,""
404,"probability",TRUE,NA,NA,NA,NA,NA,""
404,"original",TRUE,TRUE,28,28,8.72866170285129e-13,0.0117334685941229,""
404,"capped",TRUE,TRUE,28,28,2.92021088746532e-13,0.011639908784462,""
405,"probability",TRUE,NA,NA,NA,NA,NA,""
405,"original",TRUE,TRUE,28,28,9.58051277769596e-12,0.0126522480486585,""
405,"capped",TRUE,TRUE,28,28,1.06817997219912e-12,0.0122543190912323,""
406,"probability",TRUE,NA,NA,NA,NA,NA,""
406,"original",TRUE,TRUE,28,28,7.82373235098858e-13,0.0110163232624539,""
406,"capped",TRUE,TRUE,28,28,2.25287239205299e-13,0.0109408923673384,""
407,"probability",TRUE,NA,NA,NA,NA,NA,""
407,"original",TRUE,TRUE,28,28,9.03556988630255e-12,0.0124204325510017,""
407,"capped",TRUE,TRUE,28,28,3.35251214958337e-12,0.0119495387802341,""
408,"probability",TRUE,NA,NA,NA,NA,NA,""
408,"original",TRUE,TRUE,28,28,2.58348758053309e-11,0.0130006384737572,""
408,"capped",TRUE,TRUE,28,28,4.84016826637502e-12,0.0126093872640235,""
409,"probability",TRUE,NA,NA,NA,NA,NA,""
409,"original",TRUE,TRUE,28,28,1.09956148972357e-12,0.0116907919045762,""
409,"capped",TRUE,TRUE,28,28,1.12134487687357e-12,0.0116722338311652,""
410,"probability",TRUE,NA,NA,NA,NA,NA,""
410,"original",TRUE,TRUE,28,28,7.72656121285863e-13,0.011680731947226,""
410,"capped",TRUE,TRUE,28,28,1.07181382325759e-12,0.0114394831343151,""
411,"probability",TRUE,NA,NA,NA,NA,NA,""
411,"original",TRUE,TRUE,28,28,1.93818188826299e-11,0.0120441661193151,""
411,"capped",TRUE,TRUE,28,28,1.23496166411638e-12,0.0118194843827325,""
412,"probability",TRUE,NA,NA,NA,NA,NA,""
412,"original",TRUE,TRUE,28,28,7.84878138577811e-13,0.0112184403302196,""
412,"capped",TRUE,TRUE,28,28,2.37207639830693e-13,0.011135022037286,""
413,"probability",TRUE,NA,NA,NA,NA,NA,""
413,"original",TRUE,TRUE,28,28,8.75622907704616e-12,0.0127277530499859,""
413,"capped",TRUE,TRUE,28,28,2.44466368207488e-12,0.0122893868498494,""
414,"probability",TRUE,NA,NA,NA,NA,NA,""
414,"original",TRUE,TRUE,28,28,1.13594515549833e-12,0.0120110322233893,""
414,"capped",TRUE,TRUE,28,28,6.79099796190272e-13,0.012022873007199,""
415,"probability",TRUE,NA,NA,NA,NA,NA,""
415,"original",TRUE,TRUE,28,28,1.32770092306593e-11,0.0118127148850988,""
415,"capped",TRUE,TRUE,28,28,3.24483144909218e-12,0.0113960640208343,""
416,"probability",TRUE,NA,NA,NA,NA,NA,""
416,"original",TRUE,TRUE,28,28,1.67640907626844e-11,0.0121952500458381,""
416,"capped",TRUE,TRUE,28,28,8.93882952898898e-13,0.0117225781084459,""
417,"probability",TRUE,NA,NA,NA,NA,NA,""
417,"original",TRUE,TRUE,28,28,1.48187347356303e-11,0.0111135464287926,""
417,"capped",TRUE,TRUE,28,28,1.09125780418974e-12,0.0107460963975651,""
418,"probability",TRUE,NA,NA,NA,NA,NA,""
418,"original",TRUE,TRUE,28,28,1.92120089056675e-12,0.0114147836016729,""
418,"capped",TRUE,TRUE,28,28,1.59967850523947e-13,0.0113256680411067,""
419,"probability",TRUE,NA,NA,NA,NA,NA,""
419,"original",TRUE,TRUE,28,28,1.74673897104107e-12,0.0109860712507332,""
419,"capped",TRUE,TRUE,28,28,4.07963771166226e-13,0.0108412841267145,""
420,"probability",TRUE,NA,NA,NA,NA,NA,""
420,"original",TRUE,TRUE,28,28,3.27860196460545e-11,0.0107825408359767,""
420,"capped",TRUE,TRUE,28,28,1.18633844824367e-12,0.0103400195657485,""
421,"probability",TRUE,NA,NA,NA,NA,NA,""
421,"original",TRUE,TRUE,28,28,1.13436407964544e-12,0.0119582459096325,""
421,"capped",TRUE,TRUE,28,28,2.87795127991242e-12,0.0118269888258665,""
422,"probability",TRUE,NA,NA,NA,NA,NA,""
422,"original",TRUE,TRUE,28,28,6.18535451925635e-12,0.0125891413979657,""
422,"capped",TRUE,TRUE,28,28,3.95915561678214e-13,0.0124578600722282,""
423,"probability",TRUE,NA,NA,NA,NA,NA,""
423,"original",TRUE,TRUE,28,28,1.29469041444202e-12,0.011438988723364,""
423,"capped",TRUE,TRUE,28,28,1.20299722837021e-13,0.0114557735985019,""
424,"probability",TRUE,NA,NA,NA,NA,NA,""
424,"original",TRUE,TRUE,28,28,1.13209336521719e-11,0.0114915160444642,""
424,"capped",TRUE,TRUE,28,28,1.11799340531201e-12,0.0111291244060068,""
425,"probability",TRUE,NA,NA,NA,NA,NA,""
425,"original",TRUE,TRUE,28,28,1.30270189395567e-11,0.012796418451873,""
425,"capped",TRUE,TRUE,28,28,1.74468158709102e-12,0.0123325593263577,""
426,"probability",TRUE,NA,NA,NA,NA,NA,""
426,"original",TRUE,TRUE,28,28,1.49965901990018e-11,0.012487844455897,""
426,"capped",TRUE,TRUE,28,28,1.83992176736868e-12,0.0120853531783543,""
427,"probability",TRUE,NA,NA,NA,NA,NA,""
427,"original",TRUE,TRUE,28,28,1.76897041688224e-11,0.0127862360952303,""
427,"capped",TRUE,TRUE,28,28,2.5983944201742e-13,0.0124108008436535,""
428,"probability",TRUE,NA,NA,NA,NA,NA,""
428,"original",TRUE,TRUE,28,28,9.53417371009321e-11,0.0122606233883548,""
428,"capped",TRUE,TRUE,28,28,3.44340055074854e-12,0.0119207882256605,""
429,"probability",TRUE,NA,NA,NA,NA,NA,""
429,"original",TRUE,TRUE,28,28,9.3538463251766e-12,0.011790137758352,""
429,"capped",TRUE,TRUE,28,28,2.34935489865725e-12,0.0115621218931081,""
430,"probability",TRUE,NA,NA,NA,NA,NA,""
430,"original",TRUE,TRUE,28,28,1.19053301573233e-11,0.0117051751149453,""
430,"capped",TRUE,TRUE,28,28,5.07823256607791e-13,0.0111817556056036,""
431,"probability",TRUE,NA,NA,NA,NA,NA,""
431,"original",TRUE,TRUE,28,28,5.53845502404522e-11,0.0125946630236731,""
431,"capped",TRUE,TRUE,28,28,1.70691488473528e-12,0.0120874672904943,""
432,"probability",TRUE,NA,NA,NA,NA,NA,""
432,"original",TRUE,TRUE,28,28,8.08776562905185e-12,0.0110034436823495,""
432,"capped",TRUE,TRUE,28,28,1.00607187073781e-12,0.0106850345472892,""
433,"probability",TRUE,NA,NA,NA,NA,NA,""
433,"original",TRUE,TRUE,28,28,6.62512478026872e-12,0.0122205079445898,""
433,"capped",TRUE,TRUE,28,28,1.4245005206151e-12,0.0118909088716807,""
434,"probability",TRUE,NA,NA,NA,NA,NA,""
434,"original",TRUE,TRUE,28,28,4.47580477223098e-16,0.0122185225518689,""
434,"capped",TRUE,TRUE,28,28,4.31104422185266e-13,0.0116785083499604,""
435,"probability",TRUE,NA,NA,NA,NA,NA,""
435,"original",TRUE,TRUE,28,28,6.91718774428805e-11,0.0126459739736355,""
435,"capped",TRUE,TRUE,28,28,1.26858258324905e-12,0.0118123597525065,""
436,"probability",TRUE,NA,NA,NA,NA,NA,""
436,"original",TRUE,TRUE,28,28,7.08995739573129e-12,0.0108641838149011,""
436,"capped",TRUE,TRUE,28,28,5.36981043037746e-13,0.0105090673745642,""
437,"probability",TRUE,NA,NA,NA,NA,NA,""
437,"original",TRUE,TRUE,28,28,1.71220710617699e-12,0.0112832743995077,""
437,"capped",TRUE,TRUE,28,28,4.50470572524809e-13,0.0112492178056693,""
438,"probability",TRUE,NA,NA,NA,NA,NA,""
438,"original",TRUE,TRUE,28,28,8.97727896853673e-13,0.0112831770830784,""
438,"capped",TRUE,TRUE,28,28,2.1077491904977e-13,0.0111850240514396,""
439,"probability",TRUE,NA,NA,NA,NA,NA,""
439,"original",TRUE,TRUE,28,28,1.01935441036013e-12,0.0120086108586077,""
439,"capped",TRUE,TRUE,28,28,4.98252235909272e-13,0.0118487034410996,""
440,"probability",TRUE,NA,NA,NA,NA,NA,""
440,"original",TRUE,TRUE,28,28,2.40974544126275e-12,0.0114899885057022,""
440,"capped",TRUE,TRUE,28,28,2.67022456981678e-13,0.0114560224696967,""
441,"probability",TRUE,NA,NA,NA,NA,NA,""
441,"original",TRUE,TRUE,28,28,1.90823484877022e-12,0.0121785845786136,""
441,"capped",TRUE,TRUE,28,28,1.10538393928266e-12,0.0121223487819152,""
442,"probability",TRUE,NA,NA,NA,NA,NA,""
442,"original",TRUE,TRUE,28,28,2.69557375427541e-12,0.0113016888322745,""
442,"capped",TRUE,TRUE,28,28,4.18415513065229e-13,0.0111916636393028,""
443,"probability",TRUE,NA,NA,NA,NA,NA,""
443,"original",TRUE,TRUE,28,28,1.54008612440991e-11,0.0119226422852229,""
443,"capped",TRUE,TRUE,28,28,1.15221838423939e-13,0.0115739558294109,""
444,"probability",TRUE,NA,NA,NA,NA,NA,""
444,"original",TRUE,TRUE,28,28,1.10687695823948e-11,0.0120509950454843,""
444,"capped",TRUE,TRUE,28,28,4.02676578267833e-13,0.0116553972086264,""
445,"probability",TRUE,NA,NA,NA,NA,NA,""
445,"original",TRUE,TRUE,28,28,1.67941075047902e-11,0.0114599440842395,""
445,"capped",TRUE,TRUE,28,28,1.1599578686887e-12,0.011277737797452,""
446,"probability",TRUE,NA,NA,NA,NA,NA,""
446,"original",TRUE,TRUE,28,28,2.52330409760764e-12,0.0113129114546869,""
446,"capped",TRUE,TRUE,28,28,2.15584460852231e-13,0.0109756373864647,""
447,"probability",TRUE,NA,NA,NA,NA,NA,""
447,"original",TRUE,TRUE,28,28,1.76017295103454e-12,0.011726404904467,""
447,"capped",TRUE,TRUE,28,28,8.96141461870417e-13,0.0116421463345749,""
448,"probability",TRUE,NA,NA,NA,NA,NA,""
448,"original",TRUE,TRUE,28,28,8.40365895281962e-16,0.0117752154589644,""
448,"capped",TRUE,TRUE,28,28,3.16132300333119e-12,0.0113123658991346,""
449,"probability",TRUE,NA,NA,NA,NA,NA,""
449,"original",TRUE,TRUE,28,28,6.73118604687707e-11,0.0122365873910551,""
449,"capped",TRUE,TRUE,28,28,2.06189918463379e-13,0.0116438901971378,""
450,"probability",TRUE,NA,NA,NA,NA,NA,""
450,"original",TRUE,TRUE,28,28,2.43385735783852e-12,0.0123629293143391,""
450,"capped",TRUE,TRUE,28,28,4.97327917149917e-12,0.0121771850719371,""
451,"probability",TRUE,NA,NA,NA,NA,NA,""
451,"original",TRUE,TRUE,28,28,1.29528689402021e-15,0.0128728814020112,""
451,"capped",TRUE,TRUE,28,28,1.03040095929802e-11,0.0124167699901253,""
452,"probability",TRUE,NA,NA,NA,NA,NA,""
452,"original",TRUE,TRUE,28,28,7.48408686564671e-13,0.0124889362531682,""
452,"capped",TRUE,TRUE,28,28,1.76366573804032e-12,0.0124383013915505,""
453,"probability",TRUE,NA,NA,NA,NA,NA,""
453,"original",TRUE,TRUE,28,28,1.19186030117255e-11,0.0116925580060968,""
453,"capped",TRUE,TRUE,28,28,1.1285655631367e-12,0.0112730391014277,""
454,"probability",TRUE,NA,NA,NA,NA,NA,""
454,"original",TRUE,TRUE,28,28,1.66996797413535e-12,0.0113478670877892,""
454,"capped",TRUE,TRUE,28,28,1.27549138288882e-12,0.0113911077521078,""
455,"probability",TRUE,NA,NA,NA,NA,NA,""
455,"original",TRUE,TRUE,28,28,8.4663188342553e-12,0.0114271473736145,""
455,"capped",TRUE,TRUE,28,28,1.71251675163216e-12,0.0114198281550179,""
456,"probability",TRUE,NA,NA,NA,NA,NA,""
456,"original",TRUE,TRUE,28,28,4.57823927680477e-16,0.0127318283911547,""
456,"capped",TRUE,TRUE,28,28,8.63559093183659e-13,0.0122994887950465,""
457,"probability",TRUE,NA,NA,NA,NA,NA,""
457,"original",TRUE,TRUE,28,28,3.25855089170375e-16,0.0123123619873395,""
457,"capped",TRUE,TRUE,28,28,1.00772657524745e-12,0.011941819188648,""
458,"probability",TRUE,NA,NA,NA,NA,NA,""
458,"original",TRUE,TRUE,28,28,4.06527355308167e-12,0.012680684708473,""
458,"capped",TRUE,TRUE,28,28,3.05043419112628e-12,0.0124033899179095,""
459,"probability",TRUE,NA,NA,NA,NA,NA,""
459,"original",TRUE,TRUE,28,28,3.1333942776519e-12,0.0119976701345148,""
459,"capped",TRUE,TRUE,28,28,1.71853743218313e-13,0.0119886721455224,""
460,"probability",TRUE,NA,NA,NA,NA,NA,""
460,"original",TRUE,TRUE,28,28,1.09703330541044e-11,0.0115812509437355,""
460,"capped",TRUE,TRUE,28,28,3.85489684829043e-12,0.0112428071826436,""
461,"probability",TRUE,NA,NA,NA,NA,NA,""
461,"original",TRUE,TRUE,28,28,2.12239236871674e-12,0.0129044572942664,""
461,"capped",TRUE,TRUE,28,28,1.76134225995607e-12,0.0128425700522733,""
462,"probability",TRUE,NA,NA,NA,NA,NA,""
462,"original",TRUE,TRUE,28,28,2.76366592371852e-11,0.0125507444419366,""
462,"capped",TRUE,TRUE,28,28,3.97529848597535e-13,0.0121783058395026,""
463,"probability",TRUE,NA,NA,NA,NA,NA,""
463,"original",TRUE,TRUE,28,28,3.79524209082959e-11,0.0119020997022133,""
463,"capped",TRUE,TRUE,28,28,2.38373776538689e-12,0.011413666399069,""
464,"probability",TRUE,NA,NA,NA,NA,NA,""
464,"original",TRUE,TRUE,28,28,1.15111765043362e-11,0.0124501489728237,""
464,"capped",TRUE,TRUE,28,28,2.26517930715193e-13,0.0119773822984236,""
465,"probability",TRUE,NA,NA,NA,NA,NA,""
465,"original",TRUE,TRUE,28,28,1.0900025812308e-11,0.0123333926225938,""
465,"capped",TRUE,TRUE,28,28,3.55912338168833e-12,0.0120045543443102,""
466,"probability",TRUE,NA,NA,NA,NA,NA,""
466,"original",TRUE,TRUE,28,28,7.77277286242689e-12,0.0119929556217198,""
466,"capped",TRUE,TRUE,28,28,6.13041428041898e-13,0.0116535889477399,""
467,"probability",TRUE,NA,NA,NA,NA,NA,""
467,"original",TRUE,TRUE,28,28,1.14596516971531e-11,0.0117752152066733,""
467,"capped",TRUE,TRUE,28,28,1.20501966622548e-12,0.0113888364385241,""
468,"probability",TRUE,NA,NA,NA,NA,NA,""
468,"original",TRUE,TRUE,28,28,8.3562577257212e-12,0.0117894523382734,""
468,"capped",TRUE,TRUE,28,28,1.03412111459901e-12,0.0112398578883317,""
469,"probability",TRUE,NA,NA,NA,NA,NA,""
469,"original",TRUE,TRUE,28,28,1.87530782799408e-11,0.0120994182944206,""
469,"capped",TRUE,TRUE,28,28,1.6647321763558e-12,0.0118164859841708,""
470,"probability",TRUE,NA,NA,NA,NA,NA,""
470,"original",TRUE,TRUE,28,28,1.24232717451165e-15,0.0120173698927769,""
470,"capped",TRUE,TRUE,28,28,1.11938519927018e-12,0.011469894605377,""
471,"probability",TRUE,NA,NA,NA,NA,NA,""
471,"original",TRUE,TRUE,28,28,2.04094347547179e-11,0.0123944720901679,""
471,"capped",TRUE,TRUE,28,28,1.67554159260303e-12,0.0120651593862311,""
472,"probability",TRUE,NA,NA,NA,NA,NA,""
472,"original",TRUE,TRUE,28,28,6.94402267434526e-11,0.0117783445260306,""
472,"capped",TRUE,TRUE,28,28,4.48804014936397e-13,0.0114510418160597,""
473,"probability",TRUE,NA,NA,NA,NA,NA,""
473,"original",TRUE,TRUE,28,28,2.41499548121637e-11,0.0116119701440923,""
473,"capped",TRUE,TRUE,28,28,6.99974704237886e-13,0.0113179849654674,""
474,"probability",TRUE,NA,NA,NA,NA,NA,""
474,"original",TRUE,TRUE,28,28,2.95169196520566e-13,0.0112471199511065,""
474,"capped",TRUE,TRUE,28,28,8.27878899031536e-14,0.0111427615986551,""
475,"probability",TRUE,NA,NA,NA,NA,NA,""
475,"original",TRUE,TRUE,28,28,1.78658221666458e-11,0.0130774673874417,""
475,"capped",TRUE,TRUE,28,28,1.0316563732144e-12,0.0127516761913667,""
476,"probability",TRUE,NA,NA,NA,NA,NA,""
476,"original",TRUE,TRUE,28,28,1.18046385285335e-11,0.012232096148185,""
476,"capped",TRUE,TRUE,28,28,8.07860437226603e-13,0.0118886127458986,""
477,"probability",TRUE,NA,NA,NA,NA,NA,""
477,"original",TRUE,TRUE,28,28,1.24719791299669e-11,0.0114792024060411,""
477,"capped",TRUE,TRUE,28,28,1.71250116529862e-13,0.0109719547526783,""
478,"probability",TRUE,NA,NA,NA,NA,NA,""
478,"original",TRUE,TRUE,28,28,1.17417710771035e-11,0.0123856605803761,""
478,"capped",TRUE,TRUE,28,28,1.36194415741319e-12,0.0119890635527786,""
479,"probability",TRUE,NA,NA,NA,NA,NA,""
479,"original",TRUE,TRUE,28,28,8.51295561726251e-11,0.0117759056069065,""
479,"capped",TRUE,TRUE,28,28,7.24647675046876e-13,0.0112281044265239,""
480,"probability",TRUE,NA,NA,NA,NA,NA,""
480,"original",TRUE,TRUE,28,28,1.77544506343889e-11,0.0113143919376247,""
480,"capped",TRUE,TRUE,28,28,1.66547471271733e-13,0.0109092888332397,""
481,"probability",TRUE,NA,NA,NA,NA,NA,""
481,"original",TRUE,TRUE,28,28,1.73151800878838e-12,0.0115644269176125,""
481,"capped",TRUE,TRUE,28,28,2.07994807278635e-12,0.011570338901266,""
482,"probability",TRUE,NA,NA,NA,NA,NA,""
482,"original",TRUE,TRUE,28,28,3.25601483829302e-13,0.0112865911476213,""
482,"capped",TRUE,TRUE,28,28,1.33397431576338e-12,0.0112708078909616,""
483,"probability",TRUE,NA,NA,NA,NA,NA,""
483,"original",TRUE,TRUE,28,28,1.32334068350317e-11,0.0127646235950638,""
483,"capped",TRUE,TRUE,28,28,9.74224649345549e-13,0.0121204604593625,""
484,"probability",TRUE,NA,NA,NA,NA,NA,""
484,"original",TRUE,TRUE,28,28,2.23642836618976e-12,0.0122627129301722,""
484,"capped",TRUE,TRUE,28,28,2.61933377949886e-12,0.0121180593013874,""
485,"probability",TRUE,NA,NA,NA,NA,NA,""
485,"original",TRUE,TRUE,28,28,5.7498323079959e-11,0.0107771315622776,""
485,"capped",TRUE,TRUE,28,28,1.26413045666029e-12,0.0104691819666666,""
486,"probability",TRUE,NA,NA,NA,NA,NA,""
486,"original",TRUE,TRUE,28,28,8.29313267212338e-16,0.0112796175348634,""
486,"capped",TRUE,TRUE,28,28,1.77546068915148e-13,0.0106882997618489,""
487,"probability",TRUE,NA,NA,NA,NA,NA,""
487,"original",TRUE,TRUE,28,28,9.82448294040088e-13,0.0119118762086842,""
487,"capped",TRUE,TRUE,28,28,1.79467776766325e-12,0.0118436739089915,""
488,"probability",TRUE,NA,NA,NA,NA,NA,""
488,"original",TRUE,TRUE,28,28,6.67976328739934e-13,0.0118888113513045,""
488,"capped",TRUE,TRUE,28,28,2.81906798133535e-12,0.011925593602176,""
489,"probability",TRUE,NA,NA,NA,NA,NA,""
489,"original",TRUE,TRUE,28,28,1.85769897812648e-11,0.0127101639103899,""
489,"capped",TRUE,TRUE,28,28,1.48056382257199e-12,0.0121454337946907,""
490,"probability",TRUE,NA,NA,NA,NA,NA,""
490,"original",TRUE,TRUE,28,28,3.30265437019111e-12,0.0120079524132664,""
490,"capped",TRUE,TRUE,28,28,5.19170294268843e-13,0.0119544168284092,""
491,"probability",TRUE,NA,NA,NA,NA,NA,""
491,"original",TRUE,TRUE,28,28,4.02441342973558e-11,0.013219348660064,""
491,"capped",TRUE,TRUE,28,28,4.071616440525e-12,0.0128162054232643,""
492,"probability",TRUE,NA,NA,NA,NA,NA,""
492,"original",TRUE,TRUE,28,28,1.79752404074014e-12,0.0106475171823191,""
492,"capped",TRUE,TRUE,28,28,5.66245643387469e-13,0.0106234118089926,""
493,"probability",TRUE,NA,NA,NA,NA,NA,""
493,"original",TRUE,TRUE,28,28,1.49268343343171e-11,0.0120501633883151,""
493,"capped",TRUE,TRUE,28,28,7.87045460342339e-13,0.011573838893729,""
494,"probability",TRUE,NA,NA,NA,NA,NA,""
494,"original",TRUE,TRUE,28,28,2.99349251627266e-12,0.0125525416383397,""
494,"capped",TRUE,TRUE,28,28,2.59042136105278e-12,0.0124732428462154,""
495,"probability",TRUE,NA,NA,NA,NA,NA,""
495,"original",TRUE,TRUE,28,28,4.10786730302091e-12,0.0110633415015811,""
495,"capped",TRUE,TRUE,28,28,6.37382772960323e-13,0.0110163990072538,""
496,"probability",TRUE,NA,NA,NA,NA,NA,""
496,"original",TRUE,TRUE,28,28,9.56209665296079e-13,0.0111064704420792,""
496,"capped",TRUE,TRUE,28,28,1.98671106400956e-12,0.0111050472087539,""
497,"probability",TRUE,NA,NA,NA,NA,NA,""
497,"original",TRUE,TRUE,28,28,5.75845037051902e-12,0.0118064518017808,""
497,"capped",TRUE,TRUE,28,28,9.91338500030473e-13,0.0114758469877955,""
498,"probability",TRUE,NA,NA,NA,NA,NA,""
498,"original",TRUE,TRUE,28,28,2.30321169343734e-12,0.0113863411388863,""
498,"capped",TRUE,TRUE,28,28,5.29146966417966e-13,0.0113114508598378,""
499,"probability",TRUE,NA,NA,NA,NA,NA,""
499,"original",TRUE,TRUE,28,28,2.34780157698833e-12,0.0127504110919942,""
499,"capped",TRUE,TRUE,28,28,5.69916085513502e-12,0.0126128833399243,""
500,"probability",TRUE,NA,NA,NA,NA,NA,""
500,"original",TRUE,TRUE,28,28,1.29595526264437e-12,0.0121491566888543,""
500,"capped",TRUE,TRUE,28,28,1.66467992919029e-12,0.0119778384393656,""
501,"probability",TRUE,NA,NA,NA,NA,NA,""
501,"original",TRUE,TRUE,28,28,3.58074500798408e-12,0.0121310368453601,""
501,"capped",TRUE,TRUE,28,28,1.26527787233002e-12,0.0119866865142146,""
502,"probability",TRUE,NA,NA,NA,NA,NA,""
502,"original",TRUE,TRUE,28,28,1.40856031874275e-12,0.0125147843776774,""
502,"capped",TRUE,TRUE,28,28,1.31090502162456e-12,0.0124238980509359,""
503,"probability",TRUE,NA,NA,NA,NA,NA,""
503,"original",TRUE,TRUE,28,28,8.81132249878405e-13,0.0116261710633176,""
503,"capped",TRUE,TRUE,28,28,3.79084910088202e-13,0.0114426250509719,""
504,"probability",TRUE,NA,NA,NA,NA,NA,""
504,"original",TRUE,TRUE,28,28,4.38935206463294e-16,0.0130148143294443,""
504,"capped",TRUE,TRUE,28,28,2.45014336346634e-12,0.0126129282212552,""
505,"probability",TRUE,NA,NA,NA,NA,NA,""
505,"original",TRUE,TRUE,28,28,7.57428524216862e-11,0.0120852891174188,""
505,"capped",TRUE,TRUE,28,28,4.24641064588144e-13,0.0115886489174712,""
506,"probability",TRUE,NA,NA,NA,NA,NA,""
506,"original",TRUE,TRUE,28,28,6.56893603919256e-13,0.0113640685491952,""
506,"capped",TRUE,TRUE,28,28,6.86887045025058e-13,0.0112840346741585,""
507,"probability",TRUE,NA,NA,NA,NA,NA,""
507,"original",TRUE,TRUE,28,28,4.99974243035403e-12,0.0120347572734227,""
507,"capped",TRUE,TRUE,28,28,9.66352250395903e-13,0.0119751201904899,""
508,"probability",TRUE,NA,NA,NA,NA,NA,""
508,"original",TRUE,TRUE,28,28,9.36525314625071e-12,0.0124531058622254,""
508,"capped",TRUE,TRUE,28,28,5.43347758971848e-13,0.0121346351364158,""
509,"probability",TRUE,NA,NA,NA,NA,NA,""
509,"original",TRUE,TRUE,28,28,3.33787690228265e-11,0.0126308445394464,""
509,"capped",TRUE,TRUE,28,28,3.15694332035913e-12,0.0122754150880016,""
510,"probability",TRUE,NA,NA,NA,NA,NA,""
510,"original",TRUE,TRUE,28,28,4.21834100289405e-13,0.0117798430073693,""
510,"capped",TRUE,TRUE,28,28,4.89218553171997e-13,0.0117071531851339,""
511,"probability",TRUE,NA,NA,NA,NA,NA,""
511,"original",TRUE,TRUE,28,28,1.47193306635264e-12,0.0117602074055888,""
511,"capped",TRUE,TRUE,28,28,2.89150760431576e-13,0.011722117472154,""
512,"probability",TRUE,NA,NA,NA,NA,NA,""
512,"original",TRUE,TRUE,28,28,4.11618728388717e-13,0.0103263614350212,""
512,"capped",TRUE,TRUE,28,28,3.20720231655646e-13,0.0102134241099151,""
513,"probability",TRUE,NA,NA,NA,NA,NA,""
513,"original",TRUE,TRUE,28,28,3.62524057048119e-13,0.0112003339556962,""
513,"capped",TRUE,TRUE,28,28,1.02479581915824e-12,0.0111830116780233,""
514,"probability",TRUE,NA,NA,NA,NA,NA,""
514,"original",TRUE,TRUE,28,28,1.26556832864237e-11,0.0122357758414219,""
514,"capped",TRUE,TRUE,28,28,1.18661112222789e-12,0.0118365338208353,""
515,"probability",TRUE,NA,NA,NA,NA,NA,""
515,"original",TRUE,TRUE,28,28,1.05749723527345e-11,0.0113125141316094,""
515,"capped",TRUE,TRUE,28,28,9.21464711936062e-13,0.0108658889251303,""
516,"probability",TRUE,NA,NA,NA,NA,NA,""
516,"original",TRUE,TRUE,28,28,3.70216313795507e-16,0.0126742034656458,""
516,"capped",TRUE,TRUE,28,28,3.76926229169614e-12,0.0120588819734021,""
517,"probability",TRUE,NA,NA,NA,NA,NA,""
517,"original",TRUE,TRUE,28,28,2.53346419037983e-12,0.0115010379542892,""
517,"capped",TRUE,TRUE,28,28,1.14169578429679e-13,0.0114642196587033,""
518,"probability",TRUE,NA,NA,NA,NA,NA,""
518,"original",TRUE,TRUE,28,28,2.0596223988095e-11,0.0127094738265051,""
518,"capped",TRUE,TRUE,28,28,1.65596896407384e-12,0.0123691126942721,""
519,"probability",TRUE,NA,NA,NA,NA,NA,""
519,"original",TRUE,TRUE,28,28,9.50589758066836e-12,0.0118418406236344,""
519,"capped",TRUE,TRUE,28,28,1.83927608126243e-13,0.011398871283392,""
520,"probability",TRUE,NA,NA,NA,NA,NA,""
520,"original",TRUE,TRUE,28,28,3.67218513961024e-12,0.0114526232115158,""
520,"capped",TRUE,TRUE,28,28,2.76628775038489e-12,0.0111609634067048,""
521,"probability",TRUE,NA,NA,NA,NA,NA,""
521,"original",TRUE,TRUE,28,28,9.56634365458783e-11,0.0120102754094866,""
521,"capped",TRUE,TRUE,28,28,5.58159698149467e-13,0.0116092361586588,""
522,"probability",TRUE,NA,NA,NA,NA,NA,""
522,"original",TRUE,TRUE,28,28,1.48905338382462e-11,0.0116088640617105,""
522,"capped",TRUE,TRUE,28,28,8.38804750819292e-13,0.0110592240537181,""
523,"probability",TRUE,NA,NA,NA,NA,NA,""
523,"original",TRUE,TRUE,28,28,4.797589056561e-12,0.0122143162631318,""
523,"capped",TRUE,TRUE,28,28,3.03297156338922e-12,0.0121616318315643,""
524,"probability",TRUE,NA,NA,NA,NA,NA,""
524,"original",TRUE,TRUE,28,28,5.51870070049001e-13,0.0119852917216601,""
524,"capped",TRUE,TRUE,28,28,2.74615719673864e-13,0.0117768631740945,""
525,"probability",TRUE,NA,NA,NA,NA,NA,""
525,"original",TRUE,TRUE,28,28,7.05440288399733e-12,0.0116737731477687,""
525,"capped",TRUE,TRUE,28,28,1.33835832180969e-12,0.0112599863820033,""
526,"probability",TRUE,NA,NA,NA,NA,NA,""
526,"original",TRUE,TRUE,28,28,4.61865306802503e-13,0.0114503642956308,""
526,"capped",TRUE,TRUE,28,28,2.31802661704543e-13,0.0112617218324433,""
527,"probability",TRUE,NA,NA,NA,NA,NA,""
527,"original",TRUE,TRUE,28,28,3.41653486109821e-11,0.0124128066363126,""
527,"capped",TRUE,TRUE,28,28,5.11070702633519e-13,0.0118916704656669,""
528,"probability",TRUE,NA,NA,NA,NA,NA,""
528,"original",TRUE,TRUE,28,28,5.34047841660862e-11,0.0129858544464271,""
528,"capped",TRUE,TRUE,28,28,6.81628157515446e-13,0.0125843289504337,""
529,"probability",TRUE,NA,NA,NA,NA,NA,""
529,"original",TRUE,TRUE,28,28,4.89517934011588e-11,0.0125845371681981,""
529,"capped",TRUE,TRUE,28,28,5.88877926761495e-13,0.0120632168901052,""
530,"probability",TRUE,NA,NA,NA,NA,NA,""
530,"original",TRUE,TRUE,28,28,4.52281258730073e-12,0.0114079938543824,""
530,"capped",TRUE,TRUE,28,28,2.49681823887907e-13,0.0110490459349909,""
531,"probability",TRUE,NA,NA,NA,NA,NA,""
531,"original",TRUE,TRUE,28,28,1.74181869085231e-11,0.0125859416735228,""
531,"capped",TRUE,TRUE,28,28,2.28800535120963e-12,0.0120952185475157,""
532,"probability",TRUE,NA,NA,NA,NA,NA,""
532,"original",TRUE,TRUE,28,28,4.81070527276168e-11,0.0115499027124098,""
532,"capped",TRUE,TRUE,28,28,1.04582772860215e-12,0.0112352505563042,""
533,"probability",TRUE,NA,NA,NA,NA,NA,""
533,"original",TRUE,TRUE,28,28,3.7021383591476e-13,0.0118817208056516,""
533,"capped",TRUE,TRUE,28,28,1.1017034427115e-12,0.011758270639203,""
534,"probability",TRUE,NA,NA,NA,NA,NA,""
534,"original",TRUE,TRUE,28,28,2.58075670744888e-11,0.0117641383841827,""
534,"capped",TRUE,TRUE,28,28,5.07280646408675e-13,0.0112421565612459,""
535,"probability",TRUE,NA,NA,NA,NA,NA,""
535,"original",TRUE,TRUE,28,28,3.59048472885821e-16,0.0118357018715678,""
535,"capped",TRUE,TRUE,28,28,3.43420440177551e-13,0.0112401221363215,""
536,"probability",TRUE,NA,NA,NA,NA,NA,""
536,"original",TRUE,TRUE,28,28,8.16428171414124e-12,0.0122116594926219,""
536,"capped",TRUE,TRUE,28,28,3.29778717395279e-13,0.0117171860745067,""
537,"probability",TRUE,NA,NA,NA,NA,NA,""
537,"original",TRUE,TRUE,28,28,5.16299487958446e-12,0.0116317668349135,""
537,"capped",TRUE,TRUE,28,28,9.394317547061e-14,0.0112277593187946,""
538,"probability",TRUE,NA,NA,NA,NA,NA,""
538,"original",TRUE,TRUE,28,28,7.52149790415283e-11,0.0120396177350831,""
538,"capped",TRUE,TRUE,28,28,3.08390320495856e-13,0.0115033212398402,""
539,"probability",TRUE,NA,NA,NA,NA,NA,""
539,"original",TRUE,TRUE,28,28,9.26046380890344e-12,0.012317939754604,""
539,"capped",TRUE,TRUE,28,28,2.66714799806361e-12,0.0120082244546086,""
540,"probability",TRUE,NA,NA,NA,NA,NA,""
540,"original",TRUE,TRUE,28,28,1.65575993087248e-11,0.0123435325837371,""
540,"capped",TRUE,TRUE,28,28,1.28433183820495e-12,0.0118113559909846,""
541,"probability",TRUE,NA,NA,NA,NA,NA,""
541,"original",TRUE,TRUE,28,28,3.63349898471337e-12,0.0125976766941207,""
541,"capped",TRUE,TRUE,28,28,3.15611729490092e-12,0.0125777397641526,""
542,"probability",TRUE,NA,NA,NA,NA,NA,""
542,"original",TRUE,TRUE,28,28,1.20437314721609e-11,0.0127597538231442,""
542,"capped",TRUE,TRUE,28,28,1.46225065121282e-12,0.0123983465872269,""
543,"probability",TRUE,NA,NA,NA,NA,NA,""
543,"original",TRUE,TRUE,28,28,5.3036079452731e-11,0.0125730458990872,""
543,"capped",TRUE,TRUE,28,28,1.68661824394229e-12,0.0122585976618695,""
544,"probability",TRUE,NA,NA,NA,NA,NA,""
544,"original",TRUE,TRUE,28,28,1.02241346369064e-11,0.0122607956072741,""
544,"capped",TRUE,TRUE,28,28,7.56534799843104e-13,0.0116685671022763,""
545,"probability",TRUE,NA,NA,NA,NA,NA,""
545,"original",TRUE,TRUE,28,28,2.44327222617438e-15,0.0118792352231662,""
545,"capped",TRUE,TRUE,28,28,4.63852664675189e-13,0.0113122675920861,""
546,"probability",TRUE,NA,NA,NA,NA,NA,""
546,"original",TRUE,TRUE,28,28,6.49118028386981e-13,0.011708475797787,""
546,"capped",TRUE,TRUE,28,28,4.52480180022815e-13,0.0115612699732621,""
547,"probability",TRUE,NA,NA,NA,NA,NA,""
547,"original",TRUE,TRUE,28,28,6.26874675607962e-16,0.0119632428213079,""
547,"capped",TRUE,TRUE,28,28,2.98791934485522e-12,0.0116140836869486,""
548,"probability",TRUE,NA,NA,NA,NA,NA,""
548,"original",TRUE,TRUE,28,28,1.75459001868924e-15,0.0127727704437974,""
548,"capped",TRUE,TRUE,28,28,2.15491812959927e-12,0.0123898585721919,""
549,"probability",TRUE,NA,NA,NA,NA,NA,""
549,"original",TRUE,TRUE,28,28,8.79908193620079e-12,0.012374211556506,""
549,"capped",TRUE,TRUE,28,28,2.46633116297339e-13,0.0117680955480968,""
550,"probability",TRUE,NA,NA,NA,NA,NA,""
550,"original",TRUE,TRUE,28,28,5.82590334606745e-12,0.0122790205591543,""
550,"capped",TRUE,TRUE,28,28,4.82776131027868e-13,0.0116876330824466,""
551,"probability",TRUE,NA,NA,NA,NA,NA,""
551,"original",TRUE,TRUE,28,28,8.4792762634032e-13,0.0123323695545869,""
551,"capped",TRUE,TRUE,28,28,3.06141263736412e-12,0.0122649087546427,""
552,"probability",TRUE,NA,NA,NA,NA,NA,""
552,"original",TRUE,TRUE,28,28,5.04782084491276e-12,0.0119105764855794,""
552,"capped",TRUE,TRUE,28,28,5.46198190782023e-13,0.0117550853675961,""
553,"probability",TRUE,NA,NA,NA,NA,NA,""
553,"original",TRUE,TRUE,28,28,6.31304972234668e-12,0.0117528990501354,""
553,"capped",TRUE,TRUE,28,28,3.84457514939944e-13,0.0111343309640013,""
554,"probability",TRUE,NA,NA,NA,NA,NA,""
554,"original",TRUE,TRUE,28,28,2.15658182828806e-13,0.0119296196628195,""
554,"capped",TRUE,TRUE,28,28,1.7616767167541e-12,0.0118900455580495,""
555,"probability",TRUE,NA,NA,NA,NA,NA,""
555,"original",TRUE,TRUE,28,28,1.79210768876133e-11,0.0128217730236069,""
555,"capped",TRUE,TRUE,28,28,3.28598800053735e-12,0.0124106050877024,""
556,"probability",TRUE,NA,NA,NA,NA,NA,""
556,"original",TRUE,TRUE,28,28,2.04729502420581e-12,0.0124722881547638,""
556,"capped",TRUE,TRUE,28,28,7.43730684749628e-13,0.0123217467039858,""
557,"probability",TRUE,NA,NA,NA,NA,NA,""
557,"original",TRUE,TRUE,28,28,1.47840185901775e-11,0.012345878264809,""
557,"capped",TRUE,TRUE,28,28,8.20009286383596e-13,0.0119097674334178,""
558,"probability",TRUE,NA,NA,NA,NA,NA,""
558,"original",TRUE,TRUE,28,28,4.31397942864199e-11,0.0117339484897833,""
558,"capped",TRUE,TRUE,28,28,2.399104919566e-12,0.0114735877541726,""
559,"probability",TRUE,NA,NA,NA,NA,NA,""
559,"original",TRUE,TRUE,28,28,1.61371829730865e-11,0.0127386988775912,""
559,"capped",TRUE,TRUE,28,28,3.17312219827459e-12,0.0123084242061046,""
560,"probability",TRUE,NA,NA,NA,NA,NA,""
560,"original",TRUE,TRUE,28,28,1.2006697794892e-11,0.0119258427763736,""
560,"capped",TRUE,TRUE,28,28,3.53785164664288e-13,0.0116418173684611,""
561,"probability",TRUE,NA,NA,NA,NA,NA,""
561,"original",TRUE,TRUE,28,28,3.71046508585094e-12,0.0112786407603769,""
561,"capped",TRUE,TRUE,28,28,2.94779462168086e-12,0.0113543327730581,""
562,"probability",TRUE,NA,NA,NA,NA,NA,""
562,"original",TRUE,TRUE,28,28,8.32612161172606e-11,0.0125661599274852,""
562,"capped",TRUE,TRUE,28,28,4.17007293062216e-13,0.0120462933437994,""
563,"probability",TRUE,NA,NA,NA,NA,NA,""
563,"original",TRUE,TRUE,28,28,4.94465209323925e-11,0.0110707140572526,""
563,"capped",TRUE,TRUE,28,28,5.19370971165293e-13,0.0105428950578219,""
564,"probability",TRUE,NA,NA,NA,NA,NA,""
564,"original",TRUE,TRUE,28,28,3.01697533230636e-12,0.0115869314122289,""
564,"capped",TRUE,TRUE,28,28,2.51422247261011e-12,0.0113895202291031,""
565,"probability",TRUE,NA,NA,NA,NA,NA,""
565,"original",TRUE,TRUE,28,28,1.05290709796293e-11,0.0127640865503178,""
565,"capped",TRUE,TRUE,28,28,4.97558760297516e-13,0.0124530115991075,""
566,"probability",TRUE,NA,NA,NA,NA,NA,""
566,"original",TRUE,TRUE,28,28,8.23502645434906e-11,0.0120715941736197,""
566,"capped",TRUE,TRUE,28,28,3.08629306537298e-12,0.0116781086765633,""
567,"probability",TRUE,NA,NA,NA,NA,NA,""
567,"original",TRUE,TRUE,28,28,2.05054659778791e-12,0.0121704136047329,""
567,"capped",TRUE,TRUE,28,28,2.09731203667256e-12,0.0120866841873089,""
568,"probability",TRUE,NA,NA,NA,NA,NA,""
568,"original",TRUE,TRUE,28,28,8.67188163109803e-12,0.0120110577945081,""
568,"capped",TRUE,TRUE,28,28,5.82461161431413e-13,0.0116672428392162,""
569,"probability",TRUE,NA,NA,NA,NA,NA,""
569,"original",TRUE,TRUE,28,28,3.01178545744213e-12,0.0111607508724744,""
569,"capped",TRUE,TRUE,28,28,4.3032271288518e-13,0.0110957346553749,""
570,"probability",TRUE,NA,NA,NA,NA,NA,""
570,"original",TRUE,TRUE,28,28,2.26796686006611e-12,0.0115238620861365,""
570,"capped",TRUE,TRUE,28,28,1.95561796283877e-12,0.0115137228160891,""
571,"probability",TRUE,NA,NA,NA,NA,NA,""
571,"original",TRUE,TRUE,28,28,8.52591741039315e-12,0.0119299271828603,""
571,"capped",TRUE,TRUE,28,28,1.49400797783098e-12,0.0115829937904487,""
572,"probability",TRUE,NA,NA,NA,NA,NA,""
572,"original",TRUE,TRUE,28,28,3.22486211578663e-11,0.0112383685495087,""
572,"capped",TRUE,TRUE,28,28,5.60913204733986e-13,0.0108182848744459,""
573,"probability",TRUE,NA,NA,NA,NA,NA,""
573,"original",TRUE,TRUE,28,28,6.82423724410483e-12,0.01187573966233,""
573,"capped",TRUE,TRUE,28,28,2.62368738583396e-12,0.0117606229854766,""
574,"probability",TRUE,NA,NA,NA,NA,NA,""
574,"original",TRUE,TRUE,28,28,1.85270156704143e-15,0.0128901143308095,""
574,"capped",TRUE,TRUE,28,28,4.64454430471051e-12,0.0123027563821681,""
575,"probability",TRUE,NA,NA,NA,NA,NA,""
575,"original",TRUE,TRUE,28,28,4.33743079767133e-16,0.0122594359538523,""
575,"capped",TRUE,TRUE,28,28,1.08736399195076e-12,0.0118505529819514,""
576,"probability",TRUE,NA,NA,NA,NA,NA,""
576,"original",TRUE,TRUE,28,28,8.39831536311224e-16,0.0127683760921439,""
576,"capped",TRUE,TRUE,28,28,7.71604048150723e-13,0.0122411010179056,""
577,"probability",TRUE,NA,NA,NA,NA,NA,""
577,"original",TRUE,TRUE,28,28,9.02647185741413e-12,0.0116687686311706,""
577,"capped",TRUE,TRUE,28,28,8.12003850500691e-13,0.0114089379538666,""
578,"probability",TRUE,NA,NA,NA,NA,NA,""
578,"original",TRUE,TRUE,28,28,6.11929803984484e-16,0.0113979402376505,""
578,"capped",TRUE,TRUE,28,28,2.55404709747979e-13,0.010789563237107,""
579,"probability",TRUE,NA,NA,NA,NA,NA,""
579,"original",TRUE,TRUE,28,28,4.47082581605808e-12,0.0118283313848591,""
579,"capped",TRUE,TRUE,28,28,7.11243257013691e-13,0.0116783333317186,""
580,"probability",TRUE,NA,NA,NA,NA,NA,""
580,"original",TRUE,TRUE,28,28,1.77637485528332e-11,0.0121809352553912,""
580,"capped",TRUE,TRUE,28,28,2.43341771084332e-13,0.0117498469378688,""
581,"probability",TRUE,NA,NA,NA,NA,NA,""
581,"original",TRUE,TRUE,28,28,5.81367822786589e-13,0.0118822810567522,""
581,"capped",TRUE,TRUE,28,28,7.24070047144249e-13,0.0117937945546363,""
582,"probability",TRUE,NA,NA,NA,NA,NA,""
582,"original",TRUE,TRUE,28,28,3.64617914847251e-12,0.0118265888512288,""
582,"capped",TRUE,TRUE,28,28,1.07256083041355e-12,0.0117257598903858,""
583,"probability",TRUE,NA,NA,NA,NA,NA,""
583,"original",TRUE,TRUE,28,28,2.72437553086293e-12,0.0115296076610793,""
583,"capped",TRUE,TRUE,28,28,2.41466727010098e-13,0.0115126231251142,""
584,"probability",TRUE,NA,NA,NA,NA,NA,""
584,"original",TRUE,TRUE,28,28,1.1293353465076e-11,0.0120605258948385,""
584,"capped",TRUE,TRUE,28,28,4.75848176470234e-12,0.0118141868770532,""
585,"probability",TRUE,NA,NA,NA,NA,NA,""
585,"original",TRUE,TRUE,28,28,1.5267223764867e-11,0.0122689565863523,""
585,"capped",TRUE,TRUE,28,28,2.07806999251131e-13,0.0117152769985261,""
586,"probability",TRUE,NA,NA,NA,NA,NA,""
586,"original",TRUE,TRUE,28,28,7.23452448071939e-12,0.0117557793725827,""
586,"capped",TRUE,TRUE,28,28,6.07133294797906e-13,0.011443549302117,""
587,"probability",TRUE,NA,NA,NA,NA,NA,""
587,"original",TRUE,TRUE,28,28,3.52761156603839e-12,0.0118924581298511,""
587,"capped",TRUE,TRUE,28,28,7.08567467068857e-13,0.0118759365818642,""
588,"probability",TRUE,NA,NA,NA,NA,NA,""
588,"original",TRUE,TRUE,28,28,3.64256719626753e-12,0.0117171520630475,""
588,"capped",TRUE,TRUE,28,28,2.60857968419878e-12,0.0116870313021871,""
589,"probability",TRUE,NA,NA,NA,NA,NA,""
589,"original",TRUE,TRUE,28,28,2.40749500036091e-11,0.0124363584498248,""
589,"capped",TRUE,TRUE,28,28,1.46800077321053e-12,0.0120661109532211,""
590,"probability",TRUE,NA,NA,NA,NA,NA,""
590,"original",TRUE,TRUE,28,28,3.2849018875227e-11,0.0127831493663515,""
590,"capped",TRUE,TRUE,28,28,1.09756554343614e-12,0.0123002878653598,""
591,"probability",TRUE,NA,NA,NA,NA,NA,""
591,"original",TRUE,TRUE,28,28,1.16012367761816e-11,0.011071797238949,""
591,"capped",TRUE,TRUE,28,28,3.43607521936479e-13,0.0105803496123169,""
592,"probability",TRUE,NA,NA,NA,NA,NA,""
592,"original",TRUE,TRUE,28,28,3.25578908553029e-12,0.0123564483096018,""
592,"capped",TRUE,TRUE,28,28,2.95539435746065e-13,0.0117684109438734,""
593,"probability",TRUE,NA,NA,NA,NA,NA,""
593,"original",TRUE,TRUE,28,28,1.98365630181452e-12,0.0117995340274366,""
593,"capped",TRUE,TRUE,28,28,1.86370449413745e-12,0.0117199592849321,""
594,"probability",TRUE,NA,NA,NA,NA,NA,""
594,"original",TRUE,TRUE,28,28,1.23622251456198e-15,0.0116468108727328,""
594,"capped",TRUE,TRUE,28,28,1.0281027595511e-12,0.0112131999864891,""
595,"probability",TRUE,NA,NA,NA,NA,NA,""
595,"original",TRUE,TRUE,28,28,2.96325180513616e-12,0.0115099893381835,""
595,"capped",TRUE,TRUE,28,28,1.61608413759137e-12,0.0116515515920179,""
596,"probability",TRUE,NA,NA,NA,NA,NA,""
596,"original",TRUE,TRUE,28,28,1.33692085350734e-11,0.012495098269244,""
596,"capped",TRUE,TRUE,28,28,4.47550583958626e-12,0.0122253254489519,""
597,"probability",TRUE,NA,NA,NA,NA,NA,""
597,"original",TRUE,TRUE,28,28,7.5460839583447e-11,0.0112903642893165,""
597,"capped",TRUE,TRUE,28,28,7.00868504157816e-13,0.0107751184894446,""
598,"probability",TRUE,NA,NA,NA,NA,NA,""
598,"original",TRUE,TRUE,28,28,1.14295528638127e-11,0.0125189174390176,""
598,"capped",TRUE,TRUE,28,28,7.59511721111831e-13,0.0120061330417547,""
599,"probability",TRUE,NA,NA,NA,NA,NA,""
599,"original",TRUE,TRUE,28,28,7.53356695828601e-11,0.011963991602056,""
599,"capped",TRUE,TRUE,28,28,1.45618145484695e-12,0.0117296711587139,""
600,"probability",TRUE,NA,NA,NA,NA,NA,""
600,"original",TRUE,TRUE,28,28,1.30251187759916e-11,0.0121123449239156,""
600,"capped",TRUE,TRUE,28,28,1.50064685721019e-12,0.0116411993191725,""
601,"probability",TRUE,NA,NA,NA,NA,NA,""
601,"original",TRUE,TRUE,28,28,5.69795754008234e-12,0.0132701195552269,""
601,"capped",TRUE,TRUE,28,28,1.42036425931299e-12,0.0132528112775941,""
602,"probability",TRUE,NA,NA,NA,NA,NA,""
602,"original",TRUE,TRUE,28,28,5.15008493829699e-11,0.0119906145845028,""
602,"capped",TRUE,TRUE,28,28,1.10341308209119e-12,0.0114846524262848,""
603,"probability",TRUE,NA,NA,NA,NA,NA,""
603,"original",TRUE,TRUE,28,28,3.25339563695323e-11,0.0122887121961092,""
603,"capped",TRUE,TRUE,28,28,1.7816110730875e-12,0.0115826107619012,""
604,"probability",TRUE,NA,NA,NA,NA,NA,""
604,"original",TRUE,TRUE,28,28,2.50661138558414e-12,0.0113921984810983,""
604,"capped",TRUE,TRUE,28,28,1.3231853221707e-13,0.0112789251690414,""
605,"probability",TRUE,NA,NA,NA,NA,NA,""
605,"original",TRUE,TRUE,28,28,6.89736068744081e-11,0.0119060584789609,""
605,"capped",TRUE,TRUE,28,28,1.82992683978866e-12,0.0115790095189243,""
606,"probability",TRUE,NA,NA,NA,NA,NA,""
606,"original",TRUE,TRUE,28,28,1.45354596738536e-15,0.012112636424632,""
606,"capped",TRUE,TRUE,28,28,3.87356395950708e-13,0.0115291820099577,""
607,"probability",TRUE,NA,NA,NA,NA,NA,""
607,"original",TRUE,TRUE,28,28,1.16119507071875e-11,0.0116979610679784,""
607,"capped",TRUE,TRUE,28,28,1.70995075360764e-12,0.0114209068967588,""
608,"probability",TRUE,NA,NA,NA,NA,NA,""
608,"original",TRUE,TRUE,28,28,9.63013692793236e-12,0.0118637371943828,""
608,"capped",TRUE,TRUE,28,28,1.1123657663761e-12,0.0118819031767156,""
609,"probability",TRUE,NA,NA,NA,NA,NA,""
609,"original",TRUE,TRUE,28,28,4.21097411473101e-13,0.0113493209793548,""
609,"capped",TRUE,TRUE,28,28,4.95421654374447e-13,0.0112969050727071,""
610,"probability",TRUE,NA,NA,NA,NA,NA,""
610,"original",TRUE,TRUE,28,28,3.02321525169365e-11,0.0113592663420813,""
610,"capped",TRUE,TRUE,28,28,1.24170672981159e-13,0.0109813306271982,""
611,"probability",TRUE,NA,NA,NA,NA,NA,""
611,"original",TRUE,TRUE,28,28,8.30410821982089e-12,0.0128611852265198,""
611,"capped",TRUE,TRUE,28,28,2.72591792786969e-13,0.0122876394431418,""
612,"probability",TRUE,NA,NA,NA,NA,NA,""
612,"original",TRUE,TRUE,28,28,1.16802055780404e-11,0.0123921534541767,""
612,"capped",TRUE,TRUE,28,28,3.24026283319912e-12,0.0120378479546618,""
613,"probability",TRUE,NA,NA,NA,NA,NA,""
613,"original",TRUE,TRUE,28,28,2.20859451892535e-11,0.0121262928459151,""
613,"capped",TRUE,TRUE,28,28,2.7387119294351e-12,0.0117430504873467,""
614,"probability",TRUE,NA,NA,NA,NA,NA,""
614,"original",TRUE,TRUE,28,28,1.18584065265958e-12,0.0119747912248394,""
614,"capped",TRUE,TRUE,28,28,3.04185369070941e-13,0.0119293669898406,""
615,"probability",TRUE,NA,NA,NA,NA,NA,""
615,"original",TRUE,TRUE,28,28,1.16325410184918e-11,0.0123698582185572,""
615,"capped",TRUE,TRUE,28,28,2.84476556917564e-12,0.0119071555695788,""
616,"probability",TRUE,NA,NA,NA,NA,NA,""
616,"original",TRUE,TRUE,28,28,1.2210611292673e-11,0.0120642192923464,""
616,"capped",TRUE,TRUE,28,28,1.62980902500541e-12,0.0117841309241957,""
617,"probability",TRUE,NA,NA,NA,NA,NA,""
617,"original",TRUE,TRUE,28,28,8.54022469010195e-11,0.0116541703216273,""
617,"capped",TRUE,TRUE,28,28,1.56728376061233e-12,0.0109208004471202,""
618,"probability",TRUE,NA,NA,NA,NA,NA,""
618,"original",TRUE,TRUE,28,28,1.71312981627855e-15,0.0120526064409839,""
618,"capped",TRUE,TRUE,28,28,1.45488657807914e-12,0.0115718478579019,""
619,"probability",TRUE,NA,NA,NA,NA,NA,""
619,"original",TRUE,TRUE,28,28,2.8869676052325e-12,0.0114642919814322,""
619,"capped",TRUE,TRUE,28,28,1.05877729810769e-13,0.0115165316225458,""
620,"probability",TRUE,NA,NA,NA,NA,NA,""
620,"original",TRUE,TRUE,28,28,1.36724984684917e-12,0.012213023796221,""
620,"capped",TRUE,TRUE,28,28,4.11742347645946e-13,0.0121963811870586,""
621,"probability",TRUE,NA,NA,NA,NA,NA,""
621,"original",TRUE,TRUE,28,28,1.20123917907436e-12,0.0114923571862996,""
621,"capped",TRUE,TRUE,28,28,1.01478574863291e-12,0.0114952663073694,""
622,"probability",TRUE,NA,NA,NA,NA,NA,""
622,"original",TRUE,TRUE,28,28,3.8858974389424e-12,0.0121274875032395,""
622,"capped",TRUE,TRUE,28,28,8.52346374650173e-13,0.0120832861801715,""
623,"probability",TRUE,NA,NA,NA,NA,NA,""
623,"original",TRUE,TRUE,28,28,6.02179550225076e-12,0.0108858844726352,""
623,"capped",TRUE,TRUE,28,28,5.45216064498394e-13,0.0109110847415497,""
624,"probability",TRUE,NA,NA,NA,NA,NA,""
624,"original",TRUE,TRUE,28,28,5.70205876083789e-12,0.0114060959607279,""
624,"capped",TRUE,TRUE,28,28,2.35797656256452e-12,0.0112425049723634,""
625,"probability",TRUE,NA,NA,NA,NA,NA,""
625,"original",TRUE,TRUE,28,28,1.18430942065484e-11,0.0116964122682873,""
625,"capped",TRUE,TRUE,28,28,3.5419439853415e-12,0.0111862576258647,""
626,"probability",TRUE,NA,NA,NA,NA,NA,""
626,"original",TRUE,TRUE,28,28,4.46412459219949e-11,0.0128262520729263,""
626,"capped",TRUE,TRUE,28,28,1.28211816841758e-12,0.0123611463212842,""
627,"probability",TRUE,NA,NA,NA,NA,NA,""
627,"original",TRUE,TRUE,28,28,6.94564709695805e-11,0.0120828007802651,""
627,"capped",TRUE,TRUE,28,28,5.05578627225367e-13,0.0114153301499823,""
628,"probability",TRUE,NA,NA,NA,NA,NA,""
628,"original",TRUE,TRUE,28,28,1.00373032685089e-15,0.0109394531943938,""
628,"capped",TRUE,TRUE,28,28,1.85619271960899e-13,0.0102976431378371,""
629,"probability",TRUE,NA,NA,NA,NA,NA,""
629,"original",TRUE,TRUE,28,28,7.27136125660121e-16,0.011912252562439,""
629,"capped",TRUE,TRUE,28,28,4.0774365996851e-12,0.0115715064435655,""
630,"probability",TRUE,NA,NA,NA,NA,NA,""
630,"original",TRUE,TRUE,28,28,3.36841441204568e-11,0.0120266745920484,""
630,"capped",TRUE,TRUE,28,28,2.45187901400577e-13,0.0113421961105348,""
631,"probability",TRUE,NA,NA,NA,NA,NA,""
631,"original",TRUE,TRUE,28,28,1.47339306027805e-12,0.0124386590288391,""
631,"capped",TRUE,TRUE,28,28,1.04182701517401e-12,0.0124667471357478,""
632,"probability",TRUE,NA,NA,NA,NA,NA,""
632,"original",TRUE,TRUE,28,28,2.0064367466e-12,0.0122570506101764,""
632,"capped",TRUE,TRUE,28,28,1.8945386119216e-12,0.0121038093658925,""
633,"probability",TRUE,NA,NA,NA,NA,NA,""
633,"original",TRUE,TRUE,28,28,1.58534862691726e-12,0.0112744547786544,""
633,"capped",TRUE,TRUE,28,28,2.48304142503796e-12,0.0113054645946961,""
634,"probability",TRUE,NA,NA,NA,NA,NA,""
634,"original",TRUE,TRUE,28,28,1.5155040659211e-11,0.0133341090754006,""
634,"capped",TRUE,TRUE,28,28,1.98635086183408e-12,0.0126453500502713,""
635,"probability",TRUE,NA,NA,NA,NA,NA,""
635,"original",TRUE,TRUE,28,28,8.77467913576105e-11,0.0125132228021493,""
635,"capped",TRUE,TRUE,28,28,1.70552304631381e-12,0.0122380594707497,""
636,"probability",TRUE,NA,NA,NA,NA,NA,""
636,"original",TRUE,TRUE,28,28,3.6946370146812e-12,0.0118186661830051,""
636,"capped",TRUE,TRUE,28,28,1.40765274932117e-12,0.0117521847612515,""
637,"probability",TRUE,NA,NA,NA,NA,NA,""
637,"original",TRUE,TRUE,28,28,5.51382394638981e-12,0.0110967639422783,""
637,"capped",TRUE,TRUE,28,28,6.10627696252162e-13,0.0107360030383652,""
638,"probability",TRUE,NA,NA,NA,NA,NA,""
638,"original",TRUE,TRUE,28,28,2.00541454433335e-12,0.0118558308339021,""
638,"capped",TRUE,TRUE,28,28,3.28094109257986e-13,0.0118415067326945,""
639,"probability",TRUE,NA,NA,NA,NA,NA,""
639,"original",TRUE,TRUE,28,28,1.07122772892246e-12,0.0124684680062749,""
639,"capped",TRUE,TRUE,28,28,2.81108897630861e-13,0.0122377047942782,""
640,"probability",TRUE,NA,NA,NA,NA,NA,""
640,"original",TRUE,TRUE,28,28,4.76495917915727e-16,0.0128703053880637,""
640,"capped",TRUE,TRUE,28,28,1.18833134772918e-12,0.0123215438051738,""
641,"probability",TRUE,NA,NA,NA,NA,NA,""
641,"original",TRUE,TRUE,28,28,2.51532693400589e-11,0.0114507644859882,""
641,"capped",TRUE,TRUE,28,28,4.5055950570449e-13,0.0111229709779594,""
642,"probability",TRUE,NA,NA,NA,NA,NA,""
642,"original",TRUE,TRUE,28,28,2.42134317889733e-11,0.0111135247299878,""
642,"capped",TRUE,TRUE,28,28,1.26798241287119e-12,0.0107245406838558,""
643,"probability",TRUE,NA,NA,NA,NA,NA,""
643,"original",TRUE,TRUE,28,28,2.91525670442467e-12,0.0116497988024923,""
643,"capped",TRUE,TRUE,28,28,1.02411695747449e-12,0.0116188714207229,""
644,"probability",TRUE,NA,NA,NA,NA,NA,""
644,"original",TRUE,TRUE,28,28,4.07116887113494e-16,0.0118211870065938,""
644,"capped",TRUE,TRUE,28,28,2.94785724207571e-12,0.0111949551597348,""
645,"probability",TRUE,NA,NA,NA,NA,NA,""
645,"original",TRUE,TRUE,28,28,2.25755896508076e-12,0.0106371615556906,""
645,"capped",TRUE,TRUE,28,28,5.47102598858696e-13,0.0106154254641457,""
646,"probability",TRUE,NA,NA,NA,NA,NA,""
646,"original",TRUE,TRUE,28,28,1.76570562546093e-12,0.0116063491260309,""
646,"capped",TRUE,TRUE,28,28,5.3351705161113e-13,0.0116366444020502,""
647,"probability",TRUE,NA,NA,NA,NA,NA,""
647,"original",TRUE,TRUE,28,28,1.92388422044765e-11,0.0113485439081912,""
647,"capped",TRUE,TRUE,28,28,5.10297241613372e-13,0.0109091198740499,""
648,"probability",TRUE,NA,NA,NA,NA,NA,""
648,"original",TRUE,TRUE,28,28,3.9764155223205e-11,0.0122500079769073,""
648,"capped",TRUE,TRUE,28,28,1.27201983200332e-12,0.0116593282818096,""
649,"probability",TRUE,NA,NA,NA,NA,NA,""
649,"original",TRUE,TRUE,28,28,1.15484370477017e-15,0.012408781377571,""
649,"capped",TRUE,TRUE,28,28,3.56844946416673e-13,0.0118893979269105,""
650,"probability",TRUE,NA,NA,NA,NA,NA,""
650,"original",TRUE,TRUE,28,28,5.39407520138974e-13,0.0127095585628731,""
650,"capped",TRUE,TRUE,28,28,1.71776536275481e-12,0.0126575003008772,""
651,"probability",TRUE,NA,NA,NA,NA,NA,""
651,"original",TRUE,TRUE,28,28,7.330011691545e-13,0.0114924179522635,""
651,"capped",TRUE,TRUE,28,28,1.27036612160511e-12,0.0114476394465874,""
652,"probability",TRUE,NA,NA,NA,NA,NA,""
652,"original",TRUE,TRUE,28,28,7.56992553977187e-11,0.0124532326693422,""
652,"capped",TRUE,TRUE,28,28,1.85008221697454e-12,0.0120451646606184,""
653,"probability",TRUE,NA,NA,NA,NA,NA,""
653,"original",TRUE,TRUE,28,28,9.70150677992983e-12,0.0115259889692439,""
653,"capped",TRUE,TRUE,28,28,3.34927123046857e-13,0.0111562317013022,""
654,"probability",TRUE,NA,NA,NA,NA,NA,""
654,"original",TRUE,TRUE,28,28,1.68556102942168e-11,0.0119035909830669,""
654,"capped",TRUE,TRUE,28,28,3.41455407878309e-12,0.0115056765637711,""
655,"probability",TRUE,NA,NA,NA,NA,NA,""
655,"original",TRUE,TRUE,28,28,1.14086664219024e-12,0.0108757497250632,""
655,"capped",TRUE,TRUE,28,28,1.28348216746334e-12,0.0108218998352745,""
656,"probability",TRUE,NA,NA,NA,NA,NA,""
656,"original",TRUE,TRUE,28,28,2.87711377460348e-12,0.0119830456214946,""
656,"capped",TRUE,TRUE,28,28,1.94433067864513e-13,0.0118268469658835,""
657,"probability",TRUE,NA,NA,NA,NA,NA,""
657,"original",TRUE,TRUE,28,28,1.23926730319204e-11,0.01237851078115,""
657,"capped",TRUE,TRUE,28,28,9.07066469283782e-13,0.0119983033194862,""
658,"probability",TRUE,NA,NA,NA,NA,NA,""
658,"original",TRUE,TRUE,28,28,4.29567503986029e-12,0.0123292263248705,""
658,"capped",TRUE,TRUE,28,28,2.32411676780012e-12,0.0122545594020754,""
659,"probability",TRUE,NA,NA,NA,NA,NA,""
659,"original",TRUE,TRUE,28,28,7.99934465707206e-11,0.0123524613891207,""
659,"capped",TRUE,TRUE,28,28,1.5444736186972e-12,0.0115863040498355,""
660,"probability",TRUE,NA,NA,NA,NA,NA,""
660,"original",TRUE,TRUE,28,28,5.78433296354343e-12,0.0124763148953348,""
660,"capped",TRUE,TRUE,28,28,1.50780885988365e-12,0.0121539023356569,""
661,"probability",TRUE,NA,NA,NA,NA,NA,""
661,"original",TRUE,TRUE,28,28,7.49243279377747e-11,0.0116765748375616,""
661,"capped",TRUE,TRUE,28,28,6.11064049882422e-13,0.0112487547691872,""
662,"probability",TRUE,NA,NA,NA,NA,NA,""
662,"original",TRUE,TRUE,28,28,1.12838467787068e-15,0.0125631281089437,""
662,"capped",TRUE,TRUE,28,28,4.38108096288035e-13,0.0117386248027365,""
663,"probability",TRUE,NA,NA,NA,NA,NA,""
663,"original",TRUE,TRUE,28,28,2.89263474938865e-11,0.0121786248401733,""
663,"capped",TRUE,TRUE,28,28,1.38895138721262e-12,0.0118287172191603,""
664,"probability",TRUE,NA,NA,NA,NA,NA,""
664,"original",TRUE,TRUE,28,28,3.24087454350459e-12,0.0119991824217689,""
664,"capped",TRUE,TRUE,28,28,1.90730477820105e-12,0.0119031658821803,""
665,"probability",TRUE,NA,NA,NA,NA,NA,""
665,"original",TRUE,TRUE,28,28,3.18287650799292e-12,0.0127441544429907,""
665,"capped",TRUE,TRUE,28,28,1.88803254730597e-12,0.012761604017919,""
666,"probability",TRUE,NA,NA,NA,NA,NA,""
666,"original",TRUE,TRUE,28,28,7.47970142134733e-13,0.0121279026125742,""
666,"capped",TRUE,TRUE,28,28,2.16778383931439e-12,0.0120982357622003,""
667,"probability",TRUE,NA,NA,NA,NA,NA,""
667,"original",TRUE,TRUE,28,28,4.06705498024109e-11,0.0115519963555271,""
667,"capped",TRUE,TRUE,28,28,7.06294803498484e-13,0.0111516577146327,""
668,"probability",TRUE,NA,NA,NA,NA,NA,""
668,"original",TRUE,TRUE,28,28,3.9638292648192e-12,0.0125823102062111,""
668,"capped",TRUE,TRUE,28,28,2.11114680057978e-12,0.0124739662731206,""
669,"probability",TRUE,NA,NA,NA,NA,NA,""
669,"original",TRUE,TRUE,28,28,2.84220384799961e-11,0.012629604170672,""
669,"capped",TRUE,TRUE,28,28,2.21736478695629e-12,0.0121664432397091,""
670,"probability",TRUE,NA,NA,NA,NA,NA,""
670,"original",TRUE,TRUE,28,28,1.25804306922031e-12,0.011623836534367,""
670,"capped",TRUE,TRUE,28,28,6.48110332680136e-13,0.0115283429954677,""
671,"probability",TRUE,NA,NA,NA,NA,NA,""
671,"original",TRUE,TRUE,28,28,2.29798496153016e-11,0.0127540873492875,""
671,"capped",TRUE,TRUE,28,28,9.77169898628725e-13,0.0124117054699476,""
672,"probability",TRUE,NA,NA,NA,NA,NA,""
672,"original",TRUE,TRUE,28,28,5.3697786583702e-11,0.0113975928675793,""
672,"capped",TRUE,TRUE,28,28,2.06316183608559e-13,0.0110340953862474,""
673,"probability",TRUE,NA,NA,NA,NA,NA,""
673,"original",TRUE,TRUE,28,28,8.47034976406849e-16,0.0119131234557153,""
673,"capped",TRUE,TRUE,28,28,1.24352173444391e-12,0.0113840983033294,""
674,"probability",TRUE,NA,NA,NA,NA,NA,""
674,"original",TRUE,TRUE,28,28,1.20847354815595e-12,0.0123787946898908,""
674,"capped",TRUE,TRUE,28,28,1.88790497809546e-12,0.0122967690981065,""
675,"probability",TRUE,NA,NA,NA,NA,NA,""
675,"original",TRUE,TRUE,28,28,1.66461358609754e-11,0.0128645096504905,""
675,"capped",TRUE,TRUE,28,28,1.86073630713275e-12,0.0125171299645519,""
676,"probability",TRUE,NA,NA,NA,NA,NA,""
676,"original",TRUE,TRUE,28,28,2.22548514370911e-12,0.0123534810138012,""
676,"capped",TRUE,TRUE,28,28,3.00490106142621e-12,0.0122832353793742,""
677,"probability",TRUE,NA,NA,NA,NA,NA,""
677,"original",TRUE,TRUE,28,28,2.92382807100597e-16,0.0121552984269379,""
677,"capped",TRUE,TRUE,28,28,1.06339285305369e-12,0.011432833927489,""
678,"probability",TRUE,NA,NA,NA,NA,NA,""
678,"original",TRUE,TRUE,28,28,1.50485713562241e-11,0.0120913094277899,""
678,"capped",TRUE,TRUE,28,28,2.40032106793333e-12,0.0117048694738476,""
679,"probability",TRUE,NA,NA,NA,NA,NA,""
679,"original",TRUE,TRUE,28,28,5.1988727287652e-12,0.0120359341340729,""
679,"capped",TRUE,TRUE,28,28,4.29213203149971e-13,0.0116279142006273,""
680,"probability",TRUE,NA,NA,NA,NA,NA,""
680,"original",TRUE,TRUE,28,28,4.09744435855852e-11,0.0125389838673076,""
680,"capped",TRUE,TRUE,28,28,1.45310805516534e-12,0.0119865859767592,""
681,"probability",TRUE,NA,NA,NA,NA,NA,""
681,"original",TRUE,TRUE,28,28,1.37192658814188e-15,0.0120795066195017,""
681,"capped",TRUE,TRUE,28,28,3.87136545651141e-12,0.0115628119619422,""
682,"probability",TRUE,NA,NA,NA,NA,NA,""
682,"original",TRUE,TRUE,28,28,3.25373899056723e-11,0.0131593663974558,""
682,"capped",TRUE,TRUE,28,28,2.46487362484253e-12,0.0128471988124404,""
683,"probability",TRUE,NA,NA,NA,NA,NA,""
683,"original",TRUE,TRUE,28,28,4.22007954835669e-12,0.012767045594611,""
683,"capped",TRUE,TRUE,28,28,2.49069713509055e-13,0.0122001426018,""
684,"probability",TRUE,NA,NA,NA,NA,NA,""
684,"original",TRUE,TRUE,28,28,4.77561784437883e-11,0.0117009761518835,""
684,"capped",TRUE,TRUE,28,28,2.39941115749645e-12,0.011249016368261,""
685,"probability",TRUE,NA,NA,NA,NA,NA,""
685,"original",TRUE,TRUE,28,28,1.68241813129603e-11,0.0124880968054853,""
685,"capped",TRUE,TRUE,28,28,1.27008091354814e-12,0.0120607409825914,""
686,"probability",TRUE,NA,NA,NA,NA,NA,""
686,"original",TRUE,TRUE,28,28,1.24094406264998e-15,0.0118943271392961,""
686,"capped",TRUE,TRUE,28,28,3.95710656120093e-12,0.0113708609827171,""
687,"probability",TRUE,NA,NA,NA,NA,NA,""
687,"original",TRUE,TRUE,28,28,5.53913085040746e-16,0.0126538716108426,""
687,"capped",TRUE,TRUE,28,28,1.18395345341109e-12,0.0122167278570663,""
688,"probability",TRUE,NA,NA,NA,NA,NA,""
688,"original",TRUE,TRUE,28,28,1.25153162426383e-12,0.0114522616800272,""
688,"capped",TRUE,TRUE,28,28,7.96874257468031e-13,0.011409028662769,""
689,"probability",TRUE,NA,NA,NA,NA,NA,""
689,"original",TRUE,TRUE,28,28,5.36295165298122e-12,0.0120530927939293,""
689,"capped",TRUE,TRUE,28,28,7.58640025799728e-13,0.0115999029409444,""
690,"probability",TRUE,NA,NA,NA,NA,NA,""
690,"original",TRUE,TRUE,28,28,1.15356245997106e-11,0.0127930090990698,""
690,"capped",TRUE,TRUE,28,28,4.06237980519858e-13,0.0123845053368618,""
691,"probability",TRUE,NA,NA,NA,NA,NA,""
691,"original",TRUE,TRUE,28,28,8.40083990328753e-12,0.012161574392293,""
691,"capped",TRUE,TRUE,28,28,7.7166901379149e-13,0.0118488911975169,""
692,"probability",TRUE,NA,NA,NA,NA,NA,""
692,"original",TRUE,TRUE,28,28,9.13833302045085e-12,0.0130514523865496,""
692,"capped",TRUE,TRUE,28,28,3.47927202853784e-12,0.0125915758892155,""
693,"probability",TRUE,NA,NA,NA,NA,NA,""
693,"original",TRUE,TRUE,28,28,7.79970448928405e-11,0.0116676240251779,""
693,"capped",TRUE,TRUE,28,28,1.8525531266513e-12,0.0112596246221917,""
694,"probability",TRUE,NA,NA,NA,NA,NA,""
694,"original",TRUE,TRUE,28,28,5.11942066532372e-13,0.0115030879515412,""
694,"capped",TRUE,TRUE,28,28,6.73610333591877e-13,0.0112556479749737,""
695,"probability",TRUE,NA,NA,NA,NA,NA,""
695,"original",TRUE,TRUE,28,28,1.00380436546847e-15,0.0112149751742406,""
695,"capped",TRUE,TRUE,28,28,8.64920426898436e-13,0.0108453267728573,""
696,"probability",TRUE,NA,NA,NA,NA,NA,""
696,"original",TRUE,TRUE,28,28,1.31894833812786e-11,0.0120362985000667,""
696,"capped",TRUE,TRUE,28,28,1.20394193614229e-12,0.0115438929388543,""
697,"probability",TRUE,NA,NA,NA,NA,NA,""
697,"original",TRUE,TRUE,28,28,3.67919920223831e-12,0.0113716398391413,""
697,"capped",TRUE,TRUE,28,28,2.10973026531219e-12,0.0112968305705015,""
698,"probability",TRUE,NA,NA,NA,NA,NA,""
698,"original",TRUE,TRUE,28,28,1.35577936865647e-11,0.0124477097676813,""
698,"capped",TRUE,TRUE,28,28,1.06823555858935e-12,0.0118620041947865,""
699,"probability",TRUE,NA,NA,NA,NA,NA,""
699,"original",TRUE,TRUE,28,28,7.82095205838354e-12,0.0129652455764994,""
699,"capped",TRUE,TRUE,28,28,1.33214812443536e-12,0.0124718532578214,""
700,"probability",TRUE,NA,NA,NA,NA,NA,""
700,"original",TRUE,TRUE,28,28,8.68181868122994e-12,0.0114493623599676,""
700,"capped",TRUE,TRUE,28,28,5.09059299680208e-13,0.0110058977946475,""
701,"probability",TRUE,NA,NA,NA,NA,NA,""
701,"original",TRUE,TRUE,28,28,7.07132672943975e-13,0.0118426372214542,""
701,"capped",TRUE,TRUE,28,28,3.44371955959309e-12,0.0117049019096225,""
702,"probability",TRUE,NA,NA,NA,NA,NA,""
702,"original",TRUE,TRUE,28,28,2.87032512863492e-11,0.0119376282298544,""
702,"capped",TRUE,TRUE,28,28,3.49794555990774e-12,0.0114827647153227,""
703,"probability",TRUE,NA,NA,NA,NA,NA,""
703,"original",TRUE,TRUE,28,28,2.47398629729673e-12,0.0115252475495803,""
703,"capped",TRUE,TRUE,28,28,1.32247833302658e-12,0.0113652607845977,""
704,"probability",TRUE,NA,NA,NA,NA,NA,""
704,"original",TRUE,TRUE,28,28,8.53232954094472e-13,0.0115265751231664,""
704,"capped",TRUE,TRUE,28,28,9.95614648001365e-13,0.0114791200141409,""
705,"probability",TRUE,NA,NA,NA,NA,NA,""
705,"original",TRUE,TRUE,28,28,7.94813134664382e-16,0.0123902556169513,""
705,"capped",TRUE,TRUE,28,28,1.42856407461357e-12,0.0119643447093545,""
706,"probability",TRUE,NA,NA,NA,NA,NA,""
706,"original",TRUE,TRUE,28,28,8.80753508408853e-11,0.0122843941917922,""
706,"capped",TRUE,TRUE,28,28,1.38544054185201e-12,0.011593186481871,""
707,"probability",TRUE,NA,NA,NA,NA,NA,""
707,"original",TRUE,TRUE,28,28,7.63914079808651e-13,0.011648547558067,""
707,"capped",TRUE,TRUE,28,28,3.31001217374279e-13,0.011532393933393,""
708,"probability",TRUE,NA,NA,NA,NA,NA,""
708,"original",TRUE,TRUE,28,28,9.96280081906635e-13,0.0123081412032866,""
708,"capped",TRUE,TRUE,28,28,7.06848640769544e-13,0.0122530774384552,""
709,"probability",TRUE,NA,NA,NA,NA,NA,""
709,"original",TRUE,TRUE,28,28,2.4974733084341e-12,0.012320232789647,""
709,"capped",TRUE,TRUE,28,28,4.12721191904968e-12,0.0122642667360914,""
710,"probability",TRUE,NA,NA,NA,NA,NA,""
710,"original",TRUE,TRUE,28,28,1.89922697968166e-11,0.0123403997424118,""
710,"capped",TRUE,TRUE,28,28,2.04232889236132e-12,0.0119953283262382,""
711,"probability",TRUE,NA,NA,NA,NA,NA,""
711,"original",TRUE,TRUE,28,28,7.1301711794197e-11,0.0129383830419707,""
711,"capped",TRUE,TRUE,28,28,2.06589034248164e-12,0.0123943191653629,""
712,"probability",TRUE,NA,NA,NA,NA,NA,""
712,"original",TRUE,TRUE,28,28,6.10070733167315e-11,0.0121248857038933,""
712,"capped",TRUE,TRUE,28,28,1.689539597336e-13,0.0117405220066965,""
713,"probability",TRUE,NA,NA,NA,NA,NA,""
713,"original",TRUE,TRUE,28,28,8.49231302605828e-12,0.0126580452356068,""
713,"capped",TRUE,TRUE,28,28,1.39891073732952e-12,0.0121412832234991,""
714,"probability",TRUE,NA,NA,NA,NA,NA,""
714,"original",TRUE,TRUE,28,28,1.15119897821792e-11,0.0125727015438282,""
714,"capped",TRUE,TRUE,28,28,2.85006042324166e-12,0.0122251488771669,""
715,"probability",TRUE,NA,NA,NA,NA,NA,""
715,"original",TRUE,TRUE,28,28,3.18621681815797e-11,0.0125143627267147,""
715,"capped",TRUE,TRUE,28,28,3.89995074519493e-13,0.0119225014808039,""
716,"probability",TRUE,NA,NA,NA,NA,NA,""
716,"original",TRUE,TRUE,28,28,7.48310251802412e-12,0.0120541111022987,""
716,"capped",TRUE,TRUE,28,28,1.00584914941764e-12,0.0117456163457914,""
717,"probability",TRUE,NA,NA,NA,NA,NA,""
717,"original",TRUE,TRUE,28,28,3.29897653115082e-11,0.0118457953425038,""
717,"capped",TRUE,TRUE,28,28,3.97470447589899e-12,0.0112909016615759,""
718,"probability",TRUE,NA,NA,NA,NA,NA,""
718,"original",TRUE,TRUE,28,28,1.76918152573828e-11,0.014443912698987,""
718,"capped",TRUE,TRUE,28,28,4.5228895413397e-12,0.0134827149216889,""
719,"probability",TRUE,NA,NA,NA,NA,NA,""
719,"original",TRUE,TRUE,28,28,5.05474277208014e-12,0.0123033602265823,""
719,"capped",TRUE,TRUE,28,28,5.0957107151019e-13,0.0119063770868807,""
720,"probability",TRUE,NA,NA,NA,NA,NA,""
720,"original",TRUE,TRUE,28,28,4.74944229385804e-11,0.0116160866441578,""
720,"capped",TRUE,TRUE,28,28,2.65149130711999e-12,0.0110367144017929,""
721,"probability",TRUE,NA,NA,NA,NA,NA,""
721,"original",TRUE,TRUE,28,28,1.26363060263584e-11,0.0132321235667213,""
721,"capped",TRUE,TRUE,28,28,1.12825608368602e-12,0.0128005824477923,""
722,"probability",TRUE,NA,NA,NA,NA,NA,""
722,"original",TRUE,TRUE,28,28,4.02878820037653e-16,0.0122685833955823,""
722,"capped",TRUE,TRUE,28,28,2.97952407586195e-12,0.0116346178003286,""
723,"probability",TRUE,NA,NA,NA,NA,NA,""
723,"original",TRUE,TRUE,28,28,4.75160019278086e-12,0.0119879068545476,""
723,"capped",TRUE,TRUE,28,28,2.27190397520336e-12,0.0119709096911227,""
724,"probability",TRUE,NA,NA,NA,NA,NA,""
724,"original",TRUE,TRUE,28,28,9.15139054682518e-12,0.0129131791419614,""
724,"capped",TRUE,TRUE,28,28,1.54595490211524e-13,0.0125349305146273,""
725,"probability",TRUE,NA,NA,NA,NA,NA,""
725,"original",TRUE,TRUE,28,28,6.74564343302466e-12,0.0111801883241797,""
725,"capped",TRUE,TRUE,28,28,5.80415046968444e-13,0.0108499219322019,""
726,"probability",TRUE,NA,NA,NA,NA,NA,""
726,"original",TRUE,TRUE,28,28,5.60491912423279e-16,0.0127789327757248,""
726,"capped",TRUE,TRUE,28,28,3.32846414562903e-12,0.0122797398217494,""
727,"probability",TRUE,NA,NA,NA,NA,NA,""
727,"original",TRUE,TRUE,28,28,4.17971411247773e-13,0.0114470619079751,""
727,"capped",TRUE,TRUE,28,28,9.13328724765172e-13,0.0112718368708573,""
728,"probability",TRUE,NA,NA,NA,NA,NA,""
728,"original",TRUE,TRUE,28,28,2.39186648569453e-13,0.012435918179891,""
728,"capped",TRUE,TRUE,28,28,3.13531273707871e-13,0.0123084603135416,""
729,"probability",TRUE,NA,NA,NA,NA,NA,""
729,"original",TRUE,TRUE,28,28,9.43723265531371e-12,0.0120425961828723,""
729,"capped",TRUE,TRUE,28,28,1.36493562675409e-12,0.0117853148182007,""
730,"probability",TRUE,NA,NA,NA,NA,NA,""
730,"original",TRUE,TRUE,28,28,1.50975925898161e-11,0.01243398842054,""
730,"capped",TRUE,TRUE,28,28,3.31857862229105e-12,0.0120485888458313,""
731,"probability",TRUE,NA,NA,NA,NA,NA,""
731,"original",TRUE,TRUE,28,28,2.78090416390482e-12,0.0116139522613291,""
731,"capped",TRUE,TRUE,28,28,6.90058752957313e-13,0.0114506732826803,""
732,"probability",TRUE,NA,NA,NA,NA,NA,""
732,"original",TRUE,TRUE,28,28,9.87717154976937e-11,0.0120118087029729,""
732,"capped",TRUE,TRUE,28,28,2.544326375454e-13,0.0115488494154211,""
733,"probability",TRUE,NA,NA,NA,NA,NA,""
733,"original",TRUE,TRUE,28,28,5.9366398844933e-16,0.0125187736272022,""
733,"capped",TRUE,TRUE,28,28,1.47173549762705e-12,0.0121426470987942,""
734,"probability",TRUE,NA,NA,NA,NA,NA,""
734,"original",TRUE,TRUE,28,28,7.39651742106808e-13,0.0114023644714046,""
734,"capped",TRUE,TRUE,28,28,1.86120560139812e-12,0.0113946581689443,""
735,"probability",TRUE,NA,NA,NA,NA,NA,""
735,"original",TRUE,TRUE,28,28,8.70852379928302e-12,0.0126332189695847,""
735,"capped",TRUE,TRUE,28,28,1.54405201846547e-12,0.0123361489715895,""
736,"probability",TRUE,NA,NA,NA,NA,NA,""
736,"original",TRUE,TRUE,28,28,1.820583867637e-12,0.0112429826763757,""
736,"capped",TRUE,TRUE,28,28,2.32017857247901e-13,0.0112378790969875,""
737,"probability",TRUE,NA,NA,NA,NA,NA,""
737,"original",TRUE,TRUE,28,28,2.45528797379381e-12,0.01168231011964,""
737,"capped",TRUE,TRUE,28,28,2.2417765797054e-12,0.0116735599922341,""
738,"probability",TRUE,NA,NA,NA,NA,NA,""
738,"original",TRUE,TRUE,28,28,4.33732159034103e-16,0.0125130743874129,""
738,"capped",TRUE,TRUE,28,28,4.39478614927127e-12,0.0120490273056593,""
739,"probability",TRUE,NA,NA,NA,NA,NA,""
739,"original",TRUE,TRUE,28,28,7.67089689247057e-12,0.011279229032798,""
739,"capped",TRUE,TRUE,28,28,2.04627709592571e-12,0.0112725641305402,""
740,"probability",TRUE,NA,NA,NA,NA,NA,""
740,"original",TRUE,TRUE,28,28,8.48031354408881e-11,0.0124455523660318,""
740,"capped",TRUE,TRUE,28,28,2.27854961646896e-12,0.0119077397130924,""
741,"probability",TRUE,NA,NA,NA,NA,NA,""
741,"original",TRUE,TRUE,28,28,1.26987784201071e-15,0.0121283417077384,""
741,"capped",TRUE,TRUE,28,28,1.56545354872508e-12,0.0117514612728776,""
742,"probability",TRUE,NA,NA,NA,NA,NA,""
742,"original",TRUE,TRUE,28,28,7.53348511682879e-13,0.0120684512718712,""
742,"capped",TRUE,TRUE,28,28,3.89131332627085e-12,0.0120412540377067,""
743,"probability",TRUE,NA,NA,NA,NA,NA,""
743,"original",TRUE,TRUE,28,28,2.736981601766e-12,0.0122401605620086,""
743,"capped",TRUE,TRUE,28,28,8.3809756023391e-13,0.0121029124988996,""
744,"probability",TRUE,NA,NA,NA,NA,NA,""
744,"original",TRUE,TRUE,28,28,4.1843782192332e-11,0.0128307684658436,""
744,"capped",TRUE,TRUE,28,28,7.01390881129385e-13,0.0123369208103565,""
745,"probability",TRUE,NA,NA,NA,NA,NA,""
745,"original",TRUE,TRUE,28,28,4.62477932107926e-11,0.0132708931832217,""
745,"capped",TRUE,TRUE,28,28,4.33599188846402e-12,0.0127623364236837,""
746,"probability",TRUE,NA,NA,NA,NA,NA,""
746,"original",TRUE,TRUE,28,28,3.04960643911081e-12,0.0122123735919,""
746,"capped",TRUE,TRUE,28,28,2.22812834261913e-12,0.0121926447888266,""
747,"probability",TRUE,NA,NA,NA,NA,NA,""
747,"original",TRUE,TRUE,28,28,7.64784800556134e-12,0.0121943004277764,""
747,"capped",TRUE,TRUE,28,28,3.25341614078808e-12,0.0118875716245769,""
748,"probability",TRUE,NA,NA,NA,NA,NA,""
748,"original",TRUE,TRUE,28,28,1.84298591670594e-11,0.0124242351364557,""
748,"capped",TRUE,TRUE,28,28,2.56138914710871e-12,0.0122171945592336,""
749,"probability",TRUE,NA,NA,NA,NA,NA,""
749,"original",TRUE,TRUE,28,28,1.57541202017752e-11,0.0124080932010903,""
749,"capped",TRUE,TRUE,28,28,3.95058657605003e-12,0.0120811881346674,""
750,"probability",TRUE,NA,NA,NA,NA,NA,""
750,"original",TRUE,TRUE,28,28,1.85499070132795e-12,0.0114346483145727,""
750,"capped",TRUE,TRUE,28,28,2.90458289724886e-12,0.0114094488584892,""
751,"probability",TRUE,NA,NA,NA,NA,NA,""
751,"original",TRUE,TRUE,28,28,6.53403106989335e-16,0.0123120800655099,""
751,"capped",TRUE,TRUE,28,28,1.26067483011071e-12,0.0119809110073329,""
752,"probability",TRUE,NA,NA,NA,NA,NA,""
752,"original",TRUE,TRUE,28,28,2.6814223807626e-11,0.0114526554096756,""
752,"capped",TRUE,TRUE,28,28,2.00465737665275e-12,0.0109509643783601,""
753,"probability",TRUE,NA,NA,NA,NA,NA,""
753,"original",TRUE,TRUE,28,28,7.38999383886103e-16,0.0114863845043763,""
753,"capped",TRUE,TRUE,28,28,4.72053421579981e-13,0.0109570905425774,""
754,"probability",TRUE,NA,NA,NA,NA,NA,""
754,"original",TRUE,TRUE,28,28,1.18854884253521e-12,0.0117581673111287,""
754,"capped",TRUE,TRUE,28,28,4.96274378573248e-13,0.0115208922781329,""
755,"probability",TRUE,NA,NA,NA,NA,NA,""
755,"original",TRUE,TRUE,28,28,1.45667252364995e-11,0.0121600829415117,""
755,"capped",TRUE,TRUE,28,28,1.74113566386796e-12,0.0117456033085785,""
756,"probability",TRUE,NA,NA,NA,NA,NA,""
756,"original",TRUE,TRUE,28,28,1.41575711934824e-12,0.0111590745133246,""
756,"capped",TRUE,TRUE,28,28,5.08010324122667e-13,0.0110784851395054,""
757,"probability",TRUE,NA,NA,NA,NA,NA,""
757,"original",TRUE,TRUE,28,28,1.89221460628919e-11,0.0123070158246484,""
757,"capped",TRUE,TRUE,28,28,2.02922104848322e-12,0.0119594124792209,""
758,"probability",TRUE,NA,NA,NA,NA,NA,""
758,"original",TRUE,TRUE,28,28,3.22707383436443e-12,0.0108751367013956,""
758,"capped",TRUE,TRUE,28,28,1.03439003861828e-12,0.0108696916900659,""
759,"probability",TRUE,NA,NA,NA,NA,NA,""
759,"original",TRUE,TRUE,28,28,2.02036393122686e-11,0.0122227940749783,""
759,"capped",TRUE,TRUE,28,28,1.07544396576526e-12,0.0118466124437421,""
760,"probability",TRUE,NA,NA,NA,NA,NA,""
760,"original",TRUE,TRUE,28,28,4.99713461396802e-12,0.0119950453511702,""
760,"capped",TRUE,TRUE,28,28,3.03690962682375e-12,0.0116474859235492,""
761,"probability",TRUE,NA,NA,NA,NA,NA,""
761,"original",TRUE,TRUE,28,28,1.60047141427526e-12,0.0118276265846735,""
761,"capped",TRUE,TRUE,28,28,1.11414644363602e-12,0.0117854289782132,""
762,"probability",TRUE,NA,NA,NA,NA,NA,""
762,"original",TRUE,TRUE,28,28,5.81934528093047e-11,0.011704815102782,""
762,"capped",TRUE,TRUE,28,28,1.93078047582556e-12,0.0112897567391235,""
763,"probability",TRUE,NA,NA,NA,NA,NA,""
763,"original",TRUE,TRUE,28,28,4.63000072071739e-16,0.0125133908283672,""
763,"capped",TRUE,TRUE,28,28,2.89269567203763e-12,0.0121099760779368,""
764,"probability",TRUE,NA,NA,NA,NA,NA,""
764,"original",TRUE,TRUE,28,28,1.22028253629053e-11,0.0115696965989761,""
764,"capped",TRUE,TRUE,28,28,3.59373695276217e-12,0.0112129735231345,""
765,"probability",TRUE,NA,NA,NA,NA,NA,""
765,"original",TRUE,TRUE,28,28,1.96193575459571e-12,0.0122257432495272,""
765,"capped",TRUE,TRUE,28,28,5.28058026917283e-13,0.0121098179736211,""
766,"probability",TRUE,NA,NA,NA,NA,NA,""
766,"original",TRUE,TRUE,28,28,2.04620828918591e-12,0.0121105277765443,""
766,"capped",TRUE,TRUE,28,28,1.74483940936749e-12,0.0120917822606667,""
767,"probability",TRUE,NA,NA,NA,NA,NA,""
767,"original",TRUE,TRUE,28,28,1.54746893804594e-11,0.0117954830227677,""
767,"capped",TRUE,TRUE,28,28,6.2111666610547e-13,0.0114178901343921,""
768,"probability",TRUE,NA,NA,NA,NA,NA,""
768,"original",TRUE,TRUE,28,28,7.21028825668137e-13,0.0110135306209583,""
768,"capped",TRUE,TRUE,28,28,1.98498011869476e-13,0.0108698767441926,""
769,"probability",TRUE,NA,NA,NA,NA,NA,""
769,"original",TRUE,TRUE,28,28,6.71296285336425e-13,0.0116185822022013,""
769,"capped",TRUE,TRUE,28,28,1.42209441970791e-12,0.0115773143859566,""
770,"probability",TRUE,NA,NA,NA,NA,NA,""
770,"original",TRUE,TRUE,28,28,9.87604907613932e-12,0.0120346598798478,""
770,"capped",TRUE,TRUE,28,28,1.59605320716794e-12,0.0117011013554622,""
771,"probability",TRUE,NA,NA,NA,NA,NA,""
771,"original",TRUE,TRUE,28,28,2.59689283965692e-12,0.0130294458986614,""
771,"capped",TRUE,TRUE,28,28,2.15837359559175e-12,0.0129327720945567,""
772,"probability",TRUE,NA,NA,NA,NA,NA,""
772,"original",TRUE,TRUE,28,28,1.77758145373338e-12,0.0108719353195871,""
772,"capped",TRUE,TRUE,28,28,6.59679767309269e-13,0.0108535762560882,""
773,"probability",TRUE,NA,NA,NA,NA,NA,""
773,"original",TRUE,TRUE,28,28,3.40630754898428e-11,0.0122953347568051,""
773,"capped",TRUE,TRUE,28,28,9.6276369211845e-12,0.0118250074911565,""
774,"probability",TRUE,NA,NA,NA,NA,NA,""
774,"original",TRUE,TRUE,28,28,3.59872379024674e-16,0.0114814194438313,""
774,"capped",TRUE,TRUE,28,28,4.40398292213861e-13,0.0109423959314447,""
775,"probability",TRUE,NA,NA,NA,NA,NA,""
775,"original",TRUE,TRUE,28,28,6.35991593204044e-12,0.0130938774345243,""
775,"capped",TRUE,TRUE,28,28,2.43123064729943e-12,0.012709609368229,""
776,"probability",TRUE,NA,NA,NA,NA,NA,""
776,"original",TRUE,TRUE,28,28,1.60663515629218e-11,0.0124292338193099,""
776,"capped",TRUE,TRUE,28,28,2.43289933514267e-12,0.0119296416876292,""
777,"probability",TRUE,NA,NA,NA,NA,NA,""
777,"original",TRUE,TRUE,28,28,8.57372153551114e-12,0.0114291460876621,""
777,"capped",TRUE,TRUE,28,28,1.27672286830916e-12,0.0110464474340408,""
778,"probability",TRUE,NA,NA,NA,NA,NA,""
778,"original",TRUE,TRUE,28,28,1.43953482168001e-15,0.0126715579343144,""
778,"capped",TRUE,TRUE,28,28,1.7557630640249e-12,0.0122353268510008,""
779,"probability",TRUE,NA,NA,NA,NA,NA,""
779,"original",TRUE,TRUE,28,28,8.53435043445298e-11,0.0123918275030664,""
779,"capped",TRUE,TRUE,28,28,1.71819067514092e-12,0.0119425648767771,""
780,"probability",TRUE,NA,NA,NA,NA,NA,""
780,"original",TRUE,TRUE,28,28,3.60293735943653e-12,0.0110881406849976,""
780,"capped",TRUE,TRUE,28,28,2.058496247037e-13,0.0109887496815176,""
781,"probability",TRUE,NA,NA,NA,NA,NA,""
781,"original",TRUE,TRUE,28,28,2.14202565543661e-11,0.0124513844865886,""
781,"capped",TRUE,TRUE,28,28,2.15377523511886e-12,0.0120378961601737,""
782,"probability",TRUE,NA,NA,NA,NA,NA,""
782,"original",TRUE,TRUE,28,28,3.93483389293195e-12,0.0125958143036113,""
782,"capped",TRUE,TRUE,28,28,4.02139722841178e-12,0.0123369084825413,""
783,"probability",TRUE,NA,NA,NA,NA,NA,""
783,"original",TRUE,TRUE,28,28,7.07842782337284e-12,0.013390425328883,""
783,"capped",TRUE,TRUE,28,28,6.70346976612978e-12,0.0132961006668648,""
784,"probability",TRUE,NA,NA,NA,NA,NA,""
784,"original",TRUE,TRUE,28,28,1.22843104959652e-15,0.0128644794870213,""
784,"capped",TRUE,TRUE,28,28,2.12139552651631e-12,0.0124303685793064,""
785,"probability",TRUE,NA,NA,NA,NA,NA,""
785,"original",TRUE,TRUE,28,28,5.23706898722572e-11,0.0125238670787717,""
785,"capped",TRUE,TRUE,28,28,3.42622269028467e-12,0.0120958047949518,""
786,"probability",TRUE,NA,NA,NA,NA,NA,""
786,"original",TRUE,TRUE,28,28,5.93085203751883e-11,0.0126501937046472,""
786,"capped",TRUE,TRUE,28,28,9.72461075107171e-14,0.0120634234392723,""
787,"probability",TRUE,NA,NA,NA,NA,NA,""
787,"original",TRUE,TRUE,28,28,7.41682493672059e-12,0.0118701533615366,""
787,"capped",TRUE,TRUE,28,28,3.83682969499717e-13,0.0118141704857343,""
788,"probability",TRUE,NA,NA,NA,NA,NA,""
788,"original",TRUE,TRUE,28,28,2.14198965921882e-11,0.0122971889409175,""
788,"capped",TRUE,TRUE,28,28,1.13789592075378e-12,0.0118973141374437,""
789,"probability",TRUE,NA,NA,NA,NA,NA,""
789,"original",TRUE,TRUE,28,28,2.67047200686928e-12,0.0127563410896352,""
789,"capped",TRUE,TRUE,28,28,2.33322505991962e-12,0.0127026581167014,""
790,"probability",TRUE,NA,NA,NA,NA,NA,""
790,"original",TRUE,TRUE,28,28,5.21609010632234e-11,0.0120175473149266,""
790,"capped",TRUE,TRUE,28,28,2.9413305596505e-12,0.0115618006878713,""
791,"probability",TRUE,NA,NA,NA,NA,NA,""
791,"original",TRUE,TRUE,28,28,2.03588154192955e-12,0.0120910442255395,""
791,"capped",TRUE,TRUE,28,28,3.90527150533509e-13,0.0120013326890996,""
792,"probability",TRUE,NA,NA,NA,NA,NA,""
792,"original",TRUE,TRUE,28,28,6.84594615113196e-16,0.0119011394800017,""
792,"capped",TRUE,TRUE,28,28,2.50227555991578e-12,0.0112230622731404,""
793,"probability",TRUE,NA,NA,NA,NA,NA,""
793,"original",TRUE,TRUE,28,28,1.39384179286786e-11,0.0124828250666354,""
793,"capped",TRUE,TRUE,28,28,2.92944533070283e-12,0.0120367354255455,""
794,"probability",TRUE,NA,NA,NA,NA,NA,""
794,"original",TRUE,TRUE,28,28,1.74848085664566e-11,0.0121154708710163,""
794,"capped",TRUE,TRUE,28,28,2.43234848513517e-12,0.0116535785992611,""
795,"probability",TRUE,NA,NA,NA,NA,NA,""
795,"original",TRUE,TRUE,28,28,6.72696449800837e-12,0.0114961111582434,""
795,"capped",TRUE,TRUE,28,28,8.32413019772858e-13,0.0110327771027896,""
796,"probability",TRUE,NA,NA,NA,NA,NA,""
796,"original",TRUE,TRUE,28,28,1.91321250115385e-11,0.0124886161140885,""
796,"capped",TRUE,TRUE,28,28,3.08843638891537e-13,0.0119461784243585,""
797,"probability",TRUE,NA,NA,NA,NA,NA,""
797,"original",TRUE,TRUE,28,28,3.82313306372996e-11,0.0115451860260993,""
797,"capped",TRUE,TRUE,28,28,3.69731115988521e-13,0.0112097346003496,""
798,"probability",TRUE,NA,NA,NA,NA,NA,""
798,"original",TRUE,TRUE,28,28,4.36653517821188e-12,0.0122289830375737,""
798,"capped",TRUE,TRUE,28,28,4.49677240185186e-13,0.0120791335572621,""
799,"probability",TRUE,NA,NA,NA,NA,NA,""
799,"original",TRUE,TRUE,28,28,1.08632668655037e-12,0.0123839264299083,""
799,"capped",TRUE,TRUE,28,28,6.1413888763995e-13,0.0123583267714871,""
800,"probability",TRUE,NA,NA,NA,NA,NA,""
800,"original",TRUE,TRUE,28,28,3.94351038928821e-12,0.0126538151512719,""
800,"capped",TRUE,TRUE,28,28,2.16890697670822e-12,0.0126078392169522,""
801,"probability",TRUE,NA,NA,NA,NA,NA,""
801,"original",TRUE,TRUE,28,28,3.14259330387859e-12,0.0126574358361518,""
801,"capped",TRUE,TRUE,28,28,3.38053332079623e-12,0.0125820062481608,""
802,"probability",TRUE,NA,NA,NA,NA,NA,""
802,"original",TRUE,TRUE,28,28,2.61550094576298e-12,0.0128088541725532,""
802,"capped",TRUE,TRUE,28,28,7.34153830853224e-13,0.0126226004590109,""
803,"probability",TRUE,NA,NA,NA,NA,NA,""
803,"original",TRUE,TRUE,28,28,2.03110579409551e-11,0.0116049728436239,""
803,"capped",TRUE,TRUE,28,28,2.88257313703131e-12,0.0112640944178328,""
804,"probability",TRUE,NA,NA,NA,NA,NA,""
804,"original",TRUE,TRUE,28,28,2.51291699844534e-12,0.00998506343012982,""
804,"capped",TRUE,TRUE,28,28,2.95834951702799e-13,0.00990436391959207,""
805,"probability",TRUE,NA,NA,NA,NA,NA,""
805,"original",TRUE,TRUE,28,28,2.21310544946005e-12,0.0122165275943128,""
805,"capped",TRUE,TRUE,28,28,6.71202999442807e-13,0.0121380772379891,""
806,"probability",TRUE,NA,NA,NA,NA,NA,""
806,"original",TRUE,TRUE,28,28,3.20709692261443e-11,0.0128383241864095,""
806,"capped",TRUE,TRUE,28,28,1.65072418470178e-12,0.0125148196123884,""
807,"probability",TRUE,NA,NA,NA,NA,NA,""
807,"original",TRUE,TRUE,28,28,4.81860476944399e-12,0.0127276676994127,""
807,"capped",TRUE,TRUE,28,28,4.51759438758554e-13,0.0126273707573653,""
808,"probability",TRUE,NA,NA,NA,NA,NA,""
808,"original",TRUE,TRUE,28,28,9.69242094183861e-12,0.0119248440448586,""
808,"capped",TRUE,TRUE,28,28,2.14142874376061e-13,0.0115323463356379,""
809,"probability",TRUE,NA,NA,NA,NA,NA,""
809,"original",TRUE,TRUE,28,28,8.84841328497662e-13,0.0123087710096548,""
809,"capped",TRUE,TRUE,28,28,2.33823051924336e-12,0.012290235061491,""
810,"probability",TRUE,NA,NA,NA,NA,NA,""
810,"original",TRUE,TRUE,28,28,8.30267956328963e-13,0.0117964768116459,""
810,"capped",TRUE,TRUE,28,28,1.2733027685736e-13,0.0116820550803609,""
811,"probability",TRUE,NA,NA,NA,NA,NA,""
811,"original",TRUE,TRUE,28,28,1.48297157490833e-12,0.0118215720220723,""
811,"capped",TRUE,TRUE,28,28,9.91624256673448e-13,0.0118279536489341,""
812,"probability",TRUE,NA,NA,NA,NA,NA,""
812,"original",TRUE,TRUE,28,28,7.32045949469616e-11,0.0113188350056025,""
812,"capped",TRUE,TRUE,28,28,4.48150479143383e-13,0.0110845395712474,""
813,"probability",TRUE,NA,NA,NA,NA,NA,""
813,"original",TRUE,TRUE,28,28,7.13840540259054e-13,0.011110165612653,""
813,"capped",TRUE,TRUE,28,28,8.8767059370785e-13,0.0109999727165833,""
814,"probability",TRUE,NA,NA,NA,NA,NA,""
814,"original",TRUE,TRUE,28,28,2.12290254868931e-11,0.013211205934927,""
814,"capped",TRUE,TRUE,28,28,2.11081178201668e-12,0.0128407850105243,""
815,"probability",TRUE,NA,NA,NA,NA,NA,""
815,"original",TRUE,TRUE,28,28,3.68765868816451e-12,0.010506593178814,""
815,"capped",TRUE,TRUE,28,28,4.04596499331192e-13,0.0103244565195835,""
816,"probability",TRUE,NA,NA,NA,NA,NA,""
816,"original",TRUE,TRUE,28,28,3.14058179541566e-11,0.0124843946034033,""
816,"capped",TRUE,TRUE,28,28,1.42700587038861e-12,0.0120898775433006,""
817,"probability",TRUE,NA,NA,NA,NA,NA,""
817,"original",TRUE,TRUE,28,28,6.73138034376758e-13,0.0122644251709017,""
817,"capped",TRUE,TRUE,28,28,2.33663173518687e-12,0.0122133096553706,""
818,"probability",TRUE,NA,NA,NA,NA,NA,""
818,"original",TRUE,TRUE,28,28,1.45586171392001e-12,0.0116320241430698,""
818,"capped",TRUE,TRUE,28,28,6.8751648170363e-13,0.0114680096627955,""
819,"probability",TRUE,NA,NA,NA,NA,NA,""
819,"original",TRUE,TRUE,28,28,3.88226114720509e-13,0.0120602213817102,""
819,"capped",TRUE,TRUE,28,28,1.08782313175619e-12,0.0121207558637767,""
820,"probability",TRUE,NA,NA,NA,NA,NA,""
820,"original",TRUE,TRUE,28,28,1.93092997652193e-12,0.0119521770908402,""
820,"capped",TRUE,TRUE,28,28,5.72355130025292e-13,0.0119353112988836,""
821,"probability",TRUE,NA,NA,NA,NA,NA,""
821,"original",TRUE,TRUE,28,28,5.36370989523389e-13,0.0119458931577972,""
821,"capped",TRUE,TRUE,28,28,4.76452762894261e-14,0.0117106426418265,""
822,"probability",TRUE,NA,NA,NA,NA,NA,""
822,"original",TRUE,TRUE,28,28,2.41308341333153e-11,0.0116500660888564,""
822,"capped",TRUE,TRUE,28,28,1.5771732022381e-12,0.0112167806016679,""
823,"probability",TRUE,NA,NA,NA,NA,NA,""
823,"original",TRUE,TRUE,28,28,3.24580774225636e-11,0.0131289677127945,""
823,"capped",TRUE,TRUE,28,28,2.11735578107542e-12,0.0128769356983885,""
824,"probability",TRUE,NA,NA,NA,NA,NA,""
824,"original",TRUE,TRUE,28,28,7.41497589518368e-13,0.0110094694949876,""
824,"capped",TRUE,TRUE,28,28,3.13304804792793e-13,0.0109241192884152,""
825,"probability",TRUE,NA,NA,NA,NA,NA,""
825,"original",TRUE,TRUE,28,28,5.39222166602929e-11,0.0127471064706171,""
825,"capped",TRUE,TRUE,28,28,1.80423494121314e-12,0.0121156056434368,""
826,"probability",TRUE,NA,NA,NA,NA,NA,""
826,"original",TRUE,TRUE,28,28,2.51478628875096e-11,0.0125771567033276,""
826,"capped",TRUE,TRUE,28,28,6.72909584328977e-12,0.0121768741333581,""
827,"probability",TRUE,NA,NA,NA,NA,NA,""
827,"original",TRUE,TRUE,28,28,2.8200019472021e-12,0.0121524349316551,""
827,"capped",TRUE,TRUE,28,28,1.49860340491994e-12,0.0120851331602183,""
828,"probability",TRUE,NA,NA,NA,NA,NA,""
828,"original",TRUE,TRUE,28,28,4.56497584831167e-16,0.0121501653820433,""
828,"capped",TRUE,TRUE,28,28,1.23142257636552e-12,0.0115967975123814,""
829,"probability",TRUE,NA,NA,NA,NA,NA,""
829,"original",TRUE,TRUE,28,28,1.33275785939805e-12,0.0118401366015943,""
829,"capped",TRUE,TRUE,28,28,3.46735927087611e-13,0.0117015034974421,""
830,"probability",TRUE,NA,NA,NA,NA,NA,""
830,"original",TRUE,TRUE,28,28,5.0946247749491e-12,0.0115212339892457,""
830,"capped",TRUE,TRUE,28,28,2.39447999820218e-12,0.0111537299002383,""
831,"probability",TRUE,NA,NA,NA,NA,NA,""
831,"original",TRUE,TRUE,28,28,1.69469068438714e-11,0.0130653814218938,""
831,"capped",TRUE,TRUE,28,28,1.40905565775535e-12,0.0126616917995813,""
832,"probability",TRUE,NA,NA,NA,NA,NA,""
832,"original",TRUE,TRUE,28,28,5.28758987263252e-12,0.0121860963588858,""
832,"capped",TRUE,TRUE,28,28,6.2178440419351e-13,0.0120629589356124,""
833,"probability",TRUE,NA,NA,NA,NA,NA,""
833,"original",TRUE,TRUE,28,28,1.19064265534996e-11,0.0123189442177696,""
833,"capped",TRUE,TRUE,28,28,3.64462923442698e-12,0.0118849282167507,""
834,"probability",TRUE,NA,NA,NA,NA,NA,""
834,"original",TRUE,TRUE,28,28,4.39216177808598e-13,0.0122499684904098,""
834,"capped",TRUE,TRUE,28,28,9.8839912611225e-13,0.0121989722550044,""
835,"probability",TRUE,NA,NA,NA,NA,NA,""
835,"original",TRUE,TRUE,28,28,1.48089881376784e-11,0.0123639835283828,""
835,"capped",TRUE,TRUE,28,28,4.46208719465797e-12,0.0120356532916295,""
836,"probability",TRUE,NA,NA,NA,NA,NA,""
836,"original",TRUE,TRUE,28,28,1.16003052441542e-12,0.0117397030516498,""
836,"capped",TRUE,TRUE,28,28,2.74428106658109e-12,0.011545197795451,""
837,"probability",TRUE,NA,NA,NA,NA,NA,""
837,"original",TRUE,TRUE,28,28,1.13343221268982e-11,0.0131414013843508,""
837,"capped",TRUE,TRUE,28,28,6.81010497191123e-12,0.0128994000466346,""
838,"probability",TRUE,NA,NA,NA,NA,NA,""
838,"original",TRUE,TRUE,28,28,2.14692211427537e-11,0.0121690989947344,""
838,"capped",TRUE,TRUE,28,28,1.41733661015846e-12,0.0116598723922743,""
839,"probability",TRUE,NA,NA,NA,NA,NA,""
839,"original",TRUE,TRUE,28,28,7.5631832327263e-13,0.0109833076027942,""
839,"capped",TRUE,TRUE,28,28,1.08225253565459e-12,0.0108446826729707,""
840,"probability",TRUE,NA,NA,NA,NA,NA,""
840,"original",TRUE,TRUE,28,28,2.14904820385625e-12,0.0122641064492014,""
840,"capped",TRUE,TRUE,28,28,1.01314828518872e-12,0.012220529965601,""
841,"probability",TRUE,NA,NA,NA,NA,NA,""
841,"original",TRUE,TRUE,28,28,2.25910036934318e-12,0.0114852084053556,""
841,"capped",TRUE,TRUE,28,28,4.82139560446977e-13,0.0114450438636415,""
842,"probability",TRUE,NA,NA,NA,NA,NA,""
842,"original",TRUE,TRUE,28,28,3.77387277227947e-12,0.012266068110512,""
842,"capped",TRUE,TRUE,28,28,1.16602800015174e-12,0.0118291016825662,""
843,"probability",TRUE,NA,NA,NA,NA,NA,""
843,"original",TRUE,TRUE,28,28,9.45758609103512e-12,0.0135144266677798,""
843,"capped",TRUE,TRUE,28,28,5.39173976298246e-12,0.0130887620458243,""
844,"probability",TRUE,NA,NA,NA,NA,NA,""
844,"original",TRUE,TRUE,28,28,8.68571188254868e-13,0.0111241437865638,""
844,"capped",TRUE,TRUE,28,28,3.39503038009089e-13,0.0110399253432413,""
845,"probability",TRUE,NA,NA,NA,NA,NA,""
845,"original",TRUE,TRUE,28,28,5.50478388752064e-16,0.0123827995894509,""
845,"capped",TRUE,TRUE,28,28,5.02502950161839e-12,0.0119452737093306,""
846,"probability",TRUE,NA,NA,NA,NA,NA,""
846,"original",TRUE,TRUE,28,28,3.25191277101129e-11,0.0114190688454908,""
846,"capped",TRUE,TRUE,28,28,4.11152947323634e-13,0.0110297370586611,""
847,"probability",TRUE,NA,NA,NA,NA,NA,""
847,"original",TRUE,TRUE,28,28,2.19830987861481e-11,0.013042570560042,""
847,"capped",TRUE,TRUE,28,28,2.28193957028278e-12,0.0125990268680398,""
848,"probability",TRUE,NA,NA,NA,NA,NA,""
848,"original",TRUE,TRUE,28,28,8.30967275269812e-12,0.0111109266880194,""
848,"capped",TRUE,TRUE,28,28,3.84420272423816e-13,0.0107920390026325,""
849,"probability",TRUE,NA,NA,NA,NA,NA,""
849,"original",TRUE,TRUE,28,28,1.03881875596941e-11,0.0126758029493737,""
849,"capped",TRUE,TRUE,28,28,1.22917573240575e-12,0.0123080812053,""
850,"probability",TRUE,NA,NA,NA,NA,NA,""
850,"original",TRUE,TRUE,28,28,1.73604272993395e-12,0.0114284443878662,""
850,"capped",TRUE,TRUE,28,28,4.6062526217788e-13,0.0113002162726421,""
851,"probability",TRUE,NA,NA,NA,NA,NA,""
851,"original",TRUE,TRUE,28,28,6.97841246654554e-12,0.012619946480919,""
851,"capped",TRUE,TRUE,28,28,1.29454530718802e-12,0.0124974734782397,""
852,"probability",TRUE,NA,NA,NA,NA,NA,""
852,"original",TRUE,TRUE,28,28,1.65726308618756e-11,0.0122377784202653,""
852,"capped",TRUE,TRUE,28,28,3.2692343996059e-12,0.0118457101434695,""
853,"probability",TRUE,NA,NA,NA,NA,NA,""
853,"original",TRUE,TRUE,28,28,2.39845636832987e-12,0.0108567071764617,""
853,"capped",TRUE,TRUE,28,28,2.91588353786866e-13,0.0107463223689263,""
854,"probability",TRUE,NA,NA,NA,NA,NA,""
854,"original",TRUE,TRUE,28,28,5.83542826413151e-13,0.0120668771048739,""
854,"capped",TRUE,TRUE,28,28,1.0106933991361e-12,0.0118602736391215,""
855,"probability",TRUE,NA,NA,NA,NA,NA,""
855,"original",TRUE,TRUE,28,28,1.4055684314576e-12,0.0120290706999133,""
855,"capped",TRUE,TRUE,28,28,4.54541128254165e-13,0.0119573171013277,""
856,"probability",TRUE,NA,NA,NA,NA,NA,""
856,"original",TRUE,TRUE,28,28,4.80599731180919e-12,0.010999875343986,""
856,"capped",TRUE,TRUE,28,28,3.61150190482996e-13,0.0108059857334305,""
857,"probability",TRUE,NA,NA,NA,NA,NA,""
857,"original",TRUE,TRUE,28,28,6.72931366618985e-12,0.0116296044361611,""
857,"capped",TRUE,TRUE,28,28,1.17224336172718e-12,0.0114673928657828,""
858,"probability",TRUE,NA,NA,NA,NA,NA,""
858,"original",TRUE,TRUE,28,28,1.07501525811645e-11,0.0118056897565993,""
858,"capped",TRUE,TRUE,28,28,2.18126427260579e-12,0.0114851236216685,""
859,"probability",TRUE,NA,NA,NA,NA,NA,""
859,"original",TRUE,TRUE,28,28,5.33245152391088e-11,0.0129882811045506,""
859,"capped",TRUE,TRUE,28,28,7.11623795177824e-13,0.0125033253290451,""
860,"probability",TRUE,NA,NA,NA,NA,NA,""
860,"original",TRUE,TRUE,28,28,2.10349639693534e-12,0.0114446133119397,""
860,"capped",TRUE,TRUE,28,28,1.13824725372108e-12,0.0113512466280831,""
861,"probability",TRUE,NA,NA,NA,NA,NA,""
861,"original",TRUE,TRUE,28,28,1.9914149694346e-12,0.012131434925176,""
861,"capped",TRUE,TRUE,28,28,1.81290192622346e-12,0.011971613289952,""
862,"probability",TRUE,NA,NA,NA,NA,NA,""
862,"original",TRUE,TRUE,28,28,4.5564078230407e-13,0.0118966870630772,""
862,"capped",TRUE,TRUE,28,28,1.3351767167848e-12,0.01183523911663,""
863,"probability",TRUE,NA,NA,NA,NA,NA,""
863,"original",TRUE,TRUE,28,28,4.18000079735039e-16,0.0121856037239336,""
863,"capped",TRUE,TRUE,28,28,3.61258810280205e-12,0.0118660328711219,""
864,"probability",TRUE,NA,NA,NA,NA,NA,""
864,"original",TRUE,TRUE,28,28,4.90037401311521e-11,0.0121852346668641,""
864,"capped",TRUE,TRUE,28,28,1.83324672546068e-12,0.011761249970021,""
865,"probability",TRUE,NA,NA,NA,NA,NA,""
865,"original",TRUE,TRUE,28,28,9.28788323830098e-12,0.0130835507462831,""
865,"capped",TRUE,TRUE,28,28,9.41796450137338e-12,0.0130470560511917,""
866,"probability",TRUE,NA,NA,NA,NA,NA,""
866,"original",TRUE,TRUE,28,28,2.02726678529888e-12,0.0123871994987053,""
866,"capped",TRUE,TRUE,28,28,1.79393019009122e-12,0.0123492425031399,""
867,"probability",TRUE,NA,NA,NA,NA,NA,""
867,"original",TRUE,TRUE,28,28,6.21412411065502e-12,0.0123144955449105,""
867,"capped",TRUE,TRUE,28,28,5.53295684186708e-13,0.0118910698181467,""
868,"probability",TRUE,NA,NA,NA,NA,NA,""
868,"original",TRUE,TRUE,28,28,1.11659868549195e-11,0.0115952158532323,""
868,"capped",TRUE,TRUE,28,28,6.26441244473921e-12,0.011425882487539,""
869,"probability",TRUE,NA,NA,NA,NA,NA,""
869,"original",TRUE,TRUE,28,28,1.59865759146456e-11,0.0119217987089327,""
869,"capped",TRUE,TRUE,28,28,3.79298492293172e-13,0.011718034673915,""
870,"probability",TRUE,NA,NA,NA,NA,NA,""
870,"original",TRUE,TRUE,28,28,1.06096562000072e-11,0.0118087746499917,""
870,"capped",TRUE,TRUE,28,28,1.25270250130696e-12,0.0114759581519098,""
871,"probability",TRUE,NA,NA,NA,NA,NA,""
871,"original",TRUE,TRUE,28,28,3.01323204950231e-12,0.0116253853250917,""
871,"capped",TRUE,TRUE,28,28,3.74540209037921e-13,0.0115296562496566,""
872,"probability",TRUE,NA,NA,NA,NA,NA,""
872,"original",TRUE,TRUE,28,28,6.83123668933342e-12,0.011747248432909,""
872,"capped",TRUE,TRUE,28,28,4.73895048012948e-13,0.0112230972829121,""
873,"probability",TRUE,NA,NA,NA,NA,NA,""
873,"original",TRUE,TRUE,28,28,1.25520019665505e-11,0.0129852190195615,""
873,"capped",TRUE,TRUE,28,28,1.15266597033487e-12,0.0125137010276522,""
874,"probability",TRUE,NA,NA,NA,NA,NA,""
874,"original",TRUE,TRUE,28,28,1.5804233783638e-11,0.0125974731120139,""
874,"capped",TRUE,TRUE,28,28,3.60035513493842e-13,0.0121380117505032,""
875,"probability",TRUE,NA,NA,NA,NA,NA,""
875,"original",TRUE,TRUE,28,28,1.10222640633532e-11,0.0122362488590589,""
875,"capped",TRUE,TRUE,28,28,2.75048042006724e-12,0.0118721649894058,""
876,"probability",TRUE,NA,NA,NA,NA,NA,""
876,"original",TRUE,TRUE,28,28,1.73678474672055e-12,0.0112960288445872,""
876,"capped",TRUE,TRUE,28,28,2.11773829407336e-12,0.0112361405150487,""
877,"probability",TRUE,NA,NA,NA,NA,NA,""
877,"original",TRUE,TRUE,28,28,6.73498625330951e-12,0.0119577326028527,""
877,"capped",TRUE,TRUE,28,28,2.6204380428791e-12,0.0116506573019857,""
878,"probability",TRUE,NA,NA,NA,NA,NA,""
878,"original",TRUE,TRUE,28,28,9.31723610167007e-12,0.012073209204057,""
878,"capped",TRUE,TRUE,28,28,8.00095810670488e-13,0.0115948241391321,""
879,"probability",TRUE,NA,NA,NA,NA,NA,""
879,"original",TRUE,TRUE,28,28,5.82284848575113e-11,0.0125189748277989,""
879,"capped",TRUE,TRUE,28,28,3.50011157737769e-12,0.0119857880107392,""
880,"probability",TRUE,NA,NA,NA,NA,NA,""
880,"original",TRUE,TRUE,28,28,4.05114189579675e-12,0.0115832069380242,""
880,"capped",TRUE,TRUE,28,28,7.31931007513798e-14,0.0115371940329394,""
881,"probability",TRUE,NA,NA,NA,NA,NA,""
881,"original",TRUE,TRUE,28,28,1.45483745905333e-15,0.0128093976363099,""
881,"capped",TRUE,TRUE,28,28,1.06609804638634e-11,0.012318204773294,""
882,"probability",TRUE,NA,NA,NA,NA,NA,""
882,"original",TRUE,TRUE,28,28,6.8125947552151e-12,0.0127840952465056,""
882,"capped",TRUE,TRUE,28,28,2.31764728687844e-12,0.0126713284650804,""
883,"probability",TRUE,NA,NA,NA,NA,NA,""
883,"original",TRUE,TRUE,28,28,4.60064084131196e-12,0.0121039228574547,""
883,"capped",TRUE,TRUE,28,28,7.10724815343854e-13,0.0120303039247056,""
884,"probability",TRUE,NA,NA,NA,NA,NA,""
884,"original",TRUE,TRUE,28,28,1.96705240571313e-11,0.0118581583577794,""
884,"capped",TRUE,TRUE,28,28,2.40931310610474e-12,0.0114250509728163,""
885,"probability",TRUE,NA,NA,NA,NA,NA,""
885,"original",TRUE,TRUE,28,28,1.15183863507899e-11,0.0121483292535211,""
885,"capped",TRUE,TRUE,28,28,8.56981266266599e-13,0.0119591240140302,""
886,"probability",TRUE,NA,NA,NA,NA,NA,""
886,"original",TRUE,TRUE,28,28,3.13392948988788e-12,0.0128176602956855,""
886,"capped",TRUE,TRUE,28,28,3.75167480675611e-12,0.0126063720457379,""
887,"probability",TRUE,NA,NA,NA,NA,NA,""
887,"original",TRUE,TRUE,28,28,7.88523796019369e-11,0.0126668724251497,""
887,"capped",TRUE,TRUE,28,28,3.03529170165285e-12,0.0121617109614414,""
888,"probability",TRUE,NA,NA,NA,NA,NA,""
888,"original",TRUE,TRUE,28,28,1.41579285303537e-11,0.0125602404702973,""
888,"capped",TRUE,TRUE,28,28,1.45840531861512e-13,0.0121633496733608,""
889,"probability",TRUE,NA,NA,NA,NA,NA,""
889,"original",TRUE,TRUE,28,28,1.46735888918778e-15,0.01290297451244,""
889,"capped",TRUE,TRUE,28,28,5.93722498363615e-12,0.0123409361398409,""
890,"probability",TRUE,NA,NA,NA,NA,NA,""
890,"original",TRUE,TRUE,28,28,1.22859809644743e-12,0.012398791130962,""
890,"capped",TRUE,TRUE,28,28,1.36615485931001e-12,0.0123008449525897,""
891,"probability",TRUE,NA,NA,NA,NA,NA,""
891,"original",TRUE,TRUE,28,28,1.21767083045549e-11,0.0130080207890422,""
891,"capped",TRUE,TRUE,28,28,6.54165149009813e-13,0.0125938598561978,""
892,"probability",TRUE,NA,NA,NA,NA,NA,""
892,"original",TRUE,TRUE,28,28,5.03922962837047e-12,0.0111977664358182,""
892,"capped",TRUE,TRUE,28,28,1.64266702840228e-13,0.0108006921135875,""
893,"probability",TRUE,NA,NA,NA,NA,NA,""
893,"original",TRUE,TRUE,28,28,5.95116329621109e-12,0.0131127741382857,""
893,"capped",TRUE,TRUE,28,28,3.43561594243355e-12,0.0129731222892229,""
894,"probability",TRUE,NA,NA,NA,NA,NA,""
894,"original",TRUE,TRUE,28,28,1.77077113361595e-11,0.0122221197220775,""
894,"capped",TRUE,TRUE,28,28,1.16014869395369e-12,0.0117051025810195,""
895,"probability",TRUE,NA,NA,NA,NA,NA,""
895,"original",TRUE,TRUE,28,28,8.36837777857091e-12,0.012361353569121,""
895,"capped",TRUE,TRUE,28,28,8.01440741998354e-13,0.0120722356921813,""
896,"probability",TRUE,NA,NA,NA,NA,NA,""
896,"original",TRUE,TRUE,28,28,3.6976357896753e-12,0.012366915519271,""
896,"capped",TRUE,TRUE,28,28,5.63830754848e-13,0.0118583932476565,""
897,"probability",TRUE,NA,NA,NA,NA,NA,""
897,"original",TRUE,TRUE,28,28,1.28756029236216e-11,0.0131599036873158,""
897,"capped",TRUE,TRUE,28,28,4.30720303909228e-12,0.0127250970656421,""
898,"probability",TRUE,NA,NA,NA,NA,NA,""
898,"original",TRUE,TRUE,28,28,6.46808550628271e-11,0.0130966335186712,""
898,"capped",TRUE,TRUE,28,28,4.61237502889678e-12,0.0127620965595137,""
899,"probability",TRUE,NA,NA,NA,NA,NA,""
899,"original",TRUE,TRUE,28,28,5.5734577157954e-13,0.0109774527691449,""
899,"capped",TRUE,TRUE,28,28,5.48358149819688e-13,0.0108657752930011,""
900,"probability",TRUE,NA,NA,NA,NA,NA,""
900,"original",TRUE,TRUE,28,28,3.88448575760218e-16,0.0124343690707096,""
900,"capped",TRUE,TRUE,28,28,4.55011995351864e-13,0.0118596323043956,""
901,"probability",TRUE,NA,NA,NA,NA,NA,""
901,"original",TRUE,TRUE,28,28,4.585748692457e-11,0.0123701565351558,""
901,"capped",TRUE,TRUE,28,28,1.37265692165094e-12,0.0119036331310884,""
902,"probability",TRUE,NA,NA,NA,NA,NA,""
902,"original",TRUE,TRUE,28,28,2.67511655210099e-13,0.0122888397955312,""
902,"capped",TRUE,TRUE,28,28,5.20001752012504e-13,0.0123102783806376,""
903,"probability",TRUE,NA,NA,NA,NA,NA,""
903,"original",TRUE,TRUE,28,28,1.68649090304081e-11,0.0122874045613637,""
903,"capped",TRUE,TRUE,28,28,7.22284337524044e-13,0.0119291229752255,""
904,"probability",TRUE,NA,NA,NA,NA,NA,""
904,"original",TRUE,TRUE,28,28,5.3968731014426e-12,0.0111832987233528,""
904,"capped",TRUE,TRUE,28,28,3.5837470715556e-13,0.0108871425514071,""
905,"probability",TRUE,NA,NA,NA,NA,NA,""
905,"original",TRUE,TRUE,28,28,5.36004326920092e-11,0.0121756379772461,""
905,"capped",TRUE,TRUE,28,28,7.20346626701539e-13,0.0116503010381615,""
906,"probability",TRUE,NA,NA,NA,NA,NA,""
906,"original",TRUE,TRUE,28,28,1.98164314003432e-11,0.0124298367331852,""
906,"capped",TRUE,TRUE,28,28,2.35726515114696e-12,0.0120872661632243,""
907,"probability",TRUE,NA,NA,NA,NA,NA,""
907,"original",TRUE,TRUE,28,28,7.2007647427194e-12,0.011129481056297,""
907,"capped",TRUE,TRUE,28,28,1.50724979896998e-13,0.0111953901422466,""
908,"probability",TRUE,NA,NA,NA,NA,NA,""
908,"original",TRUE,TRUE,28,28,8.49693879519338e-11,0.0126333040574685,""
908,"capped",TRUE,TRUE,28,28,1.80718260723294e-12,0.0121039156918186,""
909,"probability",TRUE,NA,NA,NA,NA,NA,""
909,"original",TRUE,TRUE,28,28,3.21800416657223e-12,0.0110725871408659,""
909,"capped",TRUE,TRUE,28,28,1.93868700028762e-12,0.0106581313410427,""
910,"probability",TRUE,NA,NA,NA,NA,NA,""
910,"original",TRUE,TRUE,28,28,1.29870020882165e-11,0.0119856290735708,""
910,"capped",TRUE,TRUE,28,28,6.0890250940873e-13,0.0115294355172449,""
911,"probability",TRUE,NA,NA,NA,NA,NA,""
911,"original",TRUE,TRUE,28,28,3.27618231330055e-12,0.0113641160838895,""
911,"capped",TRUE,TRUE,28,28,3.39002764007133e-13,0.011195913864012,""
912,"probability",TRUE,NA,NA,NA,NA,NA,""
912,"original",TRUE,TRUE,28,28,1.43323023322889e-11,0.0126183154516873,""
912,"capped",TRUE,TRUE,28,28,3.06970151518608e-12,0.0121694145693292,""
913,"probability",TRUE,NA,NA,NA,NA,NA,""
913,"original",TRUE,TRUE,28,28,3.48954647871294e-16,0.0128422124106174,""
913,"capped",TRUE,TRUE,28,28,6.04880575093763e-12,0.0124405683490627,""
914,"probability",TRUE,NA,NA,NA,NA,NA,""
914,"original",TRUE,TRUE,28,28,9.0581510358578e-12,0.0118823952620869,""
914,"capped",TRUE,TRUE,28,28,7.86578672957222e-13,0.0114967903439416,""
915,"probability",TRUE,NA,NA,NA,NA,NA,""
915,"original",TRUE,TRUE,28,28,4.98969477592532e-11,0.0125684949568939,""
915,"capped",TRUE,TRUE,28,28,1.38453090502763e-12,0.0122071902039848,""
916,"probability",TRUE,NA,NA,NA,NA,NA,""
916,"original",TRUE,TRUE,28,28,2.19056735309427e-12,0.0127350955266884,""
916,"capped",TRUE,TRUE,28,28,7.08309268119554e-13,0.0126691674536746,""
917,"probability",TRUE,NA,NA,NA,NA,NA,""
917,"original",TRUE,TRUE,28,28,2.02974452527262e-12,0.0115415690562282,""
917,"capped",TRUE,TRUE,28,28,8.92792064989152e-13,0.0114823291670959,""
918,"probability",TRUE,NA,NA,NA,NA,NA,""
918,"original",TRUE,TRUE,28,28,8.53015335046529e-14,0.0113000993360721,""
918,"capped",TRUE,TRUE,28,28,7.85638104586898e-14,0.011274092022943,""
919,"probability",TRUE,NA,NA,NA,NA,NA,""
919,"original",TRUE,TRUE,28,28,1.59076893194738e-11,0.0126025664893958,""
919,"capped",TRUE,TRUE,28,28,2.99265505502105e-12,0.0121615845549225,""
920,"probability",TRUE,NA,NA,NA,NA,NA,""
920,"original",TRUE,TRUE,28,28,2.13888721363927e-11,0.0123510920530066,""
920,"capped",TRUE,TRUE,28,28,2.58006439361284e-12,0.012075369577945,""
921,"probability",TRUE,NA,NA,NA,NA,NA,""
921,"original",TRUE,TRUE,28,28,3.42142526307632e-12,0.0123624311979675,""
921,"capped",TRUE,TRUE,28,28,3.50450201972776e-12,0.0122502511150565,""
922,"probability",TRUE,NA,NA,NA,NA,NA,""
922,"original",TRUE,TRUE,28,28,1.81236265887792e-11,0.0116128230574012,""
922,"capped",TRUE,TRUE,28,28,7.81495216924159e-12,0.0112332091936444,""
923,"probability",TRUE,NA,NA,NA,NA,NA,""
923,"original",TRUE,TRUE,28,28,1.64541318331065e-11,0.0127171485688399,""
923,"capped",TRUE,TRUE,28,28,9.38175606028022e-13,0.0122159220447784,""
924,"probability",TRUE,NA,NA,NA,NA,NA,""
924,"original",TRUE,TRUE,28,28,1.74511360895085e-12,0.0122403230253717,""
924,"capped",TRUE,TRUE,28,28,9.21469857017107e-13,0.012153627590015,""
925,"probability",TRUE,NA,NA,NA,NA,NA,""
925,"original",TRUE,TRUE,28,28,7.51956270101284e-13,0.0118370669720495,""
925,"capped",TRUE,TRUE,28,28,1.41448344120996e-12,0.0119385285013265,""
926,"probability",TRUE,NA,NA,NA,NA,NA,""
926,"original",TRUE,TRUE,28,28,2.97904824678267e-16,0.0130039374643348,""
926,"capped",TRUE,TRUE,28,28,1.47748413072316e-12,0.0125164496436737,""
927,"probability",TRUE,NA,NA,NA,NA,NA,""
927,"original",TRUE,TRUE,28,28,5.13708623881443e-13,0.0120164325017001,""
927,"capped",TRUE,TRUE,28,28,2.86033886554526e-12,0.0119984704767378,""
928,"probability",TRUE,NA,NA,NA,NA,NA,""
928,"original",TRUE,TRUE,28,28,1.86960975075213e-11,0.0127153082972241,""
928,"capped",TRUE,TRUE,28,28,7.56585124546005e-13,0.012172510724375,""
929,"probability",TRUE,NA,NA,NA,NA,NA,""
929,"original",TRUE,TRUE,28,28,1.51004643423248e-11,0.0122610960005364,""
929,"capped",TRUE,TRUE,28,28,5.73780841457035e-13,0.0118244245989785,""
930,"probability",TRUE,NA,NA,NA,NA,NA,""
930,"original",TRUE,TRUE,28,28,2.01745456914549e-12,0.0116882479665971,""
930,"capped",TRUE,TRUE,28,28,2.36394856437947e-12,0.0115721077126179,""
931,"probability",TRUE,NA,NA,NA,NA,NA,""
931,"original",TRUE,TRUE,28,28,5.10895374825744e-13,0.0107091390617946,""
931,"capped",TRUE,TRUE,28,28,5.09095099391339e-13,0.0107462178356019,""
932,"probability",TRUE,NA,NA,NA,NA,NA,""
932,"original",TRUE,TRUE,28,28,1.63472311840183e-11,0.0122931531894908,""
932,"capped",TRUE,TRUE,28,28,1.87642936531875e-12,0.0119187203838022,""
933,"probability",TRUE,NA,NA,NA,NA,NA,""
933,"original",TRUE,TRUE,28,28,5.07434667931489e-12,0.0118485838794375,""
933,"capped",TRUE,TRUE,28,28,5.38836698316679e-12,0.0113844808382953,""
934,"probability",TRUE,NA,NA,NA,NA,NA,""
934,"original",TRUE,TRUE,28,28,1.30532270531132e-13,0.011247128950371,""
934,"capped",TRUE,TRUE,28,28,5.50355302100623e-14,0.0110331201867413,""
935,"probability",TRUE,NA,NA,NA,NA,NA,""
935,"original",TRUE,TRUE,28,28,1.11703315038478e-12,0.0119450444869248,""
935,"capped",TRUE,TRUE,28,28,2.07873360431677e-12,0.0118954531896736,""
936,"probability",TRUE,NA,NA,NA,NA,NA,""
936,"original",TRUE,TRUE,28,28,3.2308460776925e-11,0.0123951003325708,""
936,"capped",TRUE,TRUE,28,28,4.84484088560952e-13,0.0121219934555491,""
937,"probability",TRUE,NA,NA,NA,NA,NA,""
937,"original",TRUE,TRUE,28,28,4.45152875700912e-11,0.0122141460253897,""
937,"capped",TRUE,TRUE,28,28,2.4780319695564e-12,0.0117518838216759,""
938,"probability",TRUE,NA,NA,NA,NA,NA,""
938,"original",TRUE,TRUE,28,28,1.37228151728303e-11,0.0129290084028639,""
938,"capped",TRUE,TRUE,28,28,4.48223215914679e-12,0.0124984347186203,""
939,"probability",TRUE,NA,NA,NA,NA,NA,""
939,"original",TRUE,TRUE,28,28,8.44504272494414e-16,0.0126065945546514,""
939,"capped",TRUE,TRUE,28,28,2.71601225491557e-12,0.0121463595684365,""
940,"probability",TRUE,NA,NA,NA,NA,NA,""
940,"original",TRUE,TRUE,28,28,8.48399108094397e-11,0.0118834503341327,""
940,"capped",TRUE,TRUE,28,28,1.39235347446539e-12,0.0114082405517485,""
941,"probability",TRUE,NA,NA,NA,NA,NA,""
941,"original",TRUE,TRUE,28,28,9.69018478141659e-12,0.0124438341092307,""
941,"capped",TRUE,TRUE,28,28,7.19389280354772e-13,0.0121373810013608,""
942,"probability",TRUE,NA,NA,NA,NA,NA,""
942,"original",TRUE,TRUE,28,28,1.07760241126138e-12,0.0122647562900375,""
942,"capped",TRUE,TRUE,28,28,1.53018464766327e-12,0.0122100188569208,""
943,"probability",TRUE,NA,NA,NA,NA,NA,""
943,"original",TRUE,TRUE,28,28,6.11367105622859e-12,0.0126198706889358,""
943,"capped",TRUE,TRUE,28,28,2.96375427537328e-13,0.0121412321741721,""
944,"probability",TRUE,NA,NA,NA,NA,NA,""
944,"original",TRUE,TRUE,28,28,4.16228752292911e-16,0.0111591819859205,""
944,"capped",TRUE,TRUE,28,28,7.50858133636928e-13,0.0106071802461042,""
945,"probability",TRUE,NA,NA,NA,NA,NA,""
945,"original",TRUE,TRUE,28,28,5.42511009842546e-12,0.0111716178010418,""
945,"capped",TRUE,TRUE,28,28,2.4030981465761e-12,0.0110557653729515,""
946,"probability",TRUE,NA,NA,NA,NA,NA,""
946,"original",TRUE,TRUE,28,28,1.68248912124467e-11,0.0127604264953918,""
946,"capped",TRUE,TRUE,28,28,3.07851282269805e-12,0.0125161546012276,""
947,"probability",TRUE,NA,NA,NA,NA,NA,""
947,"original",TRUE,TRUE,28,28,4.05552259434582e-12,0.0119606176375816,""
947,"capped",TRUE,TRUE,28,28,2.30833718519468e-12,0.0116832694312125,""
948,"probability",TRUE,NA,NA,NA,NA,NA,""
948,"original",TRUE,TRUE,28,28,6.82809277050945e-13,0.0117016547317012,""
948,"capped",TRUE,TRUE,28,28,2.5203741412133e-12,0.0116413256704879,""
949,"probability",TRUE,NA,NA,NA,NA,NA,""
949,"original",TRUE,TRUE,28,28,2.05126141297976e-12,0.012550148334994,""
949,"capped",TRUE,TRUE,28,28,4.27852141853618e-13,0.012434586387621,""
950,"probability",TRUE,NA,NA,NA,NA,NA,""
950,"original",TRUE,TRUE,28,28,8.62660730714154e-16,0.0122383286218519,""
950,"capped",TRUE,TRUE,28,28,2.36353383199598e-12,0.0115780597830244,""
951,"probability",TRUE,NA,NA,NA,NA,NA,""
951,"original",TRUE,TRUE,28,28,1.54747841715672e-11,0.0125258747734929,""
951,"capped",TRUE,TRUE,28,28,1.13074743402552e-12,0.0121197078862062,""
952,"probability",TRUE,NA,NA,NA,NA,NA,""
952,"original",TRUE,TRUE,28,28,2.1120374451123e-12,0.0111303571959954,""
952,"capped",TRUE,TRUE,28,28,6.26179538129255e-13,0.0111371444759481,""
953,"probability",TRUE,NA,NA,NA,NA,NA,""
953,"original",TRUE,TRUE,28,28,5.89750405598844e-11,0.0119368269502419,""
953,"capped",TRUE,TRUE,28,28,3.74674693751819e-13,0.0114357015753134,""
954,"probability",TRUE,NA,NA,NA,NA,NA,""
954,"original",TRUE,TRUE,28,28,4.65039447522134e-16,0.0123494436110551,""
954,"capped",TRUE,TRUE,28,28,9.96553594900246e-14,0.0117202100382615,""
955,"probability",TRUE,NA,NA,NA,NA,NA,""
955,"original",TRUE,TRUE,28,28,1.27761314344101e-12,0.0114974258308814,""
955,"capped",TRUE,TRUE,28,28,9.15584235910112e-13,0.0114213960846597,""
956,"probability",TRUE,NA,NA,NA,NA,NA,""
956,"original",TRUE,TRUE,28,28,4.07804691098878e-11,0.0115755594696467,""
956,"capped",TRUE,TRUE,28,28,5.7893584864538e-13,0.0110707914482179,""
957,"probability",TRUE,NA,NA,NA,NA,NA,""
957,"original",TRUE,TRUE,28,28,1.11197318507422e-11,0.0115131129007521,""
957,"capped",TRUE,TRUE,28,28,5.26033566258024e-13,0.0110745953827011,""
958,"probability",TRUE,NA,NA,NA,NA,NA,""
958,"original",TRUE,TRUE,28,28,1.02691583047749e-11,0.0117950864409827,""
958,"capped",TRUE,TRUE,28,28,9.94582167329865e-13,0.0115733004584062,""
959,"probability",TRUE,NA,NA,NA,NA,NA,""
959,"original",TRUE,TRUE,28,28,4.53080335589935e-11,0.0114028145200784,""
959,"capped",TRUE,TRUE,28,28,2.43403163071842e-13,0.0109333122324635,""
960,"probability",TRUE,NA,NA,NA,NA,NA,""
960,"original",TRUE,TRUE,28,28,9.92228206461409e-11,0.0131411630471767,""
960,"capped",TRUE,TRUE,28,28,1.7066509374357e-12,0.0126804053354527,""
961,"probability",TRUE,NA,NA,NA,NA,NA,""
961,"original",TRUE,TRUE,28,28,2.13482631628061e-12,0.0118659061745473,""
961,"capped",TRUE,TRUE,28,28,4.88479657983241e-13,0.0118631042756904,""
962,"probability",TRUE,NA,NA,NA,NA,NA,""
962,"original",TRUE,TRUE,28,28,2.20514272104179e-12,0.0112580103795838,""
962,"capped",TRUE,TRUE,28,28,2.43413137382624e-12,0.0111080700323745,""
963,"probability",TRUE,NA,NA,NA,NA,NA,""
963,"original",TRUE,TRUE,28,28,5.51892508464363e-12,0.0115964393489894,""
963,"capped",TRUE,TRUE,28,28,8.81684604817206e-13,0.0113421605178195,""
964,"probability",TRUE,NA,NA,NA,NA,NA,""
964,"original",TRUE,TRUE,28,28,1.04210652057029e-11,0.0113315049508825,""
964,"capped",TRUE,TRUE,28,28,1.24344297615302e-12,0.0109446492297981,""
965,"probability",TRUE,NA,NA,NA,NA,NA,""
965,"original",TRUE,TRUE,28,28,6.53913323459869e-12,0.0118703145552468,""
965,"capped",TRUE,TRUE,28,28,7.95381500987779e-12,0.0112674866806696,""
966,"probability",TRUE,NA,NA,NA,NA,NA,""
966,"original",TRUE,TRUE,28,28,2.40981475341139e-11,0.0105806269479536,""
966,"capped",TRUE,TRUE,28,28,8.71367514589358e-13,0.0103504940635408,""
967,"probability",TRUE,NA,NA,NA,NA,NA,""
967,"original",TRUE,TRUE,28,28,2.27209042607467e-15,0.0121627776536822,""
967,"capped",TRUE,TRUE,28,28,9.66239850260432e-13,0.0116986677412488,""
968,"probability",TRUE,NA,NA,NA,NA,NA,""
968,"original",TRUE,TRUE,28,28,2.34096382310225e-11,0.0114018693181269,""
968,"capped",TRUE,TRUE,28,28,3.65370094836162e-12,0.0111452031968944,""
969,"probability",TRUE,NA,NA,NA,NA,NA,""
969,"original",TRUE,TRUE,28,28,2.59863880902039e-12,0.012559224689534,""
969,"capped",TRUE,TRUE,28,28,2.9865158486804e-12,0.0125247086632926,""
970,"probability",TRUE,NA,NA,NA,NA,NA,""
970,"original",TRUE,TRUE,28,28,4.65360770825389e-16,0.0119019030892442,""
970,"capped",TRUE,TRUE,28,28,2.213034815979e-12,0.0114519499716935,""
971,"probability",TRUE,NA,NA,NA,NA,NA,""
971,"original",TRUE,TRUE,28,28,7.51264041196726e-11,0.0116317829200162,""
971,"capped",TRUE,TRUE,28,28,5.47275702034726e-13,0.0111112574152856,""
972,"probability",TRUE,NA,NA,NA,NA,NA,""
972,"original",TRUE,TRUE,28,28,3.70477450562134e-12,0.0123737235337621,""
972,"capped",TRUE,TRUE,28,28,5.63659918641745e-13,0.0119318733995411,""
973,"probability",TRUE,NA,NA,NA,NA,NA,""
973,"original",TRUE,TRUE,28,28,3.47193608254478e-16,0.0126188662885471,""
973,"capped",TRUE,TRUE,28,28,1.64033411509092e-12,0.0121550786909979,""
974,"probability",TRUE,NA,NA,NA,NA,NA,""
974,"original",TRUE,TRUE,28,28,2.07687429785194e-12,0.0114574213006856,""
974,"capped",TRUE,TRUE,28,28,1.09416569170601e-12,0.0113499906761395,""
975,"probability",TRUE,NA,NA,NA,NA,NA,""
975,"original",TRUE,TRUE,28,28,3.07925579573205e-12,0.011335293928503,""
975,"capped",TRUE,TRUE,28,28,2.35901576051134e-12,0.01132512233751,""
976,"probability",TRUE,NA,NA,NA,NA,NA,""
976,"original",TRUE,TRUE,28,28,6.64585420695132e-13,0.0109713750578175,""
976,"capped",TRUE,TRUE,28,28,2.5516498760727e-13,0.010840113022635,""
977,"probability",TRUE,NA,NA,NA,NA,NA,""
977,"original",TRUE,TRUE,28,28,7.70017910368845e-12,0.0116818406599822,""
977,"capped",TRUE,TRUE,28,28,4.98442415435527e-13,0.0113404498341622,""
978,"probability",TRUE,NA,NA,NA,NA,NA,""
978,"original",TRUE,TRUE,28,28,9.95738294214877e-12,0.0115619525506966,""
978,"capped",TRUE,TRUE,28,28,1.20767164655883e-12,0.0110060501173464,""
979,"probability",TRUE,NA,NA,NA,NA,NA,""
979,"original",TRUE,TRUE,28,28,1.14953698856055e-11,0.0115600656648378,""
979,"capped",TRUE,TRUE,28,28,9.08415151136684e-13,0.0113336184697978,""
980,"probability",TRUE,NA,NA,NA,NA,NA,""
980,"original",TRUE,TRUE,28,28,1.24281150823262e-11,0.0131723333752536,""
980,"capped",TRUE,TRUE,28,28,2.96054025091092e-12,0.0126447995262074,""
981,"probability",TRUE,NA,NA,NA,NA,NA,""
981,"original",TRUE,TRUE,28,28,8.02678378928492e-11,0.0117794401185187,""
981,"capped",TRUE,TRUE,28,28,2.7204232022993e-12,0.0114290699797247,""
982,"probability",TRUE,NA,NA,NA,NA,NA,""
982,"original",TRUE,TRUE,28,28,1.54473445595079e-12,0.0123834670404842,""
982,"capped",TRUE,TRUE,28,28,6.28024201860574e-13,0.0123442824250886,""
983,"probability",TRUE,NA,NA,NA,NA,NA,""
983,"original",TRUE,TRUE,28,28,4.30947130791975e-12,0.0118972921410143,""
983,"capped",TRUE,TRUE,28,28,3.02764971029238e-12,0.0118909409299677,""
984,"probability",TRUE,NA,NA,NA,NA,NA,""
984,"original",TRUE,TRUE,28,28,2.94326310623422e-11,0.0123249921041769,""
984,"capped",TRUE,TRUE,28,28,1.39103325039075e-12,0.0118916515176463,""
985,"probability",TRUE,NA,NA,NA,NA,NA,""
985,"original",TRUE,TRUE,28,28,5.78756447229766e-13,0.0121374658240327,""
985,"capped",TRUE,TRUE,28,28,3.98179851743771e-13,0.0120790040947989,""
986,"probability",TRUE,NA,NA,NA,NA,NA,""
986,"original",TRUE,TRUE,28,28,7.44076531003738e-12,0.0124018718918673,""
986,"capped",TRUE,TRUE,28,28,3.4895898438017e-13,0.011937751274995,""
987,"probability",TRUE,NA,NA,NA,NA,NA,""
987,"original",TRUE,TRUE,28,28,1.33295483774975e-15,0.012251251277566,""
987,"capped",TRUE,TRUE,28,28,9.22939071187102e-13,0.0118469177295394,""
988,"probability",TRUE,NA,NA,NA,NA,NA,""
988,"original",TRUE,TRUE,28,28,3.37366632227515e-11,0.0129585345822811,""
988,"capped",TRUE,TRUE,28,28,1.83760134663674e-13,0.0123567675201526,""
989,"probability",TRUE,NA,NA,NA,NA,NA,""
989,"original",TRUE,TRUE,28,28,3.28145140651037e-12,0.0129936773703121,""
989,"capped",TRUE,TRUE,28,28,1.36113188380091e-12,0.0124739892230198,""
990,"probability",TRUE,NA,NA,NA,NA,NA,""
990,"original",TRUE,TRUE,28,28,5.09737002334097e-13,0.0115489331402164,""
990,"capped",TRUE,TRUE,28,28,1.33738108236364e-12,0.0115052256185331,""
991,"probability",TRUE,NA,NA,NA,NA,NA,""
991,"original",TRUE,TRUE,28,28,1.14929840166934e-11,0.012092234846968,""
991,"capped",TRUE,TRUE,28,28,1.67006021379769e-13,0.0115920452668918,""
992,"probability",TRUE,NA,NA,NA,NA,NA,""
992,"original",TRUE,TRUE,28,28,7.51129605156664e-12,0.0117266117303407,""
992,"capped",TRUE,TRUE,28,28,2.2057201232103e-12,0.0112560425465131,""
993,"probability",TRUE,NA,NA,NA,NA,NA,""
993,"original",TRUE,TRUE,28,28,1.22266462850792e-12,0.0118068673245222,""
993,"capped",TRUE,TRUE,28,28,8.80714447070838e-13,0.0116597155280173,""
994,"probability",TRUE,NA,NA,NA,NA,NA,""
994,"original",TRUE,TRUE,28,28,4.78808906611005e-12,0.0111159588634511,""
994,"capped",TRUE,TRUE,28,28,1.6048557176953e-12,0.0107756753540537,""
995,"probability",TRUE,NA,NA,NA,NA,NA,""
995,"original",TRUE,TRUE,28,28,2.22656637130987e-11,0.0119038877849376,""
995,"capped",TRUE,TRUE,28,28,6.26020867888177e-13,0.0116721854730582,""
996,"probability",TRUE,NA,NA,NA,NA,NA,""
996,"original",TRUE,TRUE,28,28,6.84594116669124e-11,0.012917767078466,""
996,"capped",TRUE,TRUE,28,28,6.80428129520795e-13,0.0122432100573938,""
997,"probability",TRUE,NA,NA,NA,NA,NA,""
997,"original",TRUE,TRUE,28,28,7.99698902987658e-11,0.0115756070696187,""
997,"capped",TRUE,TRUE,28,28,2.62639863552954e-13,0.0109307015800378,""
998,"probability",TRUE,NA,NA,NA,NA,NA,""
998,"original",TRUE,TRUE,28,28,2.10793263636273e-11,0.0115583352568394,""
998,"capped",TRUE,TRUE,28,28,2.7492379653677e-12,0.0110675667268256,""
999,"probability",TRUE,NA,NA,NA,NA,NA,""
999,"original",TRUE,TRUE,28,28,9.24823776499923e-12,0.0115429857680935,""
999,"capped",TRUE,TRUE,28,28,1.02088369718706e-13,0.0111497422525661,""
1000,"probability",TRUE,NA,NA,NA,NA,NA,""
1000,"original",TRUE,TRUE,28,28,6.168366780792e-13,0.0118440817933378,""
1000,"capped",TRUE,TRUE,28,28,6.47593740972056e-13,0.0116742199623856,""
1001,"probability",TRUE,NA,NA,NA,NA,NA,""
1001,"original",TRUE,TRUE,28,28,2.35808109555474e-12,0.0119548177702319,""
1001,"capped",TRUE,TRUE,28,28,3.10429894698761e-13,0.0117640675154733,""
1002,"probability",TRUE,NA,NA,NA,NA,NA,""
1002,"original",TRUE,TRUE,28,28,6.69883439800551e-13,0.0109850996276084,""
1002,"capped",TRUE,TRUE,28,28,2.11471290964165e-13,0.0108858860281876,""
1003,"probability",TRUE,NA,NA,NA,NA,NA,""
1003,"original",TRUE,TRUE,28,28,7.93688975781408e-12,0.0118843413475331,""
1003,"capped",TRUE,TRUE,28,28,6.20521762927948e-13,0.0114724553463958,""
1004,"probability",TRUE,NA,NA,NA,NA,NA,""
1004,"original",TRUE,TRUE,28,28,1.3676147128687e-11,0.0113868587234091,""
1004,"capped",TRUE,TRUE,28,28,2.93173408058902e-12,0.0112897242659443,""
1005,"probability",TRUE,NA,NA,NA,NA,NA,""
1005,"original",TRUE,TRUE,28,28,5.35292798591308e-12,0.0125338661353054,""
1005,"capped",TRUE,TRUE,28,28,1.04048897804338e-12,0.0124724965469975,""
1006,"probability",TRUE,NA,NA,NA,NA,NA,""
1006,"original",TRUE,TRUE,28,28,2.00242267635429e-11,0.0131174531302498,""
1006,"capped",TRUE,TRUE,28,28,2.62440170710354e-12,0.0127486923256662,""
1007,"probability",TRUE,NA,NA,NA,NA,NA,""
1007,"original",TRUE,TRUE,28,28,4.21547914510347e-11,0.0117291225001909,""
1007,"capped",TRUE,TRUE,28,28,2.0415536751126e-13,0.0111536133028326,""
1008,"probability",TRUE,NA,NA,NA,NA,NA,""
1008,"original",TRUE,TRUE,28,28,2.88957918558998e-11,0.0132143359448186,""
1008,"capped",TRUE,TRUE,28,28,1.23163539072219e-12,0.0128681990344012,""
1009,"probability",TRUE,NA,NA,NA,NA,NA,""
1009,"original",TRUE,TRUE,28,28,4.27928885671915e-12,0.0128209259371738,""
1009,"capped",TRUE,TRUE,28,28,3.06301168731959e-12,0.0126656374117773,""
1010,"probability",TRUE,NA,NA,NA,NA,NA,""
1010,"original",TRUE,TRUE,28,28,6.14974424178043e-12,0.01194811914525,""
1010,"capped",TRUE,TRUE,28,28,9.35300741628506e-13,0.0118882249494845,""
1011,"probability",TRUE,NA,NA,NA,NA,NA,""
1011,"original",TRUE,TRUE,28,28,6.49615835323038e-12,0.0119224754692387,""
1011,"capped",TRUE,TRUE,28,28,3.66199965962309e-13,0.0113612922448413,""
1012,"probability",TRUE,NA,NA,NA,NA,NA,""
1012,"original",TRUE,TRUE,28,28,7.26396781636921e-13,0.0105171187892802,""
1012,"capped",TRUE,TRUE,28,28,3.15348656556482e-13,0.010414811689374,""
1013,"probability",TRUE,NA,NA,NA,NA,NA,""
1013,"original",TRUE,TRUE,28,28,6.79353036293495e-16,0.0116467622057837,""
1013,"capped",TRUE,TRUE,28,28,1.14395035482429e-12,0.0111638461388333,""
1014,"probability",TRUE,NA,NA,NA,NA,NA,""
1014,"original",TRUE,TRUE,28,28,1.15935981988673e-11,0.0123537780743863,""
1014,"capped",TRUE,TRUE,28,28,1.33028067447532e-12,0.0118924658802287,""
1015,"probability",TRUE,NA,NA,NA,NA,NA,""
1015,"original",TRUE,TRUE,28,28,9.99625722163279e-13,0.0117561293797937,""
1015,"capped",TRUE,TRUE,28,28,1.81293461359327e-12,0.0116794816355055,""
1016,"probability",TRUE,NA,NA,NA,NA,NA,""
1016,"original",TRUE,TRUE,28,28,9.44115387760894e-12,0.0120800556703254,""
1016,"capped",TRUE,TRUE,28,28,1.15210454986241e-12,0.0117127292954091,""
1017,"probability",TRUE,NA,NA,NA,NA,NA,""
1017,"original",TRUE,TRUE,28,28,3.78077661480459e-11,0.0128290685697052,""
1017,"capped",TRUE,TRUE,28,28,5.40306218435602e-13,0.0123005393441473,""
1018,"probability",TRUE,NA,NA,NA,NA,NA,""
1018,"original",TRUE,TRUE,28,28,1.82911251303506e-11,0.0119941050944069,""
1018,"capped",TRUE,TRUE,28,28,3.48688647292054e-13,0.0116101579867072,""
1019,"probability",TRUE,NA,NA,NA,NA,NA,""
1019,"original",TRUE,TRUE,28,28,2.307659546343e-12,0.0121825670216733,""
1019,"capped",TRUE,TRUE,28,28,4.65262441562603e-12,0.0120472208086134,""
1020,"probability",TRUE,NA,NA,NA,NA,NA,""
1020,"original",TRUE,TRUE,28,28,3.36577425214515e-13,0.0118578887692852,""
1020,"capped",TRUE,TRUE,28,28,1.95555522679529e-13,0.0117549522748083,""
1021,"probability",TRUE,NA,NA,NA,NA,NA,""
1021,"original",TRUE,TRUE,28,28,2.18756349920402e-11,0.0129701585225888,""
1021,"capped",TRUE,TRUE,28,28,1.84822553182514e-12,0.0124790065395505,""
1022,"probability",TRUE,NA,NA,NA,NA,NA,""
1022,"original",TRUE,TRUE,28,28,7.28669558361067e-12,0.0116403614931302,""
1022,"capped",TRUE,TRUE,28,28,7.66278660141744e-13,0.0112210487943606,""
1023,"probability",TRUE,NA,NA,NA,NA,NA,""
1023,"original",TRUE,TRUE,28,28,3.62859161592785e-13,0.0108396724975136,""
1023,"capped",TRUE,TRUE,28,28,5.87187091139708e-13,0.0107618379063087,""
1024,"probability",TRUE,NA,NA,NA,NA,NA,""
1024,"original",TRUE,TRUE,28,28,2.62482762477894e-11,0.0127663342283212,""
1024,"capped",TRUE,TRUE,28,28,1.26366990273278e-12,0.0122668787751178,""
1025,"probability",TRUE,NA,NA,NA,NA,NA,""
1025,"original",TRUE,TRUE,28,28,3.38496009586685e-16,0.012775902175033,""
1025,"capped",TRUE,TRUE,28,28,8.03705240410889e-13,0.0123460914226887,""
1026,"probability",TRUE,NA,NA,NA,NA,NA,""
1026,"original",TRUE,TRUE,28,28,8.25774766973381e-12,0.011616832948217,""
1026,"capped",TRUE,TRUE,28,28,4.19264524602129e-12,0.0113636685169548,""
1027,"probability",TRUE,NA,NA,NA,NA,NA,""
1027,"original",TRUE,TRUE,28,28,4.16235037365234e-13,0.0111407213157455,""
1027,"capped",TRUE,TRUE,28,28,1.85913557512007e-12,0.011209881093257,""
1028,"probability",TRUE,NA,NA,NA,NA,NA,""
1028,"original",TRUE,TRUE,28,28,6.5977813010454e-12,0.0119488743270423,""
1028,"capped",TRUE,TRUE,28,28,1.20406812985619e-12,0.0115046254006135,""
1029,"probability",TRUE,NA,NA,NA,NA,NA,""
1029,"original",TRUE,TRUE,28,28,4.74941203274489e-12,0.0129885345588861,""
1029,"capped",TRUE,TRUE,28,28,7.26245393098308e-13,0.0125991188051665,""
1030,"probability",TRUE,NA,NA,NA,NA,NA,""
1030,"original",TRUE,TRUE,28,28,6.24027104100782e-16,0.0130329807702334,""
1030,"capped",TRUE,TRUE,28,28,5.48472573145135e-12,0.0123697923865139,""
1031,"probability",TRUE,NA,NA,NA,NA,NA,""
1031,"original",TRUE,TRUE,28,28,1.56758495527726e-11,0.0123367194372378,""
1031,"capped",TRUE,TRUE,28,28,6.37076025685115e-13,0.0119773096590835,""
1032,"probability",TRUE,NA,NA,NA,NA,NA,""
1032,"original",TRUE,TRUE,28,28,1.31403466750005e-15,0.0124920025820213,""
1032,"capped",TRUE,TRUE,28,28,2.69312007135901e-12,0.01189758575206,""
1033,"probability",TRUE,NA,NA,NA,NA,NA,""
1033,"original",TRUE,TRUE,28,28,4.14930910660277e-11,0.0121825999488508,""
1033,"capped",TRUE,TRUE,28,28,2.51333997358011e-12,0.0116937409758351,""
1034,"probability",TRUE,NA,NA,NA,NA,NA,""
1034,"original",TRUE,TRUE,28,28,9.24591747424748e-11,0.0121118694826057,""
1034,"capped",TRUE,TRUE,28,28,3.0575592709334e-12,0.0117582898964044,""
1035,"probability",TRUE,NA,NA,NA,NA,NA,""
1035,"original",TRUE,TRUE,28,28,2.52031705072573e-11,0.0118407047289589,""
1035,"capped",TRUE,TRUE,28,28,2.08789003821734e-13,0.0114861791655385,""
1036,"probability",TRUE,NA,NA,NA,NA,NA,""
1036,"original",TRUE,TRUE,28,28,5.12071421819388e-12,0.0118767373837871,""
1036,"capped",TRUE,TRUE,28,28,9.6315461755681e-13,0.0118357144308432,""
1037,"probability",TRUE,NA,NA,NA,NA,NA,""
1037,"original",TRUE,TRUE,28,28,7.86739168889406e-13,0.012250823470716,""
1037,"capped",TRUE,TRUE,28,28,1.69784739905008e-12,0.0121013826593266,""
1038,"probability",TRUE,NA,NA,NA,NA,NA,""
1038,"original",TRUE,TRUE,28,28,5.84663794753936e-12,0.0115465279494969,""
1038,"capped",TRUE,TRUE,28,28,8.44062315607212e-14,0.011220708457787,""
1039,"probability",TRUE,NA,NA,NA,NA,NA,""
1039,"original",TRUE,TRUE,28,28,8.40317324934388e-12,0.0122506807811339,""
1039,"capped",TRUE,TRUE,28,28,2.75301700097266e-12,0.0119709301115118,""
1040,"probability",TRUE,NA,NA,NA,NA,NA,""
1040,"original",TRUE,TRUE,28,28,7.83083362790318e-11,0.0115691965746102,""
1040,"capped",TRUE,TRUE,28,28,1.26431272700443e-12,0.0110362160300561,""
1041,"probability",TRUE,NA,NA,NA,NA,NA,""
1041,"original",TRUE,TRUE,28,28,5.97107711984346e-12,0.0123291576864372,""
1041,"capped",TRUE,TRUE,28,28,4.5859338658579e-13,0.0119921213097607,""
1042,"probability",TRUE,NA,NA,NA,NA,NA,""
1042,"original",TRUE,TRUE,28,28,1.82830661717621e-11,0.0114564164334762,""
1042,"capped",TRUE,TRUE,28,28,3.17019759291399e-12,0.0111318811409625,""
1043,"probability",TRUE,NA,NA,NA,NA,NA,""
1043,"original",TRUE,TRUE,28,28,2.00199433876128e-11,0.0121191831599785,""
1043,"capped",TRUE,TRUE,28,28,4.5793572961346e-13,0.0116948998128581,""
1044,"probability",TRUE,NA,NA,NA,NA,NA,""
1044,"original",TRUE,TRUE,28,28,7.01216786827873e-12,0.0115964967803034,""
1044,"capped",TRUE,TRUE,28,28,1.0602508307736e-13,0.0114701918130498,""
1045,"probability",TRUE,NA,NA,NA,NA,NA,""
1045,"original",TRUE,TRUE,28,28,6.72036841081894e-16,0.0123842555499174,""
1045,"capped",TRUE,TRUE,28,28,3.21345512117567e-12,0.0118293328278238,""
1046,"probability",TRUE,NA,NA,NA,NA,NA,""
1046,"original",TRUE,TRUE,28,28,5.70601159321515e-13,0.0121454161986156,""
1046,"capped",TRUE,TRUE,28,28,2.22787491795485e-12,0.0121494739148559,""
1047,"probability",TRUE,NA,NA,NA,NA,NA,""
1047,"original",TRUE,TRUE,28,28,2.12276887125593e-12,0.0122491076872195,""
1047,"capped",TRUE,TRUE,28,28,1.46223676091242e-12,0.012198293000535,""
1048,"probability",TRUE,NA,NA,NA,NA,NA,""
1048,"original",TRUE,TRUE,28,28,6.03530836837485e-12,0.0115754804776188,""
1048,"capped",TRUE,TRUE,28,28,1.3986095755646e-12,0.0113444734547013,""
1049,"probability",TRUE,NA,NA,NA,NA,NA,""
1049,"original",TRUE,TRUE,28,28,4.2589870825161e-12,0.0126042506354857,""
1049,"capped",TRUE,TRUE,28,28,7.85541341739122e-13,0.0124266983496798,""
1050,"probability",TRUE,NA,NA,NA,NA,NA,""
1050,"original",TRUE,TRUE,28,28,1.91561452678428e-11,0.0123531895152666,""
1050,"capped",TRUE,TRUE,28,28,6.20749647931012e-13,0.0119549740418712,""
1051,"probability",TRUE,NA,NA,NA,NA,NA,""
1051,"original",TRUE,TRUE,28,28,1.2904685152091e-11,0.0119339892818363,""
1051,"capped",TRUE,TRUE,28,28,1.40614296440678e-12,0.0115843387726014,""
1052,"probability",TRUE,NA,NA,NA,NA,NA,""
1052,"original",TRUE,TRUE,28,28,7.74269023607145e-12,0.0111141489863205,""
1052,"capped",TRUE,TRUE,28,28,7.29134330649077e-14,0.0107651171430766,""
1053,"probability",TRUE,NA,NA,NA,NA,NA,""
1053,"original",TRUE,TRUE,28,28,8.57007377212417e-16,0.0120666236763946,""
1053,"capped",TRUE,TRUE,28,28,2.17510692389978e-12,0.0115828258514689,""
1054,"probability",TRUE,NA,NA,NA,NA,NA,""
1054,"original",TRUE,TRUE,28,28,1.1420007891479e-12,0.0117515853078797,""
1054,"capped",TRUE,TRUE,28,28,5.05677254064938e-13,0.0116009506354951,""
1055,"probability",TRUE,NA,NA,NA,NA,NA,""
1055,"original",TRUE,TRUE,28,28,2.00531934387987e-11,0.0124109145305865,""
1055,"capped",TRUE,TRUE,28,28,1.06500285036389e-12,0.012030658917361,""
1056,"probability",TRUE,NA,NA,NA,NA,NA,""
1056,"original",TRUE,TRUE,28,28,1.09553699065002e-12,0.0107238364835587,""
1056,"capped",TRUE,TRUE,28,28,1.86289298754181e-12,0.0106175594225051,""
1057,"probability",TRUE,NA,NA,NA,NA,NA,""
1057,"original",TRUE,TRUE,28,28,2.37105590699451e-12,0.0122811148498231,""
1057,"capped",TRUE,TRUE,28,28,1.62999944762462e-12,0.0121430431814997,""
1058,"probability",TRUE,NA,NA,NA,NA,NA,""
1058,"original",TRUE,TRUE,28,28,5.88466391414444e-12,0.0120713264372378,""
1058,"capped",TRUE,TRUE,28,28,9.03909190870451e-13,0.0119426867247486,""
1059,"probability",TRUE,NA,NA,NA,NA,NA,""
1059,"original",TRUE,TRUE,28,28,2.38468744325009e-11,0.0123821642548107,""
1059,"capped",TRUE,TRUE,28,28,6.63767513998873e-13,0.0120953482485616,""
1060,"probability",TRUE,NA,NA,NA,NA,NA,""
1060,"original",TRUE,TRUE,28,28,1.10568783766042e-12,0.0129330131763274,""
1060,"capped",TRUE,TRUE,28,28,3.97442909967421e-12,0.0128147058713485,""
1061,"probability",TRUE,NA,NA,NA,NA,NA,""
1061,"original",TRUE,TRUE,28,28,9.33649050833804e-11,0.012354767812655,""
1061,"capped",TRUE,TRUE,28,28,1.87956060679755e-12,0.0119261892602922,""
1062,"probability",TRUE,NA,NA,NA,NA,NA,""
1062,"original",TRUE,TRUE,28,28,8.30518423595509e-12,0.0116469531113171,""
1062,"capped",TRUE,TRUE,28,28,1.96868324803797e-12,0.0116069612905708,""
1063,"probability",TRUE,NA,NA,NA,NA,NA,""
1063,"original",TRUE,TRUE,28,28,4.89038972963359e-12,0.0112707248387459,""
1063,"capped",TRUE,TRUE,28,28,6.74634394383667e-13,0.010977377684909,""
1064,"probability",TRUE,NA,NA,NA,NA,NA,""
1064,"original",TRUE,TRUE,28,28,4.67101186990191e-12,0.0114153967106719,""
1064,"capped",TRUE,TRUE,28,28,4.95191598369324e-13,0.0110651312046412,""
1065,"probability",TRUE,NA,NA,NA,NA,NA,""
1065,"original",TRUE,TRUE,28,28,1.25298624133246e-12,0.0118446566593478,""
1065,"capped",TRUE,TRUE,28,28,1.36102365036352e-12,0.0116913093961617,""
1066,"probability",TRUE,NA,NA,NA,NA,NA,""
1066,"original",TRUE,TRUE,28,28,6.14755360922853e-16,0.0130390087967483,""
1066,"capped",TRUE,TRUE,28,28,2.24520052653248e-12,0.0126039324107678,""
1067,"probability",TRUE,NA,NA,NA,NA,NA,""
1067,"original",TRUE,TRUE,28,28,9.92949381831221e-16,0.0125206597511708,""
1067,"capped",TRUE,TRUE,28,28,5.77743067943355e-13,0.0120003645842326,""
1068,"probability",TRUE,NA,NA,NA,NA,NA,""
1068,"original",TRUE,TRUE,28,28,7.74766590986509e-12,0.012137100888687,""
1068,"capped",TRUE,TRUE,28,28,2.7486416927763e-12,0.0118038654047575,""
1069,"probability",TRUE,NA,NA,NA,NA,NA,""
1069,"original",TRUE,TRUE,28,28,1.6734990054271e-11,0.0128034587211913,""
1069,"capped",TRUE,TRUE,28,28,1.4990057319223e-12,0.012121334977629,""
1070,"probability",TRUE,NA,NA,NA,NA,NA,""
1070,"original",TRUE,TRUE,28,28,1.83958454642728e-12,0.0109343015057604,""
1070,"capped",TRUE,TRUE,28,28,1.59721261105819e-13,0.0108594551642963,""
1071,"probability",TRUE,NA,NA,NA,NA,NA,""
1071,"original",TRUE,TRUE,28,28,4.27003052082549e-12,0.0118445047360892,""
1071,"capped",TRUE,TRUE,28,28,1.39201583462806e-13,0.0114495047085817,""
1072,"probability",TRUE,NA,NA,NA,NA,NA,""
1072,"original",TRUE,TRUE,28,28,5.41278576378212e-11,0.0120005092652901,""
1072,"capped",TRUE,TRUE,28,28,1.5385124725214e-12,0.0114279160701549,""
1073,"probability",TRUE,NA,NA,NA,NA,NA,""
1073,"original",TRUE,TRUE,28,28,7.26739401668999e-11,0.0126772400430038,""
1073,"capped",TRUE,TRUE,28,28,6.79773869221613e-13,0.0122159932841701,""
1074,"probability",TRUE,NA,NA,NA,NA,NA,""
1074,"original",TRUE,TRUE,28,28,1.63783939975031e-12,0.0117949647761095,""
1074,"capped",TRUE,TRUE,28,28,2.37049931234437e-12,0.0117031365430772,""
1075,"probability",TRUE,NA,NA,NA,NA,NA,""
1075,"original",TRUE,TRUE,28,28,5.70730359108195e-13,0.0110603088319863,""
1075,"capped",TRUE,TRUE,28,28,3.61027603212188e-12,0.011005883186424,""
1076,"probability",TRUE,NA,NA,NA,NA,NA,""
1076,"original",TRUE,TRUE,28,28,1.16693921819144e-11,0.0122802155435446,""
1076,"capped",TRUE,TRUE,28,28,1.98268615667883e-13,0.0118015384700305,""
1077,"probability",TRUE,NA,NA,NA,NA,NA,""
1077,"original",TRUE,TRUE,28,28,4.63146701574014e-13,0.0105678309390423,""
1077,"capped",TRUE,TRUE,28,28,7.59110532704604e-13,0.010501083960422,""
1078,"probability",TRUE,NA,NA,NA,NA,NA,""
1078,"original",TRUE,TRUE,28,28,8.01264694674145e-16,0.0126036028182335,""
1078,"capped",TRUE,TRUE,28,28,5.54791881714272e-13,0.0119900470223606,""
1079,"probability",TRUE,NA,NA,NA,NA,NA,""
1079,"original",TRUE,TRUE,28,28,1.33181596150362e-12,0.0104449610573953,""
1079,"capped",TRUE,TRUE,28,28,1.3288916788408e-12,0.0105357096398148,""
1080,"probability",TRUE,NA,NA,NA,NA,NA,""
1080,"original",TRUE,TRUE,28,28,3.2388036358546e-11,0.0118510896011289,""
1080,"capped",TRUE,TRUE,28,28,1.6012367912704e-12,0.0115953729746217,""
1081,"probability",TRUE,NA,NA,NA,NA,NA,""
1081,"original",TRUE,TRUE,28,28,1.68097384120398e-12,0.0118392081348839,""
1081,"capped",TRUE,TRUE,28,28,2.19635171364575e-12,0.0116662639869089,""
1082,"probability",TRUE,NA,NA,NA,NA,NA,""
1082,"original",TRUE,TRUE,28,28,3.62757101555522e-11,0.0122719348305385,""
1082,"capped",TRUE,TRUE,28,28,1.22127875335814e-12,0.0116687253850217,""
1083,"probability",TRUE,NA,NA,NA,NA,NA,""
1083,"original",TRUE,TRUE,28,28,3.46588355344299e-11,0.0130494363727972,""
1083,"capped",TRUE,TRUE,28,28,2.32873114558942e-12,0.0125585455079,""
1084,"probability",TRUE,NA,NA,NA,NA,NA,""
1084,"original",TRUE,TRUE,28,28,1.09002279993192e-11,0.0113300673536189,""
1084,"capped",TRUE,TRUE,28,28,8.30981085939694e-13,0.0110192026135798,""
1085,"probability",TRUE,NA,NA,NA,NA,NA,""
1085,"original",TRUE,TRUE,28,28,3.92397207221895e-12,0.013166815515193,""
1085,"capped",TRUE,TRUE,28,28,1.99690563908195e-12,0.0130321207786777,""
1086,"probability",TRUE,NA,NA,NA,NA,NA,""
1086,"original",TRUE,TRUE,28,28,9.01372319469099e-12,0.0132117213897646,""
1086,"capped",TRUE,TRUE,28,28,5.10509414857369e-12,0.0127346815005966,""
1087,"probability",TRUE,NA,NA,NA,NA,NA,""
1087,"original",TRUE,TRUE,28,28,1.03363450469928e-12,0.012375994605746,""
1087,"capped",TRUE,TRUE,28,28,5.55632155362311e-13,0.0121871572537815,""
1088,"probability",TRUE,NA,NA,NA,NA,NA,""
1088,"original",TRUE,TRUE,28,28,2.44230577773874e-12,0.0127749126139541,""
1088,"capped",TRUE,TRUE,28,28,1.08514099181124e-12,0.0127766918314442,""
1089,"probability",TRUE,NA,NA,NA,NA,NA,""
1089,"original",TRUE,TRUE,28,28,2.50208322638285e-12,0.0101845589016577,""
1089,"capped",TRUE,TRUE,28,28,2.36790140410304e-13,0.0100754380919409,""
1090,"probability",TRUE,NA,NA,NA,NA,NA,""
1090,"original",TRUE,TRUE,28,28,2.59856914013938e-13,0.0104884361929517,""
1090,"capped",TRUE,TRUE,28,28,4.66620370104606e-13,0.0104368198794353,""
1091,"probability",TRUE,NA,NA,NA,NA,NA,""
1091,"original",TRUE,TRUE,28,28,2.73467423733843e-12,0.0122663911886299,""
1091,"capped",TRUE,TRUE,28,28,1.13919935356517e-12,0.0121547207035174,""
1092,"probability",TRUE,NA,NA,NA,NA,NA,""
1092,"original",TRUE,TRUE,28,28,9.60032926664683e-11,0.0117810854962319,""
1092,"capped",TRUE,TRUE,28,28,5.48077289455487e-13,0.0114721170400459,""
1093,"probability",TRUE,NA,NA,NA,NA,NA,""
1093,"original",TRUE,TRUE,28,28,1.26482331054706e-11,0.0121683325298572,""
1093,"capped",TRUE,TRUE,28,28,3.10524467330462e-13,0.0116826428988991,""
1094,"probability",TRUE,NA,NA,NA,NA,NA,""
1094,"original",TRUE,TRUE,28,28,6.50681814490938e-12,0.0126584554252469,""
1094,"capped",TRUE,TRUE,28,28,1.16573934782026e-12,0.0121773535114513,""
1095,"probability",TRUE,NA,NA,NA,NA,NA,""
1095,"original",TRUE,TRUE,28,28,1.69065972921913e-11,0.012855603479784,""
1095,"capped",TRUE,TRUE,28,28,6.20264050178835e-13,0.0124801607200392,""
1096,"probability",TRUE,NA,NA,NA,NA,NA,""
1096,"original",TRUE,TRUE,28,28,3.07497490961012e-12,0.011473709497052,""
1096,"capped",TRUE,TRUE,28,28,1.50028293159157e-12,0.0114009044827126,""
1097,"probability",TRUE,NA,NA,NA,NA,NA,""
1097,"original",TRUE,TRUE,28,28,5.51954892272016e-12,0.0123777283093297,""
1097,"capped",TRUE,TRUE,28,28,3.13599318274741e-12,0.0120775901592692,""
1098,"probability",TRUE,NA,NA,NA,NA,NA,""
1098,"original",TRUE,TRUE,28,28,1.55723742655504e-12,0.0115717040609813,""
1098,"capped",TRUE,TRUE,28,28,6.87870796527734e-13,0.0114187778177617,""
1099,"probability",TRUE,NA,NA,NA,NA,NA,""
1099,"original",TRUE,TRUE,28,28,1.42492926698596e-11,0.0125305559910052,""
1099,"capped",TRUE,TRUE,28,28,2.14075724342468e-12,0.011934928945034,""
1100,"probability",TRUE,NA,NA,NA,NA,NA,""
1100,"original",TRUE,TRUE,28,28,1.9913870564148e-11,0.012422555729515,""
1100,"capped",TRUE,TRUE,28,28,2.78729416632946e-12,0.0120195630507934,""
1101,"probability",TRUE,NA,NA,NA,NA,NA,""
1101,"original",TRUE,TRUE,28,28,1.67883554793941e-11,0.0114315624437615,""
1101,"capped",TRUE,TRUE,28,28,3.06974890104808e-13,0.0110224342592341,""
1102,"probability",TRUE,NA,NA,NA,NA,NA,""
1102,"original",TRUE,TRUE,28,28,2.58212962327858e-12,0.0119746545072726,""
1102,"capped",TRUE,TRUE,28,28,1.00239214421007e-12,0.0119658702875468,""
1103,"probability",TRUE,NA,NA,NA,NA,NA,""
1103,"original",TRUE,TRUE,28,28,5.93050644643162e-12,0.0117383894749247,""
1103,"capped",TRUE,TRUE,28,28,2.00979072864967e-12,0.0116625166067596,""
1104,"probability",TRUE,NA,NA,NA,NA,NA,""
1104,"original",TRUE,TRUE,28,28,1.13348471932948e-12,0.012354220667224,""
1104,"capped",TRUE,TRUE,28,28,8.60811205379656e-13,0.0122643604308995,""
1105,"probability",TRUE,NA,NA,NA,NA,NA,""
1105,"original",TRUE,TRUE,28,28,1.73694194156526e-12,0.0116797598189116,""
1105,"capped",TRUE,TRUE,28,28,4.4012382250625e-13,0.0116734103745262,""
1106,"probability",TRUE,NA,NA,NA,NA,NA,""
1106,"original",TRUE,TRUE,28,28,1.30266206261685e-12,0.0111352233310082,""
1106,"capped",TRUE,TRUE,28,28,5.53042261618441e-13,0.0110515790317316,""
1107,"probability",TRUE,NA,NA,NA,NA,NA,""
1107,"original",TRUE,TRUE,28,28,3.09296033872003e-12,0.0117916434178055,""
1107,"capped",TRUE,TRUE,28,28,2.84314300224836e-12,0.0117421855140431,""
1108,"probability",TRUE,NA,NA,NA,NA,NA,""
1108,"original",TRUE,TRUE,28,28,6.14703796811958e-11,0.012632856283472,""
1108,"capped",TRUE,TRUE,28,28,2.07018103632898e-12,0.0120613696008175,""
1109,"probability",TRUE,NA,NA,NA,NA,NA,""
1109,"original",TRUE,TRUE,28,28,2.29491859528465e-15,0.0125790789631611,""
1109,"capped",TRUE,TRUE,28,28,6.97584233792328e-12,0.0121423395548538,""
1110,"probability",TRUE,NA,NA,NA,NA,NA,""
1110,"original",TRUE,TRUE,28,28,1.89581922372552e-11,0.0117013503434991,""
1110,"capped",TRUE,TRUE,28,28,1.20896010575331e-12,0.0114293613572996,""
1111,"probability",TRUE,NA,NA,NA,NA,NA,""
1111,"original",TRUE,TRUE,28,28,1.41390773207074e-12,0.0127892173144182,""
1111,"capped",TRUE,TRUE,28,28,2.5913070415652e-12,0.0128270615529946,""
1112,"probability",TRUE,NA,NA,NA,NA,NA,""
1112,"original",TRUE,TRUE,28,28,2.82166792674724e-12,0.0117036126464588,""
1112,"capped",TRUE,TRUE,28,28,1.41944710861176e-12,0.0116489265878743,""
1113,"probability",TRUE,NA,NA,NA,NA,NA,""
1113,"original",TRUE,TRUE,28,28,1.01634590914219e-11,0.0115302432097858,""
1113,"capped",TRUE,TRUE,28,28,2.429969046493e-13,0.0111288694033136,""
1114,"probability",TRUE,NA,NA,NA,NA,NA,""
1114,"original",TRUE,TRUE,28,28,3.56756284008441e-12,0.0121059604603515,""
1114,"capped",TRUE,TRUE,28,28,1.23495754660383e-12,0.0120102209657151,""
1115,"probability",TRUE,NA,NA,NA,NA,NA,""
1115,"original",TRUE,TRUE,28,28,5.13170366107565e-16,0.0130635434965959,""
1115,"capped",TRUE,TRUE,28,28,9.23898053946025e-13,0.0125863730044164,""
1116,"probability",TRUE,NA,NA,NA,NA,NA,""
1116,"original",TRUE,TRUE,28,28,3.33277492756016e-12,0.0115966377792974,""
1116,"capped",TRUE,TRUE,28,28,6.26788188810087e-13,0.0112711063525024,""
1117,"probability",TRUE,NA,NA,NA,NA,NA,""
1117,"original",TRUE,TRUE,28,28,8.62676251790876e-11,0.0120554117076907,""
1117,"capped",TRUE,TRUE,28,28,1.71072425559409e-12,0.011464826228116,""
1118,"probability",TRUE,NA,NA,NA,NA,NA,""
1118,"original",TRUE,TRUE,28,28,6.83852556417643e-11,0.012388121246325,""
1118,"capped",TRUE,TRUE,28,28,8.12565940269272e-13,0.0119747119824214,""
1119,"probability",TRUE,NA,NA,NA,NA,NA,""
1119,"original",TRUE,TRUE,28,28,5.87430876675072e-16,0.0126564320174719,""
1119,"capped",TRUE,TRUE,28,28,2.57334441688519e-12,0.0122195182778597,""
1120,"probability",TRUE,NA,NA,NA,NA,NA,""
1120,"original",TRUE,TRUE,28,28,2.19731834874782e-11,0.0118385788143122,""
1120,"capped",TRUE,TRUE,28,28,8.37846904309034e-14,0.0111515949294468,""
1121,"probability",TRUE,NA,NA,NA,NA,NA,""
1121,"original",TRUE,TRUE,28,28,3.46178965755355e-11,0.0134267160252085,""
1121,"capped",TRUE,TRUE,28,28,2.05129405881667e-12,0.01291750208719,""
1122,"probability",TRUE,NA,NA,NA,NA,NA,""
1122,"original",TRUE,TRUE,28,28,2.13737845704228e-16,0.0127083522672976,""
1122,"capped",TRUE,TRUE,28,28,8.20695293980913e-13,0.0123952492151301,""
1123,"probability",TRUE,NA,NA,NA,NA,NA,""
1123,"original",TRUE,TRUE,28,28,5.52427247733958e-11,0.0121086754773852,""
1123,"capped",TRUE,TRUE,28,28,6.08358683736773e-13,0.0116329013660393,""
1124,"probability",TRUE,NA,NA,NA,NA,NA,""
1124,"original",TRUE,TRUE,28,28,3.46491011812896e-16,0.0137161200094698,""
1124,"capped",TRUE,TRUE,28,28,1.69122452428156e-12,0.0130158260693732,""
1125,"probability",TRUE,NA,NA,NA,NA,NA,""
1125,"original",TRUE,TRUE,28,28,2.70572532482823e-11,0.0115177242139892,""
1125,"capped",TRUE,TRUE,28,28,1.38509183840361e-13,0.0108291799583443,""
1126,"probability",TRUE,NA,NA,NA,NA,NA,""
1126,"original",TRUE,TRUE,28,28,3.19780427177696e-11,0.0124517872371029,""
1126,"capped",TRUE,TRUE,28,28,3.60178897119178e-12,0.0120021060029687,""
1127,"probability",TRUE,NA,NA,NA,NA,NA,""
1127,"original",TRUE,TRUE,28,28,2.49568929254773e-12,0.0122260445777538,""
1127,"capped",TRUE,TRUE,28,28,6.39655339241884e-13,0.0120552080055709,""
1128,"probability",TRUE,NA,NA,NA,NA,NA,""
1128,"original",TRUE,TRUE,28,28,1.31610250143215e-11,0.0120035609947953,""
1128,"capped",TRUE,TRUE,28,28,3.02441604677705e-12,0.0116021145522836,""
1129,"probability",TRUE,NA,NA,NA,NA,NA,""
1129,"original",TRUE,TRUE,28,28,7.03614290899718e-16,0.0126422020374082,""
1129,"capped",TRUE,TRUE,28,28,1.19465075198818e-12,0.0120586732115039,""
1130,"probability",TRUE,NA,NA,NA,NA,NA,""
1130,"original",TRUE,TRUE,28,28,9.65181005477693e-11,0.0122461297725915,""
1130,"capped",TRUE,TRUE,28,28,2.2499084332515e-12,0.0117125994435426,""
1131,"probability",TRUE,NA,NA,NA,NA,NA,""
1131,"original",TRUE,TRUE,28,28,2.1506426902967e-11,0.0117917793342522,""
1131,"capped",TRUE,TRUE,28,28,1.71422961253723e-12,0.0113164919964243,""
1132,"probability",TRUE,NA,NA,NA,NA,NA,""
1132,"original",TRUE,TRUE,28,28,1.31019198075216e-11,0.0126171158955041,""
1132,"capped",TRUE,TRUE,28,28,8.2036593568767e-13,0.0120999035930747,""
1133,"probability",TRUE,NA,NA,NA,NA,NA,""
1133,"original",TRUE,TRUE,28,28,9.77585935121936e-12,0.0126273210904896,""
1133,"capped",TRUE,TRUE,28,28,7.41574434874333e-13,0.0123019319065779,""
1134,"probability",TRUE,NA,NA,NA,NA,NA,""
1134,"original",TRUE,TRUE,28,28,7.86895145514815e-11,0.0119021238070654,""
1134,"capped",TRUE,TRUE,28,28,3.61600973294005e-13,0.0114200360628094,""
1135,"probability",TRUE,NA,NA,NA,NA,NA,""
1135,"original",TRUE,TRUE,28,28,2.11100901768503e-12,0.0116493827760392,""
1135,"capped",TRUE,TRUE,28,28,3.45690015030504e-12,0.0115964263262508,""
1136,"probability",TRUE,NA,NA,NA,NA,NA,""
1136,"original",TRUE,TRUE,28,28,1.12119250882358e-11,0.0117018439332855,""
1136,"capped",TRUE,TRUE,28,28,3.6521112594593e-13,0.011298556306199,""
1137,"probability",TRUE,NA,NA,NA,NA,NA,""
1137,"original",TRUE,TRUE,28,28,1.27917938365969e-11,0.0115877610020529,""
1137,"capped",TRUE,TRUE,28,28,2.74465018829734e-12,0.0114023968518536,""
1138,"probability",TRUE,NA,NA,NA,NA,NA,""
1138,"original",TRUE,TRUE,28,28,1.36811516296838e-11,0.0123450768441953,""
1138,"capped",TRUE,TRUE,28,28,2.90668116723613e-12,0.0120407554298418,""
1139,"probability",TRUE,NA,NA,NA,NA,NA,""
1139,"original",TRUE,TRUE,28,28,3.99648215310177e-12,0.0112292795724536,""
1139,"capped",TRUE,TRUE,28,28,2.82749306670159e-13,0.0107102024741992,""
1140,"probability",TRUE,NA,NA,NA,NA,NA,""
1140,"original",TRUE,TRUE,28,28,2.84112574667955e-11,0.0117383694050904,""
1140,"capped",TRUE,TRUE,28,28,8.7007445961125e-13,0.0115084219449142,""
1141,"probability",TRUE,NA,NA,NA,NA,NA,""
1141,"original",TRUE,TRUE,28,28,2.44999832661912e-11,0.0124545165921596,""
1141,"capped",TRUE,TRUE,28,28,2.12154613173719e-12,0.0119220430038305,""
1142,"probability",TRUE,NA,NA,NA,NA,NA,""
1142,"original",TRUE,TRUE,28,28,6.18158817034994e-16,0.0110411178558564,""
1142,"capped",TRUE,TRUE,28,28,1.33141845266711e-12,0.0104082471717007,""
1143,"probability",TRUE,NA,NA,NA,NA,NA,""
1143,"original",TRUE,TRUE,28,28,4.35091396353766e-16,0.0121264807559304,""
1143,"capped",TRUE,TRUE,28,28,7.98266798348222e-13,0.0116306377444621,""
1144,"probability",TRUE,NA,NA,NA,NA,NA,""
1144,"original",TRUE,TRUE,28,28,7.72855205884459e-11,0.0119639984136213,""
1144,"capped",TRUE,TRUE,28,28,2.81449254465373e-12,0.0114674337222916,""
1145,"probability",TRUE,NA,NA,NA,NA,NA,""
1145,"original",TRUE,TRUE,28,28,1.04383754240593e-15,0.0118083439519626,""
1145,"capped",TRUE,TRUE,28,28,1.17105086908731e-12,0.0114843557987101,""
1146,"probability",TRUE,NA,NA,NA,NA,NA,""
1146,"original",TRUE,TRUE,28,28,3.14936999178138e-11,0.0119447329381395,""
1146,"capped",TRUE,TRUE,28,28,5.44047003544335e-12,0.0116229276379397,""
1147,"probability",TRUE,NA,NA,NA,NA,NA,""
1147,"original",TRUE,TRUE,28,28,8.22750024280283e-12,0.0119618910038963,""
1147,"capped",TRUE,TRUE,28,28,4.39606901489512e-13,0.0113859265011165,""
1148,"probability",TRUE,NA,NA,NA,NA,NA,""
1148,"original",TRUE,TRUE,28,28,3.15063550834646e-16,0.012010885613478,""
1148,"capped",TRUE,TRUE,28,28,1.50998388596808e-12,0.0114812403105866,""
1149,"probability",TRUE,NA,NA,NA,NA,NA,""
1149,"original",TRUE,TRUE,28,28,1.54715102675708e-11,0.0124432663848258,""
1149,"capped",TRUE,TRUE,28,28,1.60326567866671e-12,0.0120905196842388,""
1150,"probability",TRUE,NA,NA,NA,NA,NA,""
1150,"original",TRUE,TRUE,28,28,1.29468266508955e-11,0.0120582188044396,""
1150,"capped",TRUE,TRUE,28,28,3.96036827390108e-13,0.0115457896083635,""
1151,"probability",TRUE,NA,NA,NA,NA,NA,""
1151,"original",TRUE,TRUE,28,28,1.49752167246567e-15,0.0112990377035201,""
1151,"capped",TRUE,TRUE,28,28,2.68392155956197e-12,0.0109878682721293,""
1152,"probability",TRUE,NA,NA,NA,NA,NA,""
1152,"original",TRUE,TRUE,28,28,1.60722753405929e-12,0.0124962064000591,""
1152,"capped",TRUE,TRUE,28,28,2.89866516778436e-13,0.0124195868116411,""
1153,"probability",TRUE,NA,NA,NA,NA,NA,""
1153,"original",TRUE,TRUE,28,28,3.0950828127882e-12,0.0112799463003542,""
1153,"capped",TRUE,TRUE,28,28,3.44427780400631e-12,0.0111308378179225,""
1154,"probability",TRUE,NA,NA,NA,NA,NA,""
1154,"original",TRUE,TRUE,28,28,3.48721468984344e-16,0.0122973431344935,""
1154,"capped",TRUE,TRUE,28,28,4.77596529147006e-13,0.0117636398230072,""
1155,"probability",TRUE,NA,NA,NA,NA,NA,""
1155,"original",TRUE,TRUE,28,28,1.12917953823914e-11,0.0120087819440426,""
1155,"capped",TRUE,TRUE,28,28,3.17430543003809e-12,0.0114495246705807,""
1156,"probability",TRUE,NA,NA,NA,NA,NA,""
1156,"original",TRUE,TRUE,28,28,5.83611584105535e-12,0.0122363321091691,""
1156,"capped",TRUE,TRUE,28,28,1.79534539001246e-12,0.0117623986741786,""
1157,"probability",TRUE,NA,NA,NA,NA,NA,""
1157,"original",TRUE,TRUE,28,28,2.4682532366372e-12,0.0123851355249956,""
1157,"capped",TRUE,TRUE,28,28,4.1786100820692e-12,0.0122317842085408,""
1158,"probability",TRUE,NA,NA,NA,NA,NA,""
1158,"original",TRUE,TRUE,28,28,6.8351883368107e-13,0.0115284807614676,""
1158,"capped",TRUE,TRUE,28,28,1.27984102750958e-13,0.0113616089780304,""
1159,"probability",TRUE,NA,NA,NA,NA,NA,""
1159,"original",TRUE,TRUE,28,28,1.59332670641407e-12,0.0117556177659088,""
1159,"capped",TRUE,TRUE,28,28,3.10435718160752e-12,0.0117666418499056,""
1160,"probability",TRUE,NA,NA,NA,NA,NA,""
1160,"original",TRUE,TRUE,28,28,6.1085079129465e-13,0.0113882138243774,""
1160,"capped",TRUE,TRUE,28,28,2.16978545380726e-12,0.011351487633625,""
1161,"probability",TRUE,NA,NA,NA,NA,NA,""
1161,"original",TRUE,TRUE,28,28,6.98943504655545e-11,0.012226937259048,""
1161,"capped",TRUE,TRUE,28,28,2.8154715637558e-12,0.0115340153453687,""
1162,"probability",TRUE,NA,NA,NA,NA,NA,""
1162,"original",TRUE,TRUE,28,28,2.9065581438456e-12,0.0118311236731571,""
1162,"capped",TRUE,TRUE,28,28,2.81080580451603e-13,0.0118081713979721,""
1163,"probability",TRUE,NA,NA,NA,NA,NA,""
1163,"original",TRUE,TRUE,28,28,1.47336788503725e-11,0.0118935756871266,""
1163,"capped",TRUE,TRUE,28,28,2.75340519953331e-13,0.0117172545561835,""
1164,"probability",TRUE,NA,NA,NA,NA,NA,""
1164,"original",TRUE,TRUE,28,28,1.79716880593394e-12,0.0125851681112183,""
1164,"capped",TRUE,TRUE,28,28,2.19937960053016e-12,0.0126631948318483,""
1165,"probability",TRUE,NA,NA,NA,NA,NA,""
1165,"original",TRUE,TRUE,28,28,1.55284974749331e-13,0.0115749745120716,""
1165,"capped",TRUE,TRUE,28,28,5.74757383888929e-14,0.0114669247086795,""
1166,"probability",TRUE,NA,NA,NA,NA,NA,""
1166,"original",TRUE,TRUE,28,28,5.20782660948042e-12,0.0128979823620797,""
1166,"capped",TRUE,TRUE,28,28,2.60770403099905e-12,0.0124512856627338,""
1167,"probability",TRUE,NA,NA,NA,NA,NA,""
1167,"original",TRUE,TRUE,28,28,9.96407075832908e-12,0.0121055204105249,""
1167,"capped",TRUE,TRUE,28,28,9.58827057250023e-13,0.0116028277916195,""
1168,"probability",TRUE,NA,NA,NA,NA,NA,""
1168,"original",TRUE,TRUE,28,28,1.94345521522761e-11,0.0130749421647738,""
1168,"capped",TRUE,TRUE,28,28,2.62655964263333e-12,0.0127809242461717,""
1169,"probability",TRUE,NA,NA,NA,NA,NA,""
1169,"original",TRUE,TRUE,28,28,7.88955771115629e-16,0.0119749326837185,""
1169,"capped",TRUE,TRUE,28,28,9.08595270328683e-13,0.0115679062293383,""
1170,"probability",TRUE,NA,NA,NA,NA,NA,""
1170,"original",TRUE,TRUE,28,28,4.03184668630808e-12,0.0110083556663305,""
1170,"capped",TRUE,TRUE,28,28,1.34765375221237e-12,0.0106305208115382,""
1171,"probability",TRUE,NA,NA,NA,NA,NA,""
1171,"original",TRUE,TRUE,28,28,3.69715817551903e-11,0.0116686234072085,""
1171,"capped",TRUE,TRUE,28,28,3.26151629357886e-13,0.0112305708932352,""
1172,"probability",TRUE,NA,NA,NA,NA,NA,""
1172,"original",TRUE,TRUE,28,28,2.31736657814512e-11,0.012488899724589,""
1172,"capped",TRUE,TRUE,28,28,1.00815066610942e-12,0.0120176764059499,""
1173,"probability",TRUE,NA,NA,NA,NA,NA,""
1173,"original",TRUE,TRUE,28,28,3.46976639604058e-11,0.0115011803086857,""
1173,"capped",TRUE,TRUE,28,28,5.33891662202978e-13,0.0109964699210912,""
1174,"probability",TRUE,NA,NA,NA,NA,NA,""
1174,"original",TRUE,TRUE,28,28,6.04060335952723e-16,0.0127253414912188,""
1174,"capped",TRUE,TRUE,28,28,1.81460054955387e-12,0.012317689346426,""
1175,"probability",TRUE,NA,NA,NA,NA,NA,""
1175,"original",TRUE,TRUE,28,28,1.1394413980176e-12,0.0129584906620704,""
1175,"capped",TRUE,TRUE,28,28,2.36752746955962e-12,0.0129964434549922,""
1176,"probability",TRUE,NA,NA,NA,NA,NA,""
1176,"original",TRUE,TRUE,28,28,1.77909307485784e-11,0.0129965870286718,""
1176,"capped",TRUE,TRUE,28,28,1.29400629817007e-12,0.0126188007623863,""
1177,"probability",TRUE,NA,NA,NA,NA,NA,""
1177,"original",TRUE,TRUE,28,28,1.58082410703482e-11,0.0111517061571739,""
1177,"capped",TRUE,TRUE,28,28,1.96457651720396e-12,0.0108696070246785,""
1178,"probability",TRUE,NA,NA,NA,NA,NA,""
1178,"original",TRUE,TRUE,28,28,3.48144874155289e-11,0.0126879198084459,""
1178,"capped",TRUE,TRUE,28,28,1.36330766832924e-12,0.0122753034867394,""
1179,"probability",TRUE,NA,NA,NA,NA,NA,""
1179,"original",TRUE,TRUE,28,28,2.46512251191096e-12,0.0113140739479667,""
1179,"capped",TRUE,TRUE,28,28,1.67294475734641e-12,0.0112442533582225,""
1180,"probability",TRUE,NA,NA,NA,NA,NA,""
1180,"original",TRUE,TRUE,28,28,2.19358668995453e-12,0.0121908837348393,""
1180,"capped",TRUE,TRUE,28,28,3.2753027862246e-13,0.0119979629467265,""
1181,"probability",TRUE,NA,NA,NA,NA,NA,""
1181,"original",TRUE,TRUE,28,28,3.79316020648498e-12,0.0123930473638069,""
1181,"capped",TRUE,TRUE,28,28,3.87512856637097e-12,0.0122768758689135,""
1182,"probability",TRUE,NA,NA,NA,NA,NA,""
1182,"original",TRUE,TRUE,28,28,8.17882701254174e-12,0.0121226725216177,""
1182,"capped",TRUE,TRUE,28,28,8.7618432500926e-13,0.0117962500698527,""
1183,"probability",TRUE,NA,NA,NA,NA,NA,""
1183,"original",TRUE,TRUE,28,28,2.09085591617759e-12,0.0124527276169064,""
1183,"capped",TRUE,TRUE,28,28,5.65796549323148e-13,0.0122397021626699,""
1184,"probability",TRUE,NA,NA,NA,NA,NA,""
1184,"original",TRUE,TRUE,28,28,7.16410542622358e-12,0.0124054107215523,""
1184,"capped",TRUE,TRUE,28,28,3.84569346690684e-12,0.0123580848672076,""
1185,"probability",TRUE,NA,NA,NA,NA,NA,""
1185,"original",TRUE,TRUE,28,28,3.22918152796403e-12,0.0120283362465369,""
1185,"capped",TRUE,TRUE,28,28,2.84444245589314e-13,0.0113580748715714,""
1186,"probability",TRUE,NA,NA,NA,NA,NA,""
1186,"original",TRUE,TRUE,28,28,3.94157335221699e-12,0.0114438375432621,""
1186,"capped",TRUE,TRUE,28,28,8.28397795707378e-13,0.011115868595019,""
1187,"probability",TRUE,NA,NA,NA,NA,NA,""
1187,"original",TRUE,TRUE,28,28,1.87417736373524e-12,0.0117865454595722,""
1187,"capped",TRUE,TRUE,28,28,1.59866470829853e-12,0.0117150391135618,""
1188,"probability",TRUE,NA,NA,NA,NA,NA,""
1188,"original",TRUE,TRUE,28,28,9.45474340305346e-13,0.0111112556099763,""
1188,"capped",TRUE,TRUE,28,28,1.22851340964335e-12,0.011051877702501,""
1189,"probability",TRUE,NA,NA,NA,NA,NA,""
1189,"original",TRUE,TRUE,28,28,1.49032686378228e-11,0.0133382379009614,""
1189,"capped",TRUE,TRUE,28,28,1.18729125218865e-12,0.0129891892083141,""
1190,"probability",TRUE,NA,NA,NA,NA,NA,""
1190,"original",TRUE,TRUE,28,28,4.05617822306953e-13,0.0113923443573778,""
1190,"capped",TRUE,TRUE,28,28,6.05707718277232e-13,0.0112735542190015,""
1191,"probability",TRUE,NA,NA,NA,NA,NA,""
1191,"original",TRUE,TRUE,28,28,5.5651685791337e-16,0.0130953663891333,""
1191,"capped",TRUE,TRUE,28,28,2.10946272560953e-12,0.0125798070146624,""
1192,"probability",TRUE,NA,NA,NA,NA,NA,""
1192,"original",TRUE,TRUE,28,28,3.57282165444633e-12,0.0118431941458241,""
1192,"capped",TRUE,TRUE,28,28,1.9062969722526e-12,0.0117227943869674,""
1193,"probability",TRUE,NA,NA,NA,NA,NA,""
1193,"original",TRUE,TRUE,28,28,1.53274315436143e-12,0.0112950308663546,""
1193,"capped",TRUE,TRUE,28,28,6.54125179117645e-13,0.0112601210595419,""
1194,"probability",TRUE,NA,NA,NA,NA,NA,""
1194,"original",TRUE,TRUE,28,28,5.43117106305634e-13,0.0110674790923177,""
1194,"capped",TRUE,TRUE,28,28,1.86012684685245e-12,0.0109626741070211,""
1195,"probability",TRUE,NA,NA,NA,NA,NA,""
1195,"original",TRUE,TRUE,28,28,5.97343392194053e-13,0.0113114285289693,""
1195,"capped",TRUE,TRUE,28,28,3.20411289620881e-13,0.0112678465192749,""
1196,"probability",TRUE,NA,NA,NA,NA,NA,""
1196,"original",TRUE,TRUE,28,28,1.98133246793397e-11,0.0114093226796264,""
1196,"capped",TRUE,TRUE,28,28,1.38085060291e-12,0.0110519727649483,""
1197,"probability",TRUE,NA,NA,NA,NA,NA,""
1197,"original",TRUE,TRUE,28,28,7.27299399004011e-16,0.0126628929703193,""
1197,"capped",TRUE,TRUE,28,28,3.49706711570337e-12,0.0121692613645042,""
1198,"probability",TRUE,NA,NA,NA,NA,NA,""
1198,"original",TRUE,TRUE,28,28,9.28753086380585e-12,0.0121879823483183,""
1198,"capped",TRUE,TRUE,28,28,4.46124999715912e-12,0.0118488059949219,""
1199,"probability",TRUE,NA,NA,NA,NA,NA,""
1199,"original",TRUE,TRUE,28,28,1.78181934062702e-11,0.0126662321086403,""
1199,"capped",TRUE,TRUE,28,28,9.56155580776493e-13,0.012206529220232,""
1200,"probability",TRUE,NA,NA,NA,NA,NA,""
1200,"original",TRUE,TRUE,28,28,8.32448110835765e-11,0.0118186698128089,""
1200,"capped",TRUE,TRUE,28,28,5.69798832026451e-13,0.0113507078537441,""
1201,"probability",TRUE,NA,NA,NA,NA,NA,""
1201,"original",TRUE,TRUE,28,28,3.7754561730669e-11,0.0120595426818902,""
1201,"capped",TRUE,TRUE,28,28,7.35153285683596e-13,0.0116707450829837,""
1202,"probability",TRUE,NA,NA,NA,NA,NA,""
1202,"original",TRUE,TRUE,28,28,9.1305270580204e-12,0.012242312391386,""
1202,"capped",TRUE,TRUE,28,28,8.97050774025709e-13,0.0118055729571905,""
1203,"probability",TRUE,NA,NA,NA,NA,NA,""
1203,"original",TRUE,TRUE,28,28,1.80625857574635e-11,0.0121410908136804,""
1203,"capped",TRUE,TRUE,28,28,1.25036483421148e-13,0.0114830538041137,""
1204,"probability",TRUE,NA,NA,NA,NA,NA,""
1204,"original",TRUE,TRUE,28,28,3.64157887221809e-12,0.0124579035581641,""
1204,"capped",TRUE,TRUE,28,28,3.47656201995753e-12,0.012238852385735,""
1205,"probability",TRUE,NA,NA,NA,NA,NA,""
1205,"original",TRUE,TRUE,28,28,3.1815701952826e-12,0.0120567153371219,""
1205,"capped",TRUE,TRUE,28,28,1.57737979782121e-12,0.0116990689479434,""
1206,"probability",TRUE,NA,NA,NA,NA,NA,""
1206,"original",TRUE,TRUE,28,28,8.54879910652884e-11,0.0113548939980954,""
1206,"capped",TRUE,TRUE,28,28,3.69271863948041e-12,0.0109036686368151,""
1207,"probability",TRUE,NA,NA,NA,NA,NA,""
1207,"original",TRUE,TRUE,28,28,1.10843749465977e-11,0.012152607665525,""
1207,"capped",TRUE,TRUE,28,28,1.75935437321198e-13,0.0117013049030943,""
1208,"probability",TRUE,NA,NA,NA,NA,NA,""
1208,"original",TRUE,TRUE,28,28,1.79779017965281e-11,0.012355200584025,""
1208,"capped",TRUE,TRUE,28,28,1.34592275809673e-12,0.0119128694344474,""
1209,"probability",TRUE,NA,NA,NA,NA,NA,""
1209,"original",TRUE,TRUE,28,28,8.65723412385866e-12,0.0111259679458119,""
1209,"capped",TRUE,TRUE,28,28,6.39716108916892e-13,0.0107239079527648,""
1210,"probability",TRUE,NA,NA,NA,NA,NA,""
1210,"original",TRUE,TRUE,28,28,5.42623787985558e-12,0.0121132937050676,""
1210,"capped",TRUE,TRUE,28,28,1.77933031306089e-12,0.0120704618984449,""
1211,"probability",TRUE,NA,NA,NA,NA,NA,""
1211,"original",TRUE,TRUE,28,28,2.99963852050881e-12,0.0118517838625778,""
1211,"capped",TRUE,TRUE,28,28,1.56671023580465e-13,0.011892816992608,""
1212,"probability",TRUE,NA,NA,NA,NA,NA,""
1212,"original",TRUE,TRUE,28,28,1.39562064835274e-15,0.011600036721925,""
1212,"capped",TRUE,TRUE,28,28,1.01593574077592e-12,0.0110584331701834,""
1213,"probability",TRUE,NA,NA,NA,NA,NA,""
1213,"original",TRUE,TRUE,28,28,1.67955356253292e-12,0.0122263099524889,""
1213,"capped",TRUE,TRUE,28,28,3.20479766554025e-12,0.0121732614764606,""
1214,"probability",TRUE,NA,NA,NA,NA,NA,""
1214,"original",TRUE,TRUE,28,28,1.19130353777166e-11,0.0120702989969958,""
1214,"capped",TRUE,TRUE,28,28,3.15071112149207e-12,0.0116780153324182,""
1215,"probability",TRUE,NA,NA,NA,NA,NA,""
1215,"original",TRUE,TRUE,28,28,4.02092819325594e-13,0.0112434776419452,""
1215,"capped",TRUE,TRUE,28,28,2.37256280850857e-13,0.0112060213812045,""
1216,"probability",TRUE,NA,NA,NA,NA,NA,""
1216,"original",TRUE,TRUE,28,28,7.73728392647685e-12,0.012494175678176,""
1216,"capped",TRUE,TRUE,28,28,3.5604595087697e-13,0.0120506033801797,""
1217,"probability",TRUE,NA,NA,NA,NA,NA,""
1217,"original",TRUE,TRUE,28,28,5.44338547902656e-11,0.013212706509691,""
1217,"capped",TRUE,TRUE,28,28,2.24814757118811e-12,0.0125293836538647,""
1218,"probability",TRUE,NA,NA,NA,NA,NA,""
1218,"original",TRUE,TRUE,28,28,7.39446511930756e-12,0.0120044747968981,""
1218,"capped",TRUE,TRUE,28,28,1.69404772275948e-12,0.0115874333795153,""
1219,"probability",TRUE,NA,NA,NA,NA,NA,""
1219,"original",TRUE,TRUE,28,28,1.53348230094829e-11,0.012024454055792,""
1219,"capped",TRUE,TRUE,28,28,2.78023550181513e-12,0.011880044689393,""
1220,"probability",TRUE,NA,NA,NA,NA,NA,""
1220,"original",TRUE,TRUE,28,28,9.65490457836888e-16,0.0129165579963007,""
1220,"capped",TRUE,TRUE,28,28,1.46754929425171e-12,0.0124167920717682,""
1221,"probability",TRUE,NA,NA,NA,NA,NA,""
1221,"original",TRUE,TRUE,28,28,1.61981778387619e-11,0.0130738356192128,""
1221,"capped",TRUE,TRUE,28,28,1.80825965165452e-12,0.012775856367673,""
1222,"probability",TRUE,NA,NA,NA,NA,NA,""
1222,"original",TRUE,TRUE,28,28,1.58953420490903e-11,0.0124474789215119,""
1222,"capped",TRUE,TRUE,28,28,9.81179437049348e-13,0.0120376917493652,""
1223,"probability",TRUE,NA,NA,NA,NA,NA,""
1223,"original",TRUE,TRUE,28,28,1.53169327240593e-11,0.0126646991152477,""
1223,"capped",TRUE,TRUE,28,28,2.0308534906845e-13,0.0122458390021954,""
1224,"probability",TRUE,NA,NA,NA,NA,NA,""
1224,"original",TRUE,TRUE,28,28,8.3264809032023e-16,0.0111286532627702,""
1224,"capped",TRUE,TRUE,28,28,1.71411095524641e-12,0.0105736140089682,""
1225,"probability",TRUE,NA,NA,NA,NA,NA,""
1225,"original",TRUE,TRUE,28,28,5.59030291522132e-11,0.0110253857627725,""
1225,"capped",TRUE,TRUE,28,28,7.66027573696554e-13,0.0107028169479434,""
1226,"probability",TRUE,NA,NA,NA,NA,NA,""
1226,"original",TRUE,TRUE,28,28,7.52648753869165e-12,0.0120070102813345,""
1226,"capped",TRUE,TRUE,28,28,2.74683432081815e-12,0.0116769887627567,""
1227,"probability",TRUE,NA,NA,NA,NA,NA,""
1227,"original",TRUE,TRUE,28,28,1.71747492170111e-11,0.011475036241136,""
1227,"capped",TRUE,TRUE,28,28,6.14652695890319e-13,0.0110358940005212,""
1228,"probability",TRUE,NA,NA,NA,NA,NA,""
1228,"original",TRUE,TRUE,28,28,2.78935029211081e-12,0.0123477486028789,""
1228,"capped",TRUE,TRUE,28,28,5.055371227857e-12,0.0122803136638136,""
1229,"probability",TRUE,NA,NA,NA,NA,NA,""
1229,"original",TRUE,TRUE,28,28,7.11324979226036e-12,0.0124495636055162,""
1229,"capped",TRUE,TRUE,28,28,2.1058236988921e-12,0.0123308175426909,""
1230,"probability",TRUE,NA,NA,NA,NA,NA,""
1230,"original",TRUE,TRUE,28,28,1.29685682667445e-12,0.0115415746082876,""
1230,"capped",TRUE,TRUE,28,28,5.33130139432017e-13,0.011484144672835,""
1231,"probability",TRUE,NA,NA,NA,NA,NA,""
1231,"original",TRUE,TRUE,28,28,2.34693246205509e-11,0.0118971105551715,""
1231,"capped",TRUE,TRUE,28,28,5.54423289921079e-13,0.0115268132246579,""
1232,"probability",TRUE,NA,NA,NA,NA,NA,""
1232,"original",TRUE,TRUE,28,28,4.17760032997036e-12,0.0118438384453755,""
1232,"capped",TRUE,TRUE,28,28,1.72781480082609e-12,0.0116230954844297,""
1233,"probability",TRUE,NA,NA,NA,NA,NA,""
1233,"original",TRUE,TRUE,28,28,1.97864386646396e-11,0.0125935301975648,""
1233,"capped",TRUE,TRUE,28,28,2.2708350702815e-13,0.0119445290581829,""
1234,"probability",TRUE,NA,NA,NA,NA,NA,""
1234,"original",TRUE,TRUE,28,28,1.98599328496828e-11,0.0128081716953866,""
1234,"capped",TRUE,TRUE,28,28,3.40873539740138e-12,0.012465160181769,""
1235,"probability",TRUE,NA,NA,NA,NA,NA,""
1235,"original",TRUE,TRUE,28,28,1.47935359712917e-11,0.0123827290172117,""
1235,"capped",TRUE,TRUE,28,28,2.33164346757772e-12,0.0120143744620234,""
1236,"probability",TRUE,NA,NA,NA,NA,NA,""
1236,"original",TRUE,TRUE,28,28,7.43560624843203e-12,0.0129580526671973,""
1236,"capped",TRUE,TRUE,28,28,5.87128998388752e-13,0.0126693397593196,""
1237,"probability",TRUE,NA,NA,NA,NA,NA,""
1237,"original",TRUE,TRUE,28,28,6.54737260348974e-12,0.011523311839736,""
1237,"capped",TRUE,TRUE,28,28,1.69218567224331e-12,0.0112288642819587,""
1238,"probability",TRUE,NA,NA,NA,NA,NA,""
1238,"original",TRUE,TRUE,28,28,4.28608973423203e-12,0.0123129932008137,""
1238,"capped",TRUE,TRUE,28,28,1.03315428910861e-12,0.0117679529714705,""
1239,"probability",TRUE,NA,NA,NA,NA,NA,""
1239,"original",TRUE,TRUE,28,28,3.95488113866291e-11,0.0122467308834619,""
1239,"capped",TRUE,TRUE,28,28,5.24584030295151e-13,0.0117215891156858,""
1240,"probability",TRUE,NA,NA,NA,NA,NA,""
1240,"original",TRUE,TRUE,28,28,6.12019464068787e-13,0.0109755311480319,""
1240,"capped",TRUE,TRUE,28,28,5.14617876989031e-13,0.0107459434757883,""
1241,"probability",TRUE,NA,NA,NA,NA,NA,""
1241,"original",TRUE,TRUE,28,28,1.4347840473812e-11,0.011623261914753,""
1241,"capped",TRUE,TRUE,28,28,1.70863347931639e-12,0.011203466809558,""
1242,"probability",TRUE,NA,NA,NA,NA,NA,""
1242,"original",TRUE,TRUE,28,28,1.51466098469124e-11,0.0115882076754536,""
1242,"capped",TRUE,TRUE,28,28,3.78366997234738e-12,0.0112178080149847,""
1243,"probability",TRUE,NA,NA,NA,NA,NA,""
1243,"original",TRUE,TRUE,28,28,1.16808171027573e-11,0.0130015905350517,""
1243,"capped",TRUE,TRUE,28,28,5.50962455836178e-12,0.0125329558968219,""
1244,"probability",TRUE,NA,NA,NA,NA,NA,""
1244,"original",TRUE,TRUE,28,28,4.56722463329426e-12,0.0120854580346631,""
1244,"capped",TRUE,TRUE,28,28,3.73282559361905e-13,0.0117994531362691,""
1245,"probability",TRUE,NA,NA,NA,NA,NA,""
1245,"original",TRUE,TRUE,28,28,1.85735750897023e-11,0.0122365218995511,""
1245,"capped",TRUE,TRUE,28,28,2.32627783538774e-12,0.0120196514251721,""
1246,"probability",TRUE,NA,NA,NA,NA,NA,""
1246,"original",TRUE,TRUE,28,28,6.58820569771201e-11,0.0122995312599308,""
1246,"capped",TRUE,TRUE,28,28,6.59906903486637e-13,0.0117582185500134,""
1247,"probability",TRUE,NA,NA,NA,NA,NA,""
1247,"original",TRUE,TRUE,28,28,1.54761421402323e-12,0.0118276076969869,""
1247,"capped",TRUE,TRUE,28,28,1.86987736042417e-12,0.0118684101662639,""
1248,"probability",TRUE,NA,NA,NA,NA,NA,""
1248,"original",TRUE,TRUE,28,28,3.68166712513378e-11,0.0120127356380229,""
1248,"capped",TRUE,TRUE,28,28,5.74639110189573e-13,0.0115892777089325,""
1249,"probability",TRUE,NA,NA,NA,NA,NA,""
1249,"original",TRUE,TRUE,28,28,2.03068381903497e-11,0.0110421953405791,""
1249,"capped",TRUE,TRUE,28,28,1.69430932617422e-12,0.0107547157592187,""
1250,"probability",TRUE,NA,NA,NA,NA,NA,""
1250,"original",TRUE,TRUE,28,28,6.88903995704677e-13,0.0112136666279014,""
1250,"capped",TRUE,TRUE,28,28,9.48380144169527e-13,0.0111529721359618,""
1251,"probability",TRUE,NA,NA,NA,NA,NA,""
1251,"original",TRUE,TRUE,28,28,1.5859454360862e-12,0.0113167208848702,""
1251,"capped",TRUE,TRUE,28,28,5.99813344747628e-13,0.0112068602478314,""
1252,"probability",TRUE,NA,NA,NA,NA,NA,""
1252,"original",TRUE,TRUE,28,28,2.30038887921352e-12,0.0113060767216873,""
1252,"capped",TRUE,TRUE,28,28,1.5938146469104e-12,0.0113044376711082,""
1253,"probability",TRUE,NA,NA,NA,NA,NA,""
1253,"original",TRUE,TRUE,28,28,1.04182871278394e-11,0.011149658548419,""
1253,"capped",TRUE,TRUE,28,28,2.37487742405973e-12,0.0107398843524858,""
1254,"probability",TRUE,NA,NA,NA,NA,NA,""
1254,"original",TRUE,TRUE,28,28,5.7466934385198e-11,0.0118291582920396,""
1254,"capped",TRUE,TRUE,28,28,1.98313575589894e-12,0.0113475712740346,""
1255,"probability",TRUE,NA,NA,NA,NA,NA,""
1255,"original",TRUE,TRUE,28,28,1.10849590276487e-11,0.0114469063586745,""
1255,"capped",TRUE,TRUE,28,28,1.39771767652336e-12,0.0110766089829863,""
1256,"probability",TRUE,NA,NA,NA,NA,NA,""
1256,"original",TRUE,TRUE,28,28,6.57811484291803e-11,0.0129570672424394,""
1256,"capped",TRUE,TRUE,28,28,1.80040333056301e-12,0.0125339305951597,""
1257,"probability",TRUE,NA,NA,NA,NA,NA,""
1257,"original",TRUE,TRUE,28,28,6.41037193054792e-16,0.0115175055578643,""
1257,"capped",TRUE,TRUE,28,28,2.55061298930688e-13,0.0110250046869045,""
1258,"probability",TRUE,NA,NA,NA,NA,NA,""
1258,"original",TRUE,TRUE,28,28,3.47051178593393e-12,0.0116272347735156,""
1258,"capped",TRUE,TRUE,28,28,8.49716552545223e-13,0.0115902155946773,""
1259,"probability",TRUE,NA,NA,NA,NA,NA,""
1259,"original",TRUE,TRUE,28,28,6.5365890238389e-11,0.0121207780820143,""
1259,"capped",TRUE,TRUE,28,28,1.10591323809388e-12,0.0116665200237869,""
1260,"probability",TRUE,NA,NA,NA,NA,NA,""
1260,"original",TRUE,TRUE,28,28,1.46056005018842e-11,0.0127133269861311,""
1260,"capped",TRUE,TRUE,28,28,7.35498209666324e-13,0.0121404023353564,""
1261,"probability",TRUE,NA,NA,NA,NA,NA,""
1261,"original",TRUE,TRUE,28,28,3.18895829370279e-13,0.0120867960833502,""
1261,"capped",TRUE,TRUE,28,28,2.31774480996103e-13,0.0119986624841701,""
1262,"probability",TRUE,NA,NA,NA,NA,NA,""
1262,"original",TRUE,TRUE,28,28,5.70052002746412e-16,0.0121236624783359,""
1262,"capped",TRUE,TRUE,28,28,8.67006433847835e-13,0.0116893241150816,""
1263,"probability",TRUE,NA,NA,NA,NA,NA,""
1263,"original",TRUE,TRUE,28,28,7.78233702759322e-12,0.0125880714157213,""
1263,"capped",TRUE,TRUE,28,28,1.99865711142276e-13,0.0121433467592393,""
1264,"probability",TRUE,NA,NA,NA,NA,NA,""
1264,"original",TRUE,TRUE,28,28,1.7554545938176e-12,0.0114214771476674,""
1264,"capped",TRUE,TRUE,28,28,3.2019065161837e-12,0.0114614868131699,""
1265,"probability",TRUE,NA,NA,NA,NA,NA,""
1265,"original",TRUE,TRUE,28,28,9.10497758831231e-12,0.0128886020848218,""
1265,"capped",TRUE,TRUE,28,28,1.3637211420036e-12,0.0123172093254199,""
1266,"probability",TRUE,NA,NA,NA,NA,NA,""
1266,"original",TRUE,TRUE,28,28,5.85286589664607e-12,0.0127493305508508,""
1266,"capped",TRUE,TRUE,28,28,1.22297208058912e-12,0.0126342622256555,""
1267,"probability",TRUE,NA,NA,NA,NA,NA,""
1267,"original",TRUE,TRUE,28,28,2.34004932761297e-12,0.0122576159406205,""
1267,"capped",TRUE,TRUE,28,28,1.18737898006399e-13,0.0121519519912893,""
1268,"probability",TRUE,NA,NA,NA,NA,NA,""
1268,"original",TRUE,TRUE,28,28,9.56856710299683e-11,0.0123993870190607,""
1268,"capped",TRUE,TRUE,28,28,2.65553194894558e-12,0.0119919013274385,""
1269,"probability",TRUE,NA,NA,NA,NA,NA,""
1269,"original",TRUE,TRUE,28,28,1.85017336656416e-11,0.0110189314246007,""
1269,"capped",TRUE,TRUE,28,28,1.45426175326183e-13,0.0104887772943464,""
1270,"probability",TRUE,NA,NA,NA,NA,NA,""
1270,"original",TRUE,TRUE,28,28,6.32490418759746e-11,0.0121919633277168,""
1270,"capped",TRUE,TRUE,28,28,1.0669484421649e-12,0.011808940747437,""
1271,"probability",TRUE,NA,NA,NA,NA,NA,""
1271,"original",TRUE,TRUE,28,28,4.21333135360669e-11,0.011678110519202,""
1271,"capped",TRUE,TRUE,28,28,1.79874743526159e-12,0.0112625714555817,""
1272,"probability",TRUE,NA,NA,NA,NA,NA,""
1272,"original",TRUE,TRUE,28,28,4.70693486330564e-13,0.0114680125903012,""
1272,"capped",TRUE,TRUE,28,28,1.80407571905934e-13,0.0114684588274094,""
1273,"probability",TRUE,NA,NA,NA,NA,NA,""
1273,"original",TRUE,TRUE,28,28,2.53591580216054e-12,0.0115401345951957,""
1273,"capped",TRUE,TRUE,28,28,6.39858778664716e-13,0.0115440338044319,""
1274,"probability",TRUE,NA,NA,NA,NA,NA,""
1274,"original",TRUE,TRUE,28,28,1.39096149065791e-12,0.0114222131659847,""
1274,"capped",TRUE,TRUE,28,28,8.98833290282287e-13,0.0113497114361199,""
1275,"probability",TRUE,NA,NA,NA,NA,NA,""
1275,"original",TRUE,TRUE,28,28,5.22218740679939e-16,0.0119789381186304,""
1275,"capped",TRUE,TRUE,28,28,1.16618520970904e-12,0.0115486848256901,""
1276,"probability",TRUE,NA,NA,NA,NA,NA,""
1276,"original",TRUE,TRUE,28,28,9.03304686140954e-13,0.0115081215703641,""
1276,"capped",TRUE,TRUE,28,28,3.09736753395317e-12,0.0113262083379512,""
1277,"probability",TRUE,NA,NA,NA,NA,NA,""
1277,"original",TRUE,TRUE,28,28,1.08433662714044e-11,0.0120950825043612,""
1277,"capped",TRUE,TRUE,28,28,7.80055430080633e-13,0.0116765703634105,""
1278,"probability",TRUE,NA,NA,NA,NA,NA,""
1278,"original",TRUE,TRUE,28,28,9.35929300388429e-12,0.0119216525486618,""
1278,"capped",TRUE,TRUE,28,28,8.08328016946549e-13,0.0114448700189443,""
1279,"probability",TRUE,NA,NA,NA,NA,NA,""
1279,"original",TRUE,TRUE,28,28,5.20346025314142e-13,0.0124329614328217,""
1279,"capped",TRUE,TRUE,28,28,2.63107457513418e-12,0.0118382132430255,""
1280,"probability",TRUE,NA,NA,NA,NA,NA,""
1280,"original",TRUE,TRUE,28,28,5.54589054418637e-16,0.0127863336719704,""
1280,"capped",TRUE,TRUE,28,28,3.21372829375355e-12,0.0123243849525237,""
1281,"probability",TRUE,NA,NA,NA,NA,NA,""
1281,"original",TRUE,TRUE,28,28,2.27547983923935e-12,0.012373869187482,""
1281,"capped",TRUE,TRUE,28,28,9.44658618874209e-13,0.0122952682787568,""
1282,"probability",TRUE,NA,NA,NA,NA,NA,""
1282,"original",TRUE,TRUE,28,28,5.08800208146542e-13,0.0110603143822857,""
1282,"capped",TRUE,TRUE,28,28,2.19211607121487e-12,0.0109821795249912,""
1283,"probability",TRUE,NA,NA,NA,NA,NA,""
1283,"original",TRUE,TRUE,28,28,7.88076363882165e-13,0.0112921838897516,""
1283,"capped",TRUE,TRUE,28,28,3.84772447186306e-13,0.0111004936582086,""
1284,"probability",TRUE,NA,NA,NA,NA,NA,""
1284,"original",TRUE,TRUE,28,28,7.69131783012613e-12,0.0116274796137043,""
1284,"capped",TRUE,TRUE,28,28,6.02078847449425e-13,0.0114798992619469,""
1285,"probability",TRUE,NA,NA,NA,NA,NA,""
1285,"original",TRUE,TRUE,28,28,6.73799549618949e-12,0.0109094163110655,""
1285,"capped",TRUE,TRUE,28,28,1.14712048945611e-12,0.0108326304705241,""
1286,"probability",TRUE,NA,NA,NA,NA,NA,""
1286,"original",TRUE,TRUE,28,28,8.57090620620667e-16,0.0127596486592084,""
1286,"capped",TRUE,TRUE,28,28,5.54330120482716e-13,0.0122662481761726,""
1287,"probability",TRUE,NA,NA,NA,NA,NA,""
1287,"original",TRUE,TRUE,28,28,4.37903492981079e-16,0.0122382452932248,""
1287,"capped",TRUE,TRUE,28,28,3.82258632199208e-13,0.0116829909266988,""
1288,"probability",TRUE,NA,NA,NA,NA,NA,""
1288,"original",TRUE,TRUE,28,28,4.13041721761902e-12,0.010657514055774,""
1288,"capped",TRUE,TRUE,28,28,5.9295793507663e-13,0.0105759247666512,""
1289,"probability",TRUE,NA,NA,NA,NA,NA,""
1289,"original",TRUE,TRUE,28,28,2.0588642638109e-11,0.0115832696050158,""
1289,"capped",TRUE,TRUE,28,28,1.53029901173381e-12,0.011129187169913,""
1290,"probability",TRUE,NA,NA,NA,NA,NA,""
1290,"original",TRUE,TRUE,28,28,2.0869102863936e-12,0.0118619276589469,""
1290,"capped",TRUE,TRUE,28,28,1.17712878917948e-12,0.0115557630235736,""
1291,"probability",TRUE,NA,NA,NA,NA,NA,""
1291,"original",TRUE,TRUE,28,28,5.41178499100069e-11,0.0106758281822515,""
1291,"capped",TRUE,TRUE,28,28,9.69435501395328e-13,0.010212450174718,""
1292,"probability",TRUE,NA,NA,NA,NA,NA,""
1292,"original",TRUE,TRUE,28,28,4.09511769328391e-13,0.0122526082421512,""
1292,"capped",TRUE,TRUE,28,28,2.65763249242244e-13,0.0121736430597714,""
1293,"probability",TRUE,NA,NA,NA,NA,NA,""
1293,"original",TRUE,TRUE,28,28,3.78791244914378e-16,0.0123687049359088,""
1293,"capped",TRUE,TRUE,28,28,7.06769859849865e-12,0.0120728136311778,""
1294,"probability",TRUE,NA,NA,NA,NA,NA,""
1294,"original",TRUE,TRUE,28,28,4.28200761726828e-12,0.0117679089981951,""
1294,"capped",TRUE,TRUE,28,28,1.70052932971888e-12,0.0116779081425083,""
1295,"probability",TRUE,NA,NA,NA,NA,NA,""
1295,"original",TRUE,TRUE,28,28,4.29542381867233e-12,0.0111255337359042,""
1295,"capped",TRUE,TRUE,28,28,3.51346327669699e-13,0.0109766989403388,""
1296,"probability",TRUE,NA,NA,NA,NA,NA,""
1296,"original",TRUE,TRUE,28,28,2.8342838142274e-12,0.0112944844136436,""
1296,"capped",TRUE,TRUE,28,28,2.69979373738991e-13,0.0112262050345095,""
1297,"probability",TRUE,NA,NA,NA,NA,NA,""
1297,"original",TRUE,TRUE,28,28,4.19988316533248e-12,0.0118246288535638,""
1297,"capped",TRUE,TRUE,28,28,1.15247385480922e-12,0.0115098959394323,""
1298,"probability",TRUE,NA,NA,NA,NA,NA,""
1298,"original",TRUE,TRUE,28,28,2.55023925499671e-12,0.0109673385336121,""
1298,"capped",TRUE,TRUE,28,28,3.7676350552428e-13,0.0108768454200767,""
1299,"probability",TRUE,NA,NA,NA,NA,NA,""
1299,"original",TRUE,TRUE,28,28,2.4978848544333e-11,0.0124363644048204,""
1299,"capped",TRUE,TRUE,28,28,5.57786721039623e-12,0.0119610198583757,""
1300,"probability",TRUE,NA,NA,NA,NA,NA,""
1300,"original",TRUE,TRUE,28,28,4.79191892857907e-11,0.0130517014176792,""
1300,"capped",TRUE,TRUE,28,28,3.78815127209585e-12,0.0124582627772331,""
1301,"probability",TRUE,NA,NA,NA,NA,NA,""
1301,"original",TRUE,TRUE,28,28,6.29112484731991e-11,0.0119704023157351,""
1301,"capped",TRUE,TRUE,28,28,1.63045396602622e-12,0.0115662122010348,""
1302,"probability",TRUE,NA,NA,NA,NA,NA,""
1302,"original",TRUE,TRUE,28,28,1.76998966176867e-12,0.0113207446926335,""
1302,"capped",TRUE,TRUE,28,28,5.45213170036705e-13,0.0112212135497719,""
1303,"probability",TRUE,NA,NA,NA,NA,NA,""
1303,"original",TRUE,TRUE,28,28,9.1655721859548e-11,0.0128751017773974,""
1303,"capped",TRUE,TRUE,28,28,7.24461262387323e-13,0.0123860588995259,""
1304,"probability",TRUE,NA,NA,NA,NA,NA,""
1304,"original",TRUE,TRUE,28,28,7.46702422019911e-11,0.0133725288354673,""
1304,"capped",TRUE,TRUE,28,28,6.81701171393724e-13,0.0129355079910174,""
1305,"probability",TRUE,NA,NA,NA,NA,NA,""
1305,"original",TRUE,TRUE,28,28,1.11080959927758e-11,0.0121581831437938,""
1305,"capped",TRUE,TRUE,28,28,3.60814837197829e-13,0.0116169453701682,""
1306,"probability",TRUE,NA,NA,NA,NA,NA,""
1306,"original",TRUE,TRUE,28,28,1.75637547151849e-11,0.0121653583192808,""
1306,"capped",TRUE,TRUE,28,28,2.55627166378994e-13,0.0117952624185541,""
1307,"probability",TRUE,NA,NA,NA,NA,NA,""
1307,"original",TRUE,TRUE,28,28,8.78869215074486e-11,0.0126739151311337,""
1307,"capped",TRUE,TRUE,28,28,6.3524128991818e-13,0.0121921097615413,""
1308,"probability",TRUE,NA,NA,NA,NA,NA,""
1308,"original",TRUE,TRUE,28,28,2.20489259070821e-11,0.011619937269682,""
1308,"capped",TRUE,TRUE,28,28,3.07851069491852e-13,0.0111725315183841,""
1309,"probability",TRUE,NA,NA,NA,NA,NA,""
1309,"original",TRUE,TRUE,28,28,1.1574060819953e-15,0.0115838681579686,""
1309,"capped",TRUE,TRUE,28,28,1.34037712752784e-12,0.0112582713373787,""
1310,"probability",TRUE,NA,NA,NA,NA,NA,""
1310,"original",TRUE,TRUE,28,28,3.24594457835723e-12,0.0115875673234228,""
1310,"capped",TRUE,TRUE,28,28,7.73082588210928e-13,0.011555085993253,""
1311,"probability",TRUE,NA,NA,NA,NA,NA,""
1311,"original",TRUE,TRUE,28,28,5.51685340273443e-12,0.0119137118204079,""
1311,"capped",TRUE,TRUE,28,28,8.40938767114579e-13,0.0116243808009389,""
1312,"probability",TRUE,NA,NA,NA,NA,NA,""
1312,"original",TRUE,TRUE,28,28,1.28819643283636e-11,0.0122068854296283,""
1312,"capped",TRUE,TRUE,28,28,7.58751995462018e-13,0.0118074062545851,""
1313,"probability",TRUE,NA,NA,NA,NA,NA,""
1313,"original",TRUE,TRUE,28,28,4.91343657135431e-13,0.0109269136874032,""
1313,"capped",TRUE,TRUE,28,28,1.63521119002412e-12,0.0108896108580632,""
1314,"probability",TRUE,NA,NA,NA,NA,NA,""
1314,"original",TRUE,TRUE,28,28,5.46048661699544e-16,0.0119093584784636,""
1314,"capped",TRUE,TRUE,28,28,3.24968854877629e-13,0.0112658896790655,""
1315,"probability",TRUE,NA,NA,NA,NA,NA,""
1315,"original",TRUE,TRUE,28,28,5.19364165999028e-16,0.0122360729900189,""
1315,"capped",TRUE,TRUE,28,28,9.78539526726748e-13,0.0116532565830042,""
1316,"probability",TRUE,NA,NA,NA,NA,NA,""
1316,"original",TRUE,TRUE,28,28,3.86635161774361e-11,0.0122612526043278,""
1316,"capped",TRUE,TRUE,28,28,1.58547051171161e-12,0.011608913987034,""
1317,"probability",TRUE,NA,NA,NA,NA,NA,""
1317,"original",TRUE,TRUE,28,28,1.78863062138719e-12,0.0113258319800423,""
1317,"capped",TRUE,TRUE,28,28,3.68140440947339e-13,0.0111497523606452,""
1318,"probability",TRUE,NA,NA,NA,NA,NA,""
1318,"original",TRUE,TRUE,28,28,1.56359396307531e-15,0.0133074519057892,""
1318,"capped",TRUE,TRUE,28,28,3.30191437299889e-12,0.0127551387280453,""
1319,"probability",TRUE,NA,NA,NA,NA,NA,""
1319,"original",TRUE,TRUE,28,28,6.86283412378736e-11,0.0130419714470965,""
1319,"capped",TRUE,TRUE,28,28,4.73441505604743e-13,0.0124874679595377,""
1320,"probability",TRUE,NA,NA,NA,NA,NA,""
1320,"original",TRUE,TRUE,28,28,1.01736282232246e-11,0.012879478758745,""
1320,"capped",TRUE,TRUE,28,28,5.09701938834076e-13,0.0123926494146014,""
1321,"probability",TRUE,NA,NA,NA,NA,NA,""
1321,"original",TRUE,TRUE,28,28,1.84454498888034e-11,0.0127290974308431,""
1321,"capped",TRUE,TRUE,28,28,5.93814677363809e-12,0.0123913683468508,""
1322,"probability",TRUE,NA,NA,NA,NA,NA,""
1322,"original",TRUE,TRUE,28,28,1.48418637446913e-11,0.0127922942688655,""
1322,"capped",TRUE,TRUE,28,28,4.4106526439551e-13,0.0123174634159577,""
1323,"probability",TRUE,NA,NA,NA,NA,NA,""
1323,"original",TRUE,TRUE,28,28,9.55311419171923e-11,0.0125367504230831,""
1323,"capped",TRUE,TRUE,28,28,1.75181508519502e-12,0.0120592657825334,""
1324,"probability",TRUE,NA,NA,NA,NA,NA,""
1324,"original",TRUE,TRUE,28,28,5.61460699952372e-13,0.0114224628685536,""
1324,"capped",TRUE,TRUE,28,28,8.57461704552922e-13,0.0114543987064079,""
1325,"probability",TRUE,NA,NA,NA,NA,NA,""
1325,"original",TRUE,TRUE,28,28,3.05685588387274e-12,0.0120983904339571,""
1325,"capped",TRUE,TRUE,28,28,1.5038009906456e-12,0.0119487156913839,""
1326,"probability",TRUE,NA,NA,NA,NA,NA,""
1326,"original",TRUE,TRUE,28,28,3.17122726838025e-16,0.0128030441034369,""
1326,"capped",TRUE,TRUE,28,28,8.0853676636169e-13,0.0123103764788651,""
1327,"probability",TRUE,NA,NA,NA,NA,NA,""
1327,"original",TRUE,TRUE,28,28,7.53388602001046e-16,0.0123244544554344,""
1327,"capped",TRUE,TRUE,28,28,6.25766998773863e-13,0.0118153460532717,""
1328,"probability",TRUE,NA,NA,NA,NA,NA,""
1328,"original",TRUE,TRUE,28,28,1.54519587068995e-11,0.0119171824221104,""
1328,"capped",TRUE,TRUE,28,28,1.7348789677779e-12,0.0114915777126572,""
1329,"probability",TRUE,NA,NA,NA,NA,NA,""
1329,"original",TRUE,TRUE,28,28,5.07788282959492e-11,0.0118715742229912,""
1329,"capped",TRUE,TRUE,28,28,1.77721590384928e-12,0.0113518340245998,""
1330,"probability",TRUE,NA,NA,NA,NA,NA,""
1330,"original",TRUE,TRUE,28,28,7.7665479773799e-13,0.0115306592453937,""
1330,"capped",TRUE,TRUE,28,28,3.14066871258158e-12,0.0110220895595149,""
1331,"probability",TRUE,NA,NA,NA,NA,NA,""
1331,"original",TRUE,TRUE,28,28,1.13983096303652e-12,0.0111883122441977,""
1331,"capped",TRUE,TRUE,28,28,1.50997164945001e-12,0.0111187603634036,""
1332,"probability",TRUE,NA,NA,NA,NA,NA,""
1332,"original",TRUE,TRUE,28,28,1.13557712725863e-11,0.011974816047686,""
1332,"capped",TRUE,TRUE,28,28,7.03951003244613e-13,0.0115464320276729,""
1333,"probability",TRUE,NA,NA,NA,NA,NA,""
1333,"original",TRUE,TRUE,28,28,9.50056120992353e-12,0.0113691771257017,""
1333,"capped",TRUE,TRUE,28,28,2.04083632636241e-12,0.0110185106624794,""
1334,"probability",TRUE,NA,NA,NA,NA,NA,""
1334,"original",TRUE,TRUE,28,28,7.57492870549532e-13,0.0112205700120904,""
1334,"capped",TRUE,TRUE,28,28,7.52764277269018e-13,0.0112385201873951,""
1335,"probability",TRUE,NA,NA,NA,NA,NA,""
1335,"original",TRUE,TRUE,28,28,1.01253158464499e-11,0.0117554806552891,""
1335,"capped",TRUE,TRUE,28,28,9.45017085135953e-13,0.011391759841884,""
1336,"probability",TRUE,NA,NA,NA,NA,NA,""
1336,"original",TRUE,TRUE,28,28,3.18619176152208e-12,0.0118257167986558,""
1336,"capped",TRUE,TRUE,28,28,1.02693111862977e-12,0.011835170807343,""
1337,"probability",TRUE,NA,NA,NA,NA,NA,""
1337,"original",TRUE,TRUE,28,28,2.70188948187712e-12,0.0124649108017264,""
1337,"capped",TRUE,TRUE,28,28,2.35459700299716e-12,0.0122720015342903,""
1338,"probability",TRUE,NA,NA,NA,NA,NA,""
1338,"original",TRUE,TRUE,28,28,8.21382513301764e-13,0.0129042916488059,""
1338,"capped",TRUE,TRUE,28,28,1.54299778423163e-12,0.0128510677199552,""
1339,"probability",TRUE,NA,NA,NA,NA,NA,""
1339,"original",TRUE,TRUE,28,28,1.17593546737704e-12,0.011486890940825,""
1339,"capped",TRUE,TRUE,28,28,2.2084610274201e-12,0.0115123005533212,""
1340,"probability",TRUE,NA,NA,NA,NA,NA,""
1340,"original",TRUE,TRUE,28,28,9.26823131039459e-12,0.0124767904127994,""
1340,"capped",TRUE,TRUE,28,28,1.86303351778748e-12,0.0121375921267251,""
1341,"probability",TRUE,NA,NA,NA,NA,NA,""
1341,"original",TRUE,TRUE,28,28,7.78890714642908e-11,0.011843930518732,""
1341,"capped",TRUE,TRUE,28,28,1.31593035729478e-12,0.0112293345560485,""
1342,"probability",TRUE,NA,NA,NA,NA,NA,""
1342,"original",TRUE,TRUE,28,28,3.12424909263274e-12,0.0117637860760084,""
1342,"capped",TRUE,TRUE,28,28,3.75623775776923e-12,0.0116573471912305,""
1343,"probability",TRUE,NA,NA,NA,NA,NA,""
1343,"original",TRUE,TRUE,28,28,1.09405357046261e-11,0.0122542402985364,""
1343,"capped",TRUE,TRUE,28,28,2.47075005074078e-13,0.0117735050391373,""
1344,"probability",TRUE,NA,NA,NA,NA,NA,""
1344,"original",TRUE,TRUE,28,28,9.96466352045882e-12,0.0122927685001966,""
1344,"capped",TRUE,TRUE,28,28,2.23896497329571e-12,0.0120168398944715,""
1345,"probability",TRUE,NA,NA,NA,NA,NA,""
1345,"original",TRUE,TRUE,28,28,9.48081381596619e-11,0.0126077594834827,""
1345,"capped",TRUE,TRUE,28,28,1.71152906014632e-12,0.0121485080214617,""
1346,"probability",TRUE,NA,NA,NA,NA,NA,""
1346,"original",TRUE,TRUE,28,28,1.59769964493618e-12,0.0108378505254261,""
1346,"capped",TRUE,TRUE,28,28,1.51363360265787e-12,0.0107376400690342,""
1347,"probability",TRUE,NA,NA,NA,NA,NA,""
1347,"original",TRUE,TRUE,28,28,2.8199093708507e-12,0.0111349578824784,""
1347,"capped",TRUE,TRUE,28,28,3.66681247980328e-14,0.0107417221446417,""
1348,"probability",TRUE,NA,NA,NA,NA,NA,""
1348,"original",TRUE,TRUE,28,28,3.24337796114767e-11,0.0130254465106599,""
1348,"capped",TRUE,TRUE,28,28,3.96602932327447e-12,0.0124776296046451,""
1349,"probability",TRUE,NA,NA,NA,NA,NA,""
1349,"original",TRUE,TRUE,28,28,1.62431192574704e-12,0.010828651543904,""
1349,"capped",TRUE,TRUE,28,28,1.13551025127442e-12,0.0108115535904378,""
1350,"probability",TRUE,NA,NA,NA,NA,NA,""
1350,"original",TRUE,TRUE,28,28,8.36702917979132e-16,0.0113966882493856,""
1350,"capped",TRUE,TRUE,28,28,4.47945724987146e-13,0.0109334180220753,""
1351,"probability",TRUE,NA,NA,NA,NA,NA,""
1351,"original",TRUE,TRUE,28,28,1.47787433470352e-15,0.0112791523695157,""
1351,"capped",TRUE,TRUE,28,28,3.10550437879652e-13,0.0108192029501775,""
1352,"probability",TRUE,NA,NA,NA,NA,NA,""
1352,"original",TRUE,TRUE,28,28,8.92547700984066e-12,0.0115751296974465,""
1352,"capped",TRUE,TRUE,28,28,3.14765508841171e-12,0.0111118944234846,""
1353,"probability",TRUE,NA,NA,NA,NA,NA,""
1353,"original",TRUE,TRUE,28,28,4.22877783209087e-16,0.0114872816243041,""
1353,"capped",TRUE,TRUE,28,28,3.5416856000501e-13,0.0110557863910234,""
1354,"probability",TRUE,NA,NA,NA,NA,NA,""
1354,"original",TRUE,TRUE,28,28,2.11989800891586e-12,0.0118905440829249,""
1354,"capped",TRUE,TRUE,28,28,1.1568126499664e-12,0.0118571690670526,""
1355,"probability",TRUE,NA,NA,NA,NA,NA,""
1355,"original",TRUE,TRUE,28,28,8.89409066950704e-12,0.0115840081636047,""
1355,"capped",TRUE,TRUE,28,28,2.96011735833105e-13,0.0112053396809521,""
1356,"probability",TRUE,NA,NA,NA,NA,NA,""
1356,"original",TRUE,TRUE,28,28,1.875914510376e-12,0.0130545343260186,""
1356,"capped",TRUE,TRUE,28,28,5.37103991159554e-12,0.013002435463566,""
1357,"probability",TRUE,NA,NA,NA,NA,NA,""
1357,"original",TRUE,TRUE,28,28,3.70403634442243e-12,0.0125269976379176,""
1357,"capped",TRUE,TRUE,28,28,2.82073000039245e-12,0.012437266276378,""
1358,"probability",TRUE,NA,NA,NA,NA,NA,""
1358,"original",TRUE,TRUE,28,28,1.71790518152034e-13,0.0114823749565558,""
1358,"capped",TRUE,TRUE,28,28,2.31639937294312e-13,0.011327528694266,""
1359,"probability",TRUE,NA,NA,NA,NA,NA,""
1359,"original",TRUE,TRUE,28,28,1.38185597426363e-11,0.0116213948411552,""
1359,"capped",TRUE,TRUE,28,28,1.08065577707324e-13,0.011249300837923,""
1360,"probability",TRUE,NA,NA,NA,NA,NA,""
1360,"original",TRUE,TRUE,28,28,1.4769243453633e-11,0.0115674459801411,""
1360,"capped",TRUE,TRUE,28,28,3.5545660733914e-13,0.0112680968038422,""
1361,"probability",TRUE,NA,NA,NA,NA,NA,""
1361,"original",TRUE,TRUE,28,28,2.20294764093705e-11,0.0131021120115411,""
1361,"capped",TRUE,TRUE,28,28,1.64891424096527e-12,0.0127599128257452,""
1362,"probability",TRUE,NA,NA,NA,NA,NA,""
1362,"original",TRUE,TRUE,28,28,2.01034567420549e-12,0.0118280370309295,""
1362,"capped",TRUE,TRUE,28,28,9.48011779686188e-13,0.0117222244182824,""
1363,"probability",TRUE,NA,NA,NA,NA,NA,""
1363,"original",TRUE,TRUE,28,28,4.1454998732982e-12,0.012626195919043,""
1363,"capped",TRUE,TRUE,28,28,6.66534584806016e-13,0.0124427391293911,""
1364,"probability",TRUE,NA,NA,NA,NA,NA,""
1364,"original",TRUE,TRUE,28,28,5.76733110602838e-16,0.0116578814570581,""
1364,"capped",TRUE,TRUE,28,28,2.68710008770719e-13,0.0112810760764628,""
1365,"probability",TRUE,NA,NA,NA,NA,NA,""
1365,"original",TRUE,TRUE,28,28,3.18261115325315e-12,0.0119976071368002,""
1365,"capped",TRUE,TRUE,28,28,2.01601617708829e-13,0.0118825962639651,""
1366,"probability",TRUE,NA,NA,NA,NA,NA,""
1366,"original",TRUE,TRUE,28,28,4.22450603710338e-13,0.0121008718268405,""
1366,"capped",TRUE,TRUE,28,28,2.73005318167397e-13,0.0119797883635716,""
1367,"probability",TRUE,NA,NA,NA,NA,NA,""
1367,"original",TRUE,TRUE,28,28,8.20382370836988e-13,0.011431772665839,""
1367,"capped",TRUE,TRUE,28,28,2.14737298276312e-13,0.0112978770407304,""
1368,"probability",TRUE,NA,NA,NA,NA,NA,""
1368,"original",TRUE,TRUE,28,28,2.61459624024683e-12,0.0120754164686719,""
1368,"capped",TRUE,TRUE,28,28,6.39978370121941e-13,0.0118540455875973,""
1369,"probability",TRUE,NA,NA,NA,NA,NA,""
1369,"original",TRUE,TRUE,28,28,1.30881701351486e-11,0.0127745568549766,""
1369,"capped",TRUE,TRUE,28,28,7.16044169583962e-13,0.0123676321310811,""
1370,"probability",TRUE,NA,NA,NA,NA,NA,""
1370,"original",TRUE,TRUE,28,28,2.98816130203943e-11,0.0124793237823668,""
1370,"capped",TRUE,TRUE,28,28,1.61615535452993e-13,0.0118618405500064,""
1371,"probability",TRUE,NA,NA,NA,NA,NA,""
1371,"original",TRUE,TRUE,28,28,8.63529621993009e-12,0.0120914602150916,""
1371,"capped",TRUE,TRUE,28,28,8.54991097945687e-13,0.0116335197767153,""
1372,"probability",TRUE,NA,NA,NA,NA,NA,""
1372,"original",TRUE,TRUE,28,28,1.27197414827773e-12,0.0106166489054621,""
1372,"capped",TRUE,TRUE,28,28,2.80355636011703e-13,0.0106279175003447,""
1373,"probability",TRUE,NA,NA,NA,NA,NA,""
1373,"original",TRUE,TRUE,28,28,2.40591004037142e-12,0.0120080621160254,""
1373,"capped",TRUE,TRUE,28,28,1.07216751236683e-12,0.0119028007444245,""
1374,"probability",TRUE,NA,NA,NA,NA,NA,""
1374,"original",TRUE,TRUE,28,28,7.88522098980055e-16,0.012637236973746,""
1374,"capped",TRUE,TRUE,28,28,2.21179737204113e-13,0.0120638046648881,""
1375,"probability",TRUE,NA,NA,NA,NA,NA,""
1375,"original",TRUE,TRUE,28,28,3.21555900256096e-11,0.0126853016762829,""
1375,"capped",TRUE,TRUE,28,28,1.38410386199082e-12,0.0122683722929926,""
1376,"probability",TRUE,NA,NA,NA,NA,NA,""
1376,"original",TRUE,TRUE,28,28,2.02086865696561e-15,0.0133178260035602,""
1376,"capped",TRUE,TRUE,28,28,1.57972301373164e-12,0.0127743041489287,""
1377,"probability",TRUE,NA,NA,NA,NA,NA,""
1377,"original",TRUE,TRUE,28,28,5.97910701792404e-12,0.0111945964651723,""
1377,"capped",TRUE,TRUE,28,28,1.26829271223248e-12,0.0112016283801033,""
1378,"probability",TRUE,NA,NA,NA,NA,NA,""
1378,"original",TRUE,TRUE,28,28,2.28454970864541e-12,0.0117587073235476,""
1378,"capped",TRUE,TRUE,28,28,1.82928050394586e-12,0.0117741833713972,""
1379,"probability",TRUE,NA,NA,NA,NA,NA,""
1379,"original",TRUE,TRUE,28,28,9.84699029882092e-13,0.0102562608990187,""
1379,"capped",TRUE,TRUE,28,28,1.60501245710635e-12,0.0102203405179295,""
1380,"probability",TRUE,NA,NA,NA,NA,NA,""
1380,"original",TRUE,TRUE,28,28,5.32141424787439e-11,0.0129278063427783,""
1380,"capped",TRUE,TRUE,28,28,4.37789308691081e-13,0.0123935136960304,""
1381,"probability",TRUE,NA,NA,NA,NA,NA,""
1381,"original",TRUE,TRUE,28,28,1.99589411482643e-12,0.0110383840383128,""
1381,"capped",TRUE,TRUE,28,28,3.64541446702709e-12,0.0109740001360901,""
1382,"probability",TRUE,NA,NA,NA,NA,NA,""
1382,"original",TRUE,TRUE,28,28,9.72603028270952e-13,0.011604577085726,""
1382,"capped",TRUE,TRUE,28,28,5.52832510731857e-13,0.0116131240451428,""
1383,"probability",TRUE,NA,NA,NA,NA,NA,""
1383,"original",TRUE,TRUE,28,28,1.46481118718919e-12,0.0115618039080833,""
1383,"capped",TRUE,TRUE,28,28,1.23163605936135e-12,0.0114570536289157,""
1384,"probability",TRUE,NA,NA,NA,NA,NA,""
1384,"original",TRUE,TRUE,28,28,4.25236544005843e-11,0.0126089471449067,""
1384,"capped",TRUE,TRUE,28,28,3.14846562609117e-13,0.0118575891161547,""
1385,"probability",TRUE,NA,NA,NA,NA,NA,""
1385,"original",TRUE,TRUE,28,28,4.57324726632056e-11,0.0122409137570886,""
1385,"capped",TRUE,TRUE,28,28,3.5484069674429e-12,0.0117060465089813,""
1386,"probability",TRUE,NA,NA,NA,NA,NA,""
1386,"original",TRUE,TRUE,28,28,1.74997134642581e-11,0.0128068286505088,""
1386,"capped",TRUE,TRUE,28,28,1.12593526780777e-12,0.01230023819465,""
1387,"probability",TRUE,NA,NA,NA,NA,NA,""
1387,"original",TRUE,TRUE,28,28,1.65844197252018e-11,0.012576352041737,""
1387,"capped",TRUE,TRUE,28,28,6.66503289960795e-13,0.0119700380360306,""
1388,"probability",TRUE,NA,NA,NA,NA,NA,""
1388,"original",TRUE,TRUE,28,28,1.88229478025419e-11,0.0118505300109585,""
1388,"capped",TRUE,TRUE,28,28,2.23756504023954e-12,0.0114183971548718,""
1389,"probability",TRUE,NA,NA,NA,NA,NA,""
1389,"original",TRUE,TRUE,28,28,3.25020336276042e-11,0.0125041920476247,""
1389,"capped",TRUE,TRUE,28,28,8.41185543242218e-13,0.0122465570381767,""
1390,"probability",TRUE,NA,NA,NA,NA,NA,""
1390,"original",TRUE,TRUE,28,28,4.7368372076019e-12,0.0115663020981639,""
1390,"capped",TRUE,TRUE,28,28,2.34002825493696e-13,0.011491475608503,""
1391,"probability",TRUE,NA,NA,NA,NA,NA,""
1391,"original",TRUE,TRUE,28,28,1.83299036920905e-11,0.011656846575044,""
1391,"capped",TRUE,TRUE,28,28,1.1645593642657e-12,0.0113211962322772,""
1392,"probability",TRUE,NA,NA,NA,NA,NA,""
1392,"original",TRUE,TRUE,28,28,3.88831727758371e-13,0.0117228930467083,""
1392,"capped",TRUE,TRUE,28,28,1.70308250426781e-13,0.0117012816893649,""
1393,"probability",TRUE,NA,NA,NA,NA,NA,""
1393,"original",TRUE,TRUE,28,28,2.89393800755527e-11,0.0124454341982166,""
1393,"capped",TRUE,TRUE,28,28,1.88445021713334e-12,0.0120243274654702,""
1394,"probability",TRUE,NA,NA,NA,NA,NA,""
1394,"original",TRUE,TRUE,28,28,3.97224874659664e-12,0.0109790656741486,""
1394,"capped",TRUE,TRUE,28,28,9.15815734572183e-13,0.0109071139411089,""
1395,"probability",TRUE,NA,NA,NA,NA,NA,""
1395,"original",TRUE,TRUE,28,28,8.0529293810901e-12,0.012926076682724,""
1395,"capped",TRUE,TRUE,28,28,5.36352633608442e-12,0.0128417636177778,""
1396,"probability",TRUE,NA,NA,NA,NA,NA,""
1396,"original",TRUE,TRUE,28,28,8.31236916162492e-12,0.0129345943829533,""
1396,"capped",TRUE,TRUE,28,28,1.07545535915505e-12,0.0125024753813811,""
1397,"probability",TRUE,NA,NA,NA,NA,NA,""
1397,"original",TRUE,TRUE,28,28,1.24398483482096e-15,0.0122198808277354,""
1397,"capped",TRUE,TRUE,28,28,7.67833874508464e-13,0.0117641626464577,""
1398,"probability",TRUE,NA,NA,NA,NA,NA,""
1398,"original",TRUE,TRUE,28,28,7.33467847217279e-16,0.0124146924035896,""
1398,"capped",TRUE,TRUE,28,28,3.64637851975879e-13,0.0118838995588332,""
1399,"probability",TRUE,NA,NA,NA,NA,NA,""
1399,"original",TRUE,TRUE,28,28,2.81530642681503e-12,0.011620001381815,""
1399,"capped",TRUE,TRUE,28,28,5.79918071136048e-13,0.011638180844295,""
1400,"probability",TRUE,NA,NA,NA,NA,NA,""
1400,"original",TRUE,TRUE,28,28,1.86139208137648e-11,0.0121608267083329,""
1400,"capped",TRUE,TRUE,28,28,1.04452808847306e-12,0.0118740180638912,""
1401,"probability",TRUE,NA,NA,NA,NA,NA,""
1401,"original",TRUE,TRUE,28,28,3.34313853583017e-12,0.0129129320166234,""
1401,"capped",TRUE,TRUE,28,28,4.5605579829127e-12,0.0127740763240643,""
1402,"probability",TRUE,NA,NA,NA,NA,NA,""
1402,"original",TRUE,TRUE,28,28,1.65874467063407e-11,0.0123222514852487,""
1402,"capped",TRUE,TRUE,28,28,3.92962543075824e-12,0.0120530408541173,""
1403,"probability",TRUE,NA,NA,NA,NA,NA,""
1403,"original",TRUE,TRUE,28,28,3.66377872110196e-11,0.0120377440117348,""
1403,"capped",TRUE,TRUE,28,28,5.61028730060234e-13,0.0115103437383261,""
1404,"probability",TRUE,NA,NA,NA,NA,NA,""
1404,"original",TRUE,TRUE,28,28,1.15268896123037e-12,0.0123898539490986,""
1404,"capped",TRUE,TRUE,28,28,2.19845027305176e-13,0.0122738850314059,""
1405,"probability",TRUE,NA,NA,NA,NA,NA,""
1405,"original",TRUE,TRUE,28,28,5.70358993009967e-12,0.0116864037908773,""
1405,"capped",TRUE,TRUE,28,28,3.44585537942374e-13,0.0116896573123842,""
1406,"probability",TRUE,NA,NA,NA,NA,NA,""
1406,"original",TRUE,TRUE,28,28,2.94448097120251e-12,0.0107081201451479,""
1406,"capped",TRUE,TRUE,28,28,1.62481542406891e-13,0.0106679774250541,""
1407,"probability",TRUE,NA,NA,NA,NA,NA,""
1407,"original",TRUE,TRUE,28,28,2.75580641416781e-11,0.0118849744044362,""
1407,"capped",TRUE,TRUE,28,28,4.09858405664036e-13,0.0114546899743309,""
1408,"probability",TRUE,NA,NA,NA,NA,NA,""
1408,"original",TRUE,TRUE,28,28,2.18185658919014e-11,0.0133883269807318,""
1408,"capped",TRUE,TRUE,28,28,7.20484947736992e-13,0.0130952098952953,""
1409,"probability",TRUE,NA,NA,NA,NA,NA,""
1409,"original",TRUE,TRUE,28,28,2.25499881824685e-11,0.0124405362309307,""
1409,"capped",TRUE,TRUE,28,28,3.19258460763136e-12,0.012066467232236,""
1410,"probability",TRUE,NA,NA,NA,NA,NA,""
1410,"original",TRUE,TRUE,28,28,6.55563336972644e-12,0.0127293457389804,""
1410,"capped",TRUE,TRUE,28,28,1.65649046114275e-12,0.0122935574127226,""
1411,"probability",TRUE,NA,NA,NA,NA,NA,""
1411,"original",TRUE,TRUE,28,28,2.70800485197234e-12,0.0118338382912697,""
1411,"capped",TRUE,TRUE,28,28,4.109083146924e-13,0.0118020176274887,""
1412,"probability",TRUE,NA,NA,NA,NA,NA,""
1412,"original",TRUE,TRUE,28,28,1.31850206105079e-15,0.0141467737590626,""
1412,"capped",TRUE,TRUE,28,28,8.8401991626933e-12,0.0135560724224206,""
1413,"probability",TRUE,NA,NA,NA,NA,NA,""
1413,"original",TRUE,TRUE,28,28,2.20916796543646e-11,0.0124399309725812,""
1413,"capped",TRUE,TRUE,28,28,6.70091343090115e-13,0.0120811341080461,""
1414,"probability",TRUE,NA,NA,NA,NA,NA,""
1414,"original",TRUE,TRUE,28,28,8.33916479174465e-12,0.0113600798759421,""
1414,"capped",TRUE,TRUE,28,28,2.42517941312321e-13,0.0108981469278917,""
1415,"probability",TRUE,NA,NA,NA,NA,NA,""
1415,"original",TRUE,TRUE,28,28,1.90709248359036e-12,0.011070098551255,""
1415,"capped",TRUE,TRUE,28,28,2.39720937435544e-13,0.0109101347088484,""
1416,"probability",TRUE,NA,NA,NA,NA,NA,""
1416,"original",TRUE,TRUE,28,28,1.55472979494035e-11,0.0124930893473123,""
1416,"capped",TRUE,TRUE,28,28,3.26665181573967e-12,0.012336311626075,""
1417,"probability",TRUE,NA,NA,NA,NA,NA,""
1417,"original",TRUE,TRUE,28,28,4.27668957176849e-12,0.0122846670603986,""
1417,"capped",TRUE,TRUE,28,28,3.94860125016627e-13,0.0121326420950485,""
1418,"probability",TRUE,NA,NA,NA,NA,NA,""
1418,"original",TRUE,TRUE,28,28,2.18305946820784e-12,0.0117038907115185,""
1418,"capped",TRUE,TRUE,28,28,1.76024714846437e-12,0.0117065251338819,""
1419,"probability",TRUE,NA,NA,NA,NA,NA,""
1419,"original",TRUE,TRUE,28,28,6.82928061399919e-13,0.0116417961261577,""
1419,"capped",TRUE,TRUE,28,28,7.26092910751115e-13,0.0114517080393192,""
1420,"probability",TRUE,NA,NA,NA,NA,NA,""
1420,"original",TRUE,TRUE,28,28,1.88201989560938e-11,0.0112911581628611,""
1420,"capped",TRUE,TRUE,28,28,1.51905982368881e-13,0.0108742123517907,""
1421,"probability",TRUE,NA,NA,NA,NA,NA,""
1421,"original",TRUE,TRUE,28,28,2.52110262304695e-12,0.0119517975462515,""
1421,"capped",TRUE,TRUE,28,28,1.01614382256897e-12,0.0118056576895932,""
1422,"probability",TRUE,NA,NA,NA,NA,NA,""
1422,"original",TRUE,TRUE,28,28,1.35499901970739e-12,0.0105812319863201,""
1422,"capped",TRUE,TRUE,28,28,1.31869010965376e-12,0.0104629457657253,""
1423,"probability",TRUE,NA,NA,NA,NA,NA,""
1423,"original",TRUE,TRUE,28,28,9.67140822475716e-12,0.0109609697229739,""
1423,"capped",TRUE,TRUE,28,28,4.1994020167631e-12,0.0106231495404904,""
1424,"probability",TRUE,NA,NA,NA,NA,NA,""
1424,"original",TRUE,TRUE,28,28,5.79609905941529e-12,0.0114334621463968,""
1424,"capped",TRUE,TRUE,28,28,1.56284773527232e-12,0.0113230652317953,""
1425,"probability",TRUE,NA,NA,NA,NA,NA,""
1425,"original",TRUE,TRUE,28,28,3.83498202070414e-12,0.0117610568802741,""
1425,"capped",TRUE,TRUE,28,28,2.61908600247585e-12,0.0115051225526507,""
1426,"probability",TRUE,NA,NA,NA,NA,NA,""
1426,"original",TRUE,TRUE,28,28,1.30253461807525e-15,0.0125320435461449,""
1426,"capped",TRUE,TRUE,28,28,2.32878165011248e-12,0.0117671159153664,""
1427,"probability",TRUE,NA,NA,NA,NA,NA,""
1427,"original",TRUE,TRUE,28,28,2.96741814650273e-12,0.0117938200494112,""
1427,"capped",TRUE,TRUE,28,28,4.26567236574656e-13,0.0117417174678598,""
1428,"probability",TRUE,NA,NA,NA,NA,NA,""
1428,"original",TRUE,TRUE,28,28,1.33888461999897e-12,0.012134920437399,""
1428,"capped",TRUE,TRUE,28,28,1.34448199600911e-12,0.0120338076195739,""
1429,"probability",TRUE,NA,NA,NA,NA,NA,""
1429,"original",TRUE,TRUE,28,28,8.21617052413304e-11,0.0112209892206029,""
1429,"capped",TRUE,TRUE,28,28,4.16191136576858e-12,0.0108267232741655,""
1430,"probability",TRUE,NA,NA,NA,NA,NA,""
1430,"original",TRUE,TRUE,28,28,3.26459078895294e-12,0.0119867993530975,""
1430,"capped",TRUE,TRUE,28,28,7.52421309339011e-13,0.0119550034945164,""
1431,"probability",TRUE,NA,NA,NA,NA,NA,""
1431,"original",TRUE,TRUE,28,28,8.3698631918649e-13,0.0120771292135593,""
1431,"capped",TRUE,TRUE,28,28,1.12590762722611e-12,0.0119964324103585,""
1432,"probability",TRUE,NA,NA,NA,NA,NA,""
1432,"original",TRUE,TRUE,28,28,4.24045378390605e-12,0.011062787568018,""
1432,"capped",TRUE,TRUE,28,28,1.49812726038459e-12,0.0110077275484511,""
1433,"probability",TRUE,NA,NA,NA,NA,NA,""
1433,"original",TRUE,TRUE,28,28,6.01801877720869e-13,0.0120592782429559,""
1433,"capped",TRUE,TRUE,28,28,9.82174170475236e-14,0.0118037872753217,""
1434,"probability",TRUE,NA,NA,NA,NA,NA,""
1434,"original",TRUE,TRUE,28,28,6.79505625155646e-12,0.0122494879333143,""
1434,"capped",TRUE,TRUE,28,28,1.23327883382264e-12,0.011844828302516,""
1435,"probability",TRUE,NA,NA,NA,NA,NA,""
1435,"original",TRUE,TRUE,28,28,7.55110652279032e-12,0.012216518016653,""
1435,"capped",TRUE,TRUE,28,28,1.00519877832298e-12,0.0120695695242733,""
1436,"probability",TRUE,NA,NA,NA,NA,NA,""
1436,"original",TRUE,TRUE,28,28,6.68119192918563e-12,0.0117731636868608,""
1436,"capped",TRUE,TRUE,28,28,3.54276324628724e-13,0.0112838194501161,""
1437,"probability",TRUE,NA,NA,NA,NA,NA,""
1437,"original",TRUE,TRUE,28,28,2.2549248281749e-11,0.0110590011945056,""
1437,"capped",TRUE,TRUE,28,28,5.38203814464099e-13,0.0107216455384026,""
1438,"probability",TRUE,NA,NA,NA,NA,NA,""
1438,"original",TRUE,TRUE,28,28,5.7379569810532e-11,0.0127005274824458,""
1438,"capped",TRUE,TRUE,28,28,1.46684592974482e-12,0.012086250200902,""
1439,"probability",TRUE,NA,NA,NA,NA,NA,""
1439,"original",TRUE,TRUE,28,28,2.15110466340213e-12,0.0118822173206105,""
1439,"capped",TRUE,TRUE,28,28,3.87694105555003e-12,0.0117806135436534,""
1440,"probability",TRUE,NA,NA,NA,NA,NA,""
1440,"original",TRUE,TRUE,28,28,6.32249362450862e-12,0.0127651019913638,""
1440,"capped",TRUE,TRUE,28,28,1.58601630018681e-12,0.0124844942017786,""
1441,"probability",TRUE,NA,NA,NA,NA,NA,""
1441,"original",TRUE,TRUE,28,28,9.84658587747914e-11,0.0121070973876031,""
1441,"capped",TRUE,TRUE,28,28,1.86704310663657e-12,0.0115914816400905,""
1442,"probability",TRUE,NA,NA,NA,NA,NA,""
1442,"original",TRUE,TRUE,28,28,6.42762447162953e-11,0.0124977366885607,""
1442,"capped",TRUE,TRUE,28,28,7.62881491731887e-13,0.0119152571307882,""
1443,"probability",TRUE,NA,NA,NA,NA,NA,""
1443,"original",TRUE,TRUE,28,28,1.18656079282937e-12,0.0116569628644605,""
1443,"capped",TRUE,TRUE,28,28,1.07484161757022e-12,0.0116466093215056,""
1444,"probability",TRUE,NA,NA,NA,NA,NA,""
1444,"original",TRUE,TRUE,28,28,1.69366950484667e-12,0.0121435750568506,""
1444,"capped",TRUE,TRUE,28,28,2.85618036424434e-12,0.0121722704966519,""
1445,"probability",TRUE,NA,NA,NA,NA,NA,""
1445,"original",TRUE,TRUE,28,28,3.36185846161675e-12,0.0115998509725322,""
1445,"capped",TRUE,TRUE,28,28,1.48889193337491e-12,0.0111575083946211,""
1446,"probability",TRUE,NA,NA,NA,NA,NA,""
1446,"original",TRUE,TRUE,28,28,8.41262354023548e-12,0.0126831239254829,""
1446,"capped",TRUE,TRUE,28,28,4.46871828629618e-13,0.012359161343329,""
1447,"probability",TRUE,NA,NA,NA,NA,NA,""
1447,"original",TRUE,TRUE,28,28,1.99498874000706e-11,0.0126219341772875,""
1447,"capped",TRUE,TRUE,28,28,9.92215779879454e-13,0.0121029048933554,""
1448,"probability",TRUE,NA,NA,NA,NA,NA,""
1448,"original",TRUE,TRUE,28,28,8.6415852436396e-16,0.0137589124067738,""
1448,"capped",TRUE,TRUE,28,28,2.92711349029126e-12,0.0128258046070464,""
1449,"probability",TRUE,NA,NA,NA,NA,NA,""
1449,"original",TRUE,TRUE,28,28,3.99528274570476e-13,0.010924876840868,""
1449,"capped",TRUE,TRUE,28,28,2.24554690537638e-13,0.0108861303678699,""
1450,"probability",TRUE,NA,NA,NA,NA,NA,""
1450,"original",TRUE,TRUE,28,28,8.18190089716242e-12,0.0118035187986638,""
1450,"capped",TRUE,TRUE,28,28,4.12106567036923e-13,0.0114581836637268,""
1451,"probability",TRUE,NA,NA,NA,NA,NA,""
1451,"original",TRUE,TRUE,28,28,7.84204460863444e-13,0.0107634378020531,""
1451,"capped",TRUE,TRUE,28,28,1.95343863599245e-13,0.0106553788503279,""
1452,"probability",TRUE,NA,NA,NA,NA,NA,""
1452,"original",TRUE,TRUE,28,28,1.32514273081854e-12,0.0117028421557506,""
1452,"capped",TRUE,TRUE,28,28,1.22430257550544e-12,0.0115277946297532,""
1453,"probability",TRUE,NA,NA,NA,NA,NA,""
1453,"original",TRUE,TRUE,28,28,2.47949348516487e-12,0.0113915669073148,""
1453,"capped",TRUE,TRUE,28,28,3.90029157602976e-13,0.0108898650522459,""
1454,"probability",TRUE,NA,NA,NA,NA,NA,""
1454,"original",TRUE,TRUE,28,28,7.84880015579809e-11,0.012210215112428,""
1454,"capped",TRUE,TRUE,28,28,3.78969843684292e-13,0.0117282197511724,""
1455,"probability",TRUE,NA,NA,NA,NA,NA,""
1455,"original",TRUE,TRUE,28,28,6.6912796334799e-12,0.0112748967118698,""
1455,"capped",TRUE,TRUE,28,28,9.64629313743567e-13,0.0112099940168384,""
1456,"probability",TRUE,NA,NA,NA,NA,NA,""
1456,"original",TRUE,TRUE,28,28,7.96967788085542e-12,0.0119878980199929,""
1456,"capped",TRUE,TRUE,28,28,2.48301848673633e-13,0.0115523501961022,""
1457,"probability",TRUE,NA,NA,NA,NA,NA,""
1457,"original",TRUE,TRUE,28,28,4.91917026757669e-13,0.011934409142953,""
1457,"capped",TRUE,TRUE,28,28,1.15567414684733e-13,0.0119018015854032,""
1458,"probability",TRUE,NA,NA,NA,NA,NA,""
1458,"original",TRUE,TRUE,28,28,2.59598827400543e-12,0.0127443205237706,""
1458,"capped",TRUE,TRUE,28,28,4.52010155461571e-13,0.0125926263799576,""
1459,"probability",TRUE,NA,NA,NA,NA,NA,""
1459,"original",TRUE,TRUE,28,28,1.90453744978344e-11,0.0128131517285539,""
1459,"capped",TRUE,TRUE,28,28,2.19458982444695e-12,0.0124272914203289,""
1460,"probability",TRUE,NA,NA,NA,NA,NA,""
1460,"original",TRUE,TRUE,28,28,9.55982381208495e-12,0.0125842434071472,""
1460,"capped",TRUE,TRUE,28,28,4.40372817726298e-12,0.0124588703218396,""
1461,"probability",TRUE,NA,NA,NA,NA,NA,""
1461,"original",TRUE,TRUE,28,28,6.96483210842878e-11,0.0132611939083842,""
1461,"capped",TRUE,TRUE,28,28,3.0551700058723e-12,0.0129603235383082,""
1462,"probability",TRUE,NA,NA,NA,NA,NA,""
1462,"original",TRUE,TRUE,28,28,1.54422147167192e-12,0.0121717790763372,""
1462,"capped",TRUE,TRUE,28,28,4.26521117587382e-13,0.0121583332794116,""
1463,"probability",TRUE,NA,NA,NA,NA,NA,""
1463,"original",TRUE,TRUE,28,28,1.57907077688047e-12,0.0115489898283414,""
1463,"capped",TRUE,TRUE,28,28,1.43088213714371e-13,0.0115321786708424,""
1464,"probability",TRUE,NA,NA,NA,NA,NA,""
1464,"original",TRUE,TRUE,28,28,7.66887768597199e-13,0.0114150357598387,""
1464,"capped",TRUE,TRUE,28,28,2.08730416221252e-12,0.0113929021324054,""
1465,"probability",TRUE,NA,NA,NA,NA,NA,""
1465,"original",TRUE,TRUE,28,28,1.00100405717654e-15,0.012862661303227,""
1465,"capped",TRUE,TRUE,28,28,3.63670703540358e-12,0.0124076891754457,""
1466,"probability",TRUE,NA,NA,NA,NA,NA,""
1466,"original",TRUE,TRUE,28,28,2.80008053876789e-11,0.0129565416727192,""
1466,"capped",TRUE,TRUE,28,28,3.18951082063877e-12,0.0127334004394151,""
1467,"probability",TRUE,NA,NA,NA,NA,NA,""
1467,"original",TRUE,TRUE,28,28,8.2317379324834e-12,0.0109607934768722,""
1467,"capped",TRUE,TRUE,28,28,1.17656988438357e-13,0.0106774354252683,""
1468,"probability",TRUE,NA,NA,NA,NA,NA,""
1468,"original",TRUE,TRUE,28,28,9.62406461110848e-12,0.0121444495940019,""
1468,"capped",TRUE,TRUE,28,28,1.8601836363782e-12,0.0119492167890673,""
1469,"probability",TRUE,NA,NA,NA,NA,NA,""
1469,"original",TRUE,TRUE,28,28,2.02800675540687e-11,0.01196365709017,""
1469,"capped",TRUE,TRUE,28,28,2.08063776072171e-13,0.0115270010228867,""
1470,"probability",TRUE,NA,NA,NA,NA,NA,""
1470,"original",TRUE,TRUE,28,28,2.47814687609662e-11,0.0120184432088557,""
1470,"capped",TRUE,TRUE,28,28,2.83785951907703e-13,0.0116389681036951,""
1471,"probability",TRUE,NA,NA,NA,NA,NA,""
1471,"original",TRUE,TRUE,28,28,7.53826801456565e-16,0.0123777509501396,""
1471,"capped",TRUE,TRUE,28,28,2.74117699068501e-12,0.0118761658948591,""
1472,"probability",TRUE,NA,NA,NA,NA,NA,""
1472,"original",TRUE,TRUE,28,28,1.28205328316021e-12,0.0118299575872956,""
1472,"capped",TRUE,TRUE,28,28,4.95637932737363e-13,0.0117391365145575,""
1473,"probability",TRUE,NA,NA,NA,NA,NA,""
1473,"original",TRUE,TRUE,28,28,1.50288596636718e-11,0.0123673060228166,""
1473,"capped",TRUE,TRUE,28,28,2.44463924544686e-13,0.0120082362925843,""
1474,"probability",TRUE,NA,NA,NA,NA,NA,""
1474,"original",TRUE,TRUE,28,28,6.49318090249011e-12,0.0123777188765803,""
1474,"capped",TRUE,TRUE,28,28,1.55650537215902e-12,0.0119321365375258,""
1475,"probability",TRUE,NA,NA,NA,NA,NA,""
1475,"original",TRUE,TRUE,28,28,1.77125266565228e-11,0.0117089285636738,""
1475,"capped",TRUE,TRUE,28,28,4.99506506771135e-13,0.011369520955917,""
1476,"probability",TRUE,NA,NA,NA,NA,NA,""
1476,"original",TRUE,TRUE,28,28,5.54598211485793e-16,0.012259565763131,""
1476,"capped",TRUE,TRUE,28,28,8.78580963492193e-13,0.0117778739819114,""
1477,"probability",TRUE,NA,NA,NA,NA,NA,""
1477,"original",TRUE,TRUE,28,28,2.52821829309847e-12,0.0114586824805759,""
1477,"capped",TRUE,TRUE,28,28,5.30145015962131e-13,0.0114002209203498,""
1478,"probability",TRUE,NA,NA,NA,NA,NA,""
1478,"original",TRUE,TRUE,28,28,2.51682336403661e-12,0.0120539913292019,""
1478,"capped",TRUE,TRUE,28,28,3.81160321177784e-13,0.0119275811979983,""
1479,"probability",TRUE,NA,NA,NA,NA,NA,""
1479,"original",TRUE,TRUE,28,28,5.36592094330014e-13,0.0115604133201084,""
1479,"capped",TRUE,TRUE,28,28,4.96582729616759e-13,0.0115598196831785,""
1480,"probability",TRUE,NA,NA,NA,NA,NA,""
1480,"original",TRUE,TRUE,28,28,1.0568052125215e-11,0.0122723176100957,""
1480,"capped",TRUE,TRUE,28,28,4.33604193311333e-12,0.011858136687662,""
1481,"probability",TRUE,NA,NA,NA,NA,NA,""
1481,"original",TRUE,TRUE,28,28,8.53307125280353e-16,0.0126221847531497,""
1481,"capped",TRUE,TRUE,28,28,2.56216270858993e-12,0.0120501080974218,""
1482,"probability",TRUE,NA,NA,NA,NA,NA,""
1482,"original",TRUE,TRUE,28,28,1.95519208661855e-11,0.0109235336490902,""
1482,"capped",TRUE,TRUE,28,28,2.10499483480685e-13,0.0106590257657016,""
1483,"probability",TRUE,NA,NA,NA,NA,NA,""
1483,"original",TRUE,TRUE,28,28,2.15863075069642e-12,0.0110701734140296,""
1483,"capped",TRUE,TRUE,28,28,1.1514864444094e-12,0.0110758048992865,""
1484,"probability",TRUE,NA,NA,NA,NA,NA,""
1484,"original",TRUE,TRUE,28,28,1.67517687359897e-11,0.0128913531852322,""
1484,"capped",TRUE,TRUE,28,28,2.86565844644908e-12,0.0126391547413047,""
1485,"probability",TRUE,NA,NA,NA,NA,NA,""
1485,"original",TRUE,TRUE,28,28,3.68016082986723e-12,0.0130896701421681,""
1485,"capped",TRUE,TRUE,28,28,2.59200966960915e-12,0.0128686998739838,""
1486,"probability",TRUE,NA,NA,NA,NA,NA,""
1486,"original",TRUE,TRUE,28,28,2.67182427537779e-13,0.0106432031526529,""
1486,"capped",TRUE,TRUE,28,28,1.4464649295151e-13,0.0105760804507773,""
1487,"probability",TRUE,NA,NA,NA,NA,NA,""
1487,"original",TRUE,TRUE,28,28,8.27126661393643e-16,0.0136320340992946,""
1487,"capped",TRUE,TRUE,28,28,1.39036203151364e-12,0.0129911514534358,""
1488,"probability",TRUE,NA,NA,NA,NA,NA,""
1488,"original",TRUE,TRUE,28,28,8.00494854948659e-11,0.0125456493997012,""
1488,"capped",TRUE,TRUE,28,28,1.47717530591854e-12,0.0119767635035614,""
1489,"probability",TRUE,NA,NA,NA,NA,NA,""
1489,"original",TRUE,TRUE,28,28,5.13186012874733e-12,0.011677323549438,""
1489,"capped",TRUE,TRUE,28,28,2.05706092324089e-13,0.0112094376366976,""
1490,"probability",TRUE,NA,NA,NA,NA,NA,""
1490,"original",TRUE,TRUE,28,28,2.93395374456228e-16,0.0124916929658925,""
1490,"capped",TRUE,TRUE,28,28,3.30232282593928e-12,0.0119641166251782,""
1491,"probability",TRUE,NA,NA,NA,NA,NA,""
1491,"original",TRUE,TRUE,28,28,7.7700024487881e-12,0.0115289510264762,""
1491,"capped",TRUE,TRUE,28,28,2.04156964784123e-13,0.0112394263877811,""
1492,"probability",TRUE,NA,NA,NA,NA,NA,""
1492,"original",TRUE,TRUE,28,28,1.08376329343202e-11,0.0126537298150482,""
1492,"capped",TRUE,TRUE,28,28,4.37871798094775e-13,0.0123862106720174,""
1493,"probability",TRUE,NA,NA,NA,NA,NA,""
1493,"original",TRUE,TRUE,28,28,2.86742752489878e-12,0.011669794904812,""
1493,"capped",TRUE,TRUE,28,28,1.20985321799121e-12,0.0115988408708996,""
1494,"probability",TRUE,NA,NA,NA,NA,NA,""
1494,"original",TRUE,TRUE,28,28,1.44683828737798e-12,0.013198752828127,""
1494,"capped",TRUE,TRUE,28,28,3.32660796674689e-12,0.0126818528805023,""
1495,"probability",TRUE,NA,NA,NA,NA,NA,""
1495,"original",TRUE,TRUE,28,28,6.167266359919e-12,0.0123489736489616,""
1495,"capped",TRUE,TRUE,28,28,1.60968708600479e-12,0.0119403795657901,""
1496,"probability",TRUE,NA,NA,NA,NA,NA,""
1496,"original",TRUE,TRUE,28,28,3.94913690262291e-12,0.0126875409642511,""
1496,"capped",TRUE,TRUE,28,28,1.04747287262955e-12,0.0125292157464586,""
1497,"probability",TRUE,NA,NA,NA,NA,NA,""
1497,"original",TRUE,TRUE,28,28,3.15395967055753e-11,0.0131757222837562,""
1497,"capped",TRUE,TRUE,28,28,1.6022758866682e-12,0.0128195346311461,""
1498,"probability",TRUE,NA,NA,NA,NA,NA,""
1498,"original",TRUE,TRUE,28,28,1.93782371940467e-12,0.0115052692854077,""
1498,"capped",TRUE,TRUE,28,28,1.33365291615067e-12,0.0114714646459338,""
1499,"probability",TRUE,NA,NA,NA,NA,NA,""
1499,"original",TRUE,TRUE,28,28,2.24259598763303e-12,0.0125827204512257,""
1499,"capped",TRUE,TRUE,28,28,9.23427751071027e-13,0.0125427704528776,""
1500,"probability",TRUE,NA,NA,NA,NA,NA,""
1500,"original",TRUE,TRUE,28,28,6.75181635082601e-16,0.011901751200188,""
1500,"capped",TRUE,TRUE,28,28,6.54195611841031e-12,0.0113709629787686,""
1501,"probability",TRUE,NA,NA,NA,NA,NA,""
1501,"original",TRUE,TRUE,28,28,3.47181054664759e-12,0.0111976374612465,""
1501,"capped",TRUE,TRUE,28,28,1.68945305515218e-13,0.0111864160882275,""
1502,"probability",TRUE,NA,NA,NA,NA,NA,""
1502,"original",TRUE,TRUE,28,28,3.3443910335427e-12,0.0111811769585168,""
1502,"capped",TRUE,TRUE,28,28,6.66776457965199e-13,0.0110818901370071,""
1503,"probability",TRUE,NA,NA,NA,NA,NA,""
1503,"original",TRUE,TRUE,28,28,1.63913273920409e-11,0.0129437816189889,""
1503,"capped",TRUE,TRUE,28,28,1.25987497596717e-12,0.0125690621570054,""
1504,"probability",TRUE,NA,NA,NA,NA,NA,""
1504,"original",TRUE,TRUE,28,28,9.52283810722536e-12,0.0119170711132374,""
1504,"capped",TRUE,TRUE,28,28,5.90197917420042e-13,0.0115431089928007,""
1505,"probability",TRUE,NA,NA,NA,NA,NA,""
1505,"original",TRUE,TRUE,28,28,1.06995921075002e-11,0.0108210575516304,""
1505,"capped",TRUE,TRUE,28,28,2.81256278832343e-12,0.0103975728187134,""
1506,"probability",TRUE,NA,NA,NA,NA,NA,""
1506,"original",TRUE,TRUE,28,28,4.37572481923664e-13,0.0120772715346755,""
1506,"capped",TRUE,TRUE,28,28,3.53944804543156e-13,0.0119113745378581,""
1507,"probability",TRUE,NA,NA,NA,NA,NA,""
1507,"original",TRUE,TRUE,28,28,1.64242040299048e-12,0.0119364012367786,""
1507,"capped",TRUE,TRUE,28,28,4.52480473893018e-13,0.0118968882545355,""
1508,"probability",TRUE,NA,NA,NA,NA,NA,""
1508,"original",TRUE,TRUE,28,28,6.55139242519109e-12,0.0129294509444803,""
1508,"capped",TRUE,TRUE,28,28,6.52478148470769e-13,0.0125587091300117,""
1509,"probability",TRUE,NA,NA,NA,NA,NA,""
1509,"original",TRUE,TRUE,28,28,2.13987977081473e-11,0.0123161560655021,""
1509,"capped",TRUE,TRUE,28,28,3.02256591321089e-12,0.0119810950881983,""
1510,"probability",TRUE,NA,NA,NA,NA,NA,""
1510,"original",TRUE,TRUE,28,28,1.25534338764801e-11,0.0106197883889527,""
1510,"capped",TRUE,TRUE,28,28,3.53234977672363e-13,0.0103615406458695,""
1511,"probability",TRUE,NA,NA,NA,NA,NA,""
1511,"original",TRUE,TRUE,28,28,2.38993084044165e-11,0.0115565764463017,""
1511,"capped",TRUE,TRUE,28,28,3.5234745484561e-13,0.0111177276315341,""
1512,"probability",TRUE,NA,NA,NA,NA,NA,""
1512,"original",TRUE,TRUE,28,28,3.27724555108428e-12,0.0118541417131737,""
1512,"capped",TRUE,TRUE,28,28,6.00717227752603e-13,0.0118762225161783,""
1513,"probability",TRUE,NA,NA,NA,NA,NA,""
1513,"original",TRUE,TRUE,28,28,1.38668262745435e-11,0.0116481444728914,""
1513,"capped",TRUE,TRUE,28,28,2.00331433308025e-13,0.0113063969918936,""
1514,"probability",TRUE,NA,NA,NA,NA,NA,""
1514,"original",TRUE,TRUE,28,28,6.70576634501147e-12,0.0118645563840344,""
1514,"capped",TRUE,TRUE,28,28,2.43139558422694e-13,0.0116170678581533,""
1515,"probability",TRUE,NA,NA,NA,NA,NA,""
1515,"original",TRUE,TRUE,28,28,6.07229321603774e-11,0.0118342877332356,""
1515,"capped",TRUE,TRUE,28,28,4.67772024994179e-13,0.0114063016199701,""
1516,"probability",TRUE,NA,NA,NA,NA,NA,""
1516,"original",TRUE,TRUE,28,28,1.52339773688334e-11,0.0125676085190106,""
1516,"capped",TRUE,TRUE,28,28,4.91090004923864e-13,0.0121653647948155,""
1517,"probability",TRUE,NA,NA,NA,NA,NA,""
1517,"original",TRUE,TRUE,28,28,3.8940548941408e-12,0.0121432153004585,""
1517,"capped",TRUE,TRUE,28,28,7.73141265902061e-12,0.0116770759548306,""
1518,"probability",TRUE,NA,NA,NA,NA,NA,""
1518,"original",TRUE,TRUE,28,28,9.94426357608485e-12,0.0114135613412593,""
1518,"capped",TRUE,TRUE,28,28,3.25563026547685e-13,0.0110876718633996,""
1519,"probability",TRUE,NA,NA,NA,NA,NA,""
1519,"original",TRUE,TRUE,28,28,3.95602369465661e-12,0.0109483305367901,""
1519,"capped",TRUE,TRUE,28,28,1.84544395844376e-12,0.0104745486786326,""
1520,"probability",TRUE,NA,NA,NA,NA,NA,""
1520,"original",TRUE,TRUE,28,28,6.85615032056307e-12,0.0123575778649204,""
1520,"capped",TRUE,TRUE,28,28,2.83454738630474e-13,0.0118865304699638,""
1521,"probability",TRUE,NA,NA,NA,NA,NA,""
1521,"original",TRUE,TRUE,28,28,7.40171570361265e-12,0.0113754194222682,""
1521,"capped",TRUE,TRUE,28,28,4.05475388297627e-13,0.0109974606769884,""
1522,"probability",TRUE,NA,NA,NA,NA,NA,""
1522,"original",TRUE,TRUE,28,28,1.22076092421878e-11,0.0119678394419477,""
1522,"capped",TRUE,TRUE,28,28,9.00878238719422e-13,0.0116894241505603,""
1523,"probability",TRUE,NA,NA,NA,NA,NA,""
1523,"original",TRUE,TRUE,28,28,8.68297179753914e-13,0.0116583397813783,""
1523,"capped",TRUE,TRUE,28,28,5.09954948670746e-13,0.0115089838327633,""
1524,"probability",TRUE,NA,NA,NA,NA,NA,""
1524,"original",TRUE,TRUE,28,28,8.133572505026e-13,0.0120873156753365,""
1524,"capped",TRUE,TRUE,28,28,1.5277973718359e-12,0.0120254975571296,""
1525,"probability",TRUE,NA,NA,NA,NA,NA,""
1525,"original",TRUE,TRUE,28,28,4.15292499356528e-12,0.0114794896761929,""
1525,"capped",TRUE,TRUE,28,28,5.60803605421899e-13,0.0110435742333467,""
1526,"probability",TRUE,NA,NA,NA,NA,NA,""
1526,"original",TRUE,TRUE,28,28,1.54594507176068e-13,0.0110836234651614,""
1526,"capped",TRUE,TRUE,28,28,1.72487187303134e-12,0.0110268441865836,""
1527,"probability",TRUE,NA,NA,NA,NA,NA,""
1527,"original",TRUE,TRUE,28,28,1.62003492212421e-12,0.0121052055953471,""
1527,"capped",TRUE,TRUE,28,28,3.07843741118082e-12,0.0119385780427425,""
1528,"probability",TRUE,NA,NA,NA,NA,NA,""
1528,"original",TRUE,TRUE,28,28,1.23920449722874e-11,0.0120707405999774,""
1528,"capped",TRUE,TRUE,28,28,2.36958738217642e-12,0.0117575873925777,""
1529,"probability",TRUE,NA,NA,NA,NA,NA,""
1529,"original",TRUE,TRUE,28,28,2.82336931902522e-12,0.0120162428710802,""
1529,"capped",TRUE,TRUE,28,28,2.43923521438724e-12,0.0118910385042743,""
1530,"probability",TRUE,NA,NA,NA,NA,NA,""
1530,"original",TRUE,TRUE,28,28,1.01047795245286e-11,0.0121773078441913,""
1530,"capped",TRUE,TRUE,28,28,5.07889161445551e-13,0.0117755692963497,""
1531,"probability",TRUE,NA,NA,NA,NA,NA,""
1531,"original",TRUE,TRUE,28,28,5.60027227577893e-11,0.0109138404375911,""
1531,"capped",TRUE,TRUE,28,28,3.75605753603777e-13,0.0106605950723496,""
1532,"probability",TRUE,NA,NA,NA,NA,NA,""
1532,"original",TRUE,TRUE,28,28,4.5051967034021e-12,0.0120998407499075,""
1532,"capped",TRUE,TRUE,28,28,3.35164985246497e-13,0.0117859718734759,""
1533,"probability",TRUE,NA,NA,NA,NA,NA,""
1533,"original",TRUE,TRUE,28,28,4.27293381492901e-11,0.0130353095733272,""
1533,"capped",TRUE,TRUE,28,28,3.25703039271593e-13,0.0124934792852724,""
1534,"probability",TRUE,NA,NA,NA,NA,NA,""
1534,"original",TRUE,TRUE,28,28,1.45598226898136e-11,0.0124068448009045,""
1534,"capped",TRUE,TRUE,28,28,3.71647304637963e-12,0.0121266839153613,""
1535,"probability",TRUE,NA,NA,NA,NA,NA,""
1535,"original",TRUE,TRUE,28,28,6.4878438059033e-13,0.0118750138295573,""
1535,"capped",TRUE,TRUE,28,28,3.32151401598868e-13,0.0117675500123005,""
1536,"probability",TRUE,NA,NA,NA,NA,NA,""
1536,"original",TRUE,TRUE,28,28,9.7264384276422e-12,0.0130367406120897,""
1536,"capped",TRUE,TRUE,28,28,9.29601980163529e-13,0.0127623405545249,""
1537,"probability",TRUE,NA,NA,NA,NA,NA,""
1537,"original",TRUE,TRUE,28,28,1.08692137286027e-11,0.012103219130124,""
1537,"capped",TRUE,TRUE,28,28,1.01664530242894e-12,0.0118989994604833,""
1538,"probability",TRUE,NA,NA,NA,NA,NA,""
1538,"original",TRUE,TRUE,28,28,6.23349131408138e-12,0.0123037014423805,""
1538,"capped",TRUE,TRUE,28,28,2.76508316086608e-12,0.0120596239695153,""
1539,"probability",TRUE,NA,NA,NA,NA,NA,""
1539,"original",TRUE,TRUE,28,28,2.37007673338147e-12,0.011177765950089,""
1539,"capped",TRUE,TRUE,28,28,1.02914145886512e-12,0.0112024877173132,""
1540,"probability",TRUE,NA,NA,NA,NA,NA,""
1540,"original",TRUE,TRUE,28,28,1.02309134794863e-12,0.0120268219974176,""
1540,"capped",TRUE,TRUE,28,28,1.7764360619577e-12,0.0120187042311458,""
1541,"probability",TRUE,NA,NA,NA,NA,NA,""
1541,"original",TRUE,TRUE,28,28,2.71237994845936e-11,0.012110855267103,""
1541,"capped",TRUE,TRUE,28,28,1.12946663730976e-12,0.0118159833024119,""
1542,"probability",TRUE,NA,NA,NA,NA,NA,""
1542,"original",TRUE,TRUE,28,28,2.54206237941123e-13,0.0110510017054158,""
1542,"capped",TRUE,TRUE,28,28,7.11477528073343e-14,0.0110628806560868,""
1543,"probability",TRUE,NA,NA,NA,NA,NA,""
1543,"original",TRUE,TRUE,28,28,1.11807433078935e-11,0.0114943343294616,""
1543,"capped",TRUE,TRUE,28,28,3.02407778573431e-13,0.0110527216769275,""
1544,"probability",TRUE,NA,NA,NA,NA,NA,""
1544,"original",TRUE,TRUE,28,28,2.28882064099334e-11,0.0120756016736753,""
1544,"capped",TRUE,TRUE,28,28,6.31091323289163e-13,0.0116546786553546,""
1545,"probability",TRUE,NA,NA,NA,NA,NA,""
1545,"original",TRUE,TRUE,28,28,1.54192968887757e-11,0.0120260068207251,""
1545,"capped",TRUE,TRUE,28,28,5.02926807520243e-13,0.0116388283447734,""
1546,"probability",TRUE,NA,NA,NA,NA,NA,""
1546,"original",TRUE,TRUE,28,28,2.41836185051177e-11,0.0125687291936895,""
1546,"capped",TRUE,TRUE,28,28,4.76113846819949e-12,0.0123826173707785,""
1547,"probability",TRUE,NA,NA,NA,NA,NA,""
1547,"original",TRUE,TRUE,28,28,8.90977106134597e-13,0.0111781102395258,""
1547,"capped",TRUE,TRUE,28,28,2.86460557851209e-13,0.0111130562840317,""
1548,"probability",TRUE,NA,NA,NA,NA,NA,""
1548,"original",TRUE,TRUE,28,28,1.82136913681036e-11,0.0127689562990904,""
1548,"capped",TRUE,TRUE,28,28,1.43801917184518e-12,0.0123790248860384,""
1549,"probability",TRUE,NA,NA,NA,NA,NA,""
1549,"original",TRUE,TRUE,28,28,6.2375152388872e-13,0.0121880455125179,""
1549,"capped",TRUE,TRUE,28,28,5.69015948594328e-13,0.0121634121812375,""
1550,"probability",TRUE,NA,NA,NA,NA,NA,""
1550,"original",TRUE,TRUE,28,28,1.20422719539065e-11,0.0120836537647402,""
1550,"capped",TRUE,TRUE,28,28,3.88949166113962e-13,0.0114983118697456,""
1551,"probability",TRUE,NA,NA,NA,NA,NA,""
1551,"original",TRUE,TRUE,28,28,6.79617387484438e-16,0.0126473755280755,""
1551,"capped",TRUE,TRUE,28,28,8.85787011768889e-13,0.0121970279906227,""
1552,"probability",TRUE,NA,NA,NA,NA,NA,""
1552,"original",TRUE,TRUE,28,28,1.00011571027087e-12,0.0110511630328121,""
1552,"capped",TRUE,TRUE,28,28,2.745984354035e-13,0.011000045243867,""
1553,"probability",TRUE,NA,NA,NA,NA,NA,""
1553,"original",TRUE,TRUE,28,28,7.16065432205121e-16,0.0126886629750687,""
1553,"capped",TRUE,TRUE,28,28,9.18832795211365e-13,0.0121548290148874,""
1554,"probability",TRUE,NA,NA,NA,NA,NA,""
1554,"original",TRUE,TRUE,28,28,3.8629799368843e-11,0.0122434934199602,""
1554,"capped",TRUE,TRUE,28,28,4.20944862181365e-13,0.0118119721547648,""
1555,"probability",TRUE,NA,NA,NA,NA,NA,""
1555,"original",TRUE,TRUE,28,28,1.56700582924564e-11,0.0127915301969114,""
1555,"capped",TRUE,TRUE,28,28,2.1811394879116e-12,0.012517495294817,""
1556,"probability",TRUE,NA,NA,NA,NA,NA,""
1556,"original",TRUE,TRUE,28,28,1.07401138081492e-15,0.0125169958166478,""
1556,"capped",TRUE,TRUE,28,28,3.3444851396371e-12,0.0118202459901889,""
1557,"probability",TRUE,NA,NA,NA,NA,NA,""
1557,"original",TRUE,TRUE,28,28,6.93245410852507e-12,0.0130192039289071,""
1557,"capped",TRUE,TRUE,28,28,2.63302812561958e-12,0.0126192780076581,""
1558,"probability",TRUE,NA,NA,NA,NA,NA,""
1558,"original",TRUE,TRUE,28,28,1.61750052308192e-11,0.0112820053735531,""
1558,"capped",TRUE,TRUE,28,28,3.16136696487535e-13,0.0107677053967136,""
1559,"probability",TRUE,NA,NA,NA,NA,NA,""
1559,"original",TRUE,TRUE,28,28,9.18080228975758e-11,0.0128655989256203,""
1559,"capped",TRUE,TRUE,28,28,1.14361040673583e-12,0.012429680114801,""
1560,"probability",TRUE,NA,NA,NA,NA,NA,""
1560,"original",TRUE,TRUE,28,28,2.27800585758352e-12,0.0115650119148994,""
1560,"capped",TRUE,TRUE,28,28,2.86927518523869e-13,0.0115519490966269,""
1561,"probability",TRUE,NA,NA,NA,NA,NA,""
1561,"original",TRUE,TRUE,28,28,1.8653964719965e-11,0.0124422288474923,""
1561,"capped",TRUE,TRUE,28,28,1.77826354706744e-12,0.012255222328001,""
1562,"probability",TRUE,NA,NA,NA,NA,NA,""
1562,"original",TRUE,TRUE,28,28,8.09280604166557e-12,0.011909801431663,""
1562,"capped",TRUE,TRUE,28,28,2.24502336051194e-12,0.011480714921205,""
1563,"probability",TRUE,NA,NA,NA,NA,NA,""
1563,"original",TRUE,TRUE,28,28,1.67120056643764e-11,0.0105651168400333,""
1563,"capped",TRUE,TRUE,28,28,2.64183907353122e-13,0.0101264122245911,""
1564,"probability",TRUE,NA,NA,NA,NA,NA,""
1564,"original",TRUE,TRUE,28,28,1.3240255927498e-11,0.0130240603095443,""
1564,"capped",TRUE,TRUE,28,28,1.45725643328506e-12,0.0125247435860919,""
1565,"probability",TRUE,NA,NA,NA,NA,NA,""
1565,"original",TRUE,TRUE,28,28,2.71135827372318e-12,0.0118624046086348,""
1565,"capped",TRUE,TRUE,28,28,3.64857945960312e-13,0.0117520984690785,""
1566,"probability",TRUE,NA,NA,NA,NA,NA,""
1566,"original",TRUE,TRUE,28,28,1.11882710804552e-11,0.0120294609349782,""
1566,"capped",TRUE,TRUE,28,28,7.81838281159853e-13,0.0115189626317932,""
1567,"probability",TRUE,NA,NA,NA,NA,NA,""
1567,"original",TRUE,TRUE,28,28,1.0918064208557e-11,0.012970809603101,""
1567,"capped",TRUE,TRUE,28,28,6.48944416113002e-12,0.0125506927184678,""
1568,"probability",TRUE,NA,NA,NA,NA,NA,""
1568,"original",TRUE,TRUE,28,28,3.56310605579318e-12,0.0119282336266318,""
1568,"capped",TRUE,TRUE,28,28,8.06128237165402e-13,0.0117926484963869,""
1569,"probability",TRUE,NA,NA,NA,NA,NA,""
1569,"original",TRUE,TRUE,28,28,5.57788559821517e-13,0.0127773865057631,""
1569,"capped",TRUE,TRUE,28,28,2.34238046846269e-12,0.0126618910930484,""
1570,"probability",TRUE,NA,NA,NA,NA,NA,""
1570,"original",TRUE,TRUE,28,28,7.37316317275848e-16,0.0121115454820361,""
1570,"capped",TRUE,TRUE,28,28,1.74183915778607e-12,0.011651320919788,""
1571,"probability",TRUE,NA,NA,NA,NA,NA,""
1571,"original",TRUE,TRUE,28,28,1.29714017873091e-11,0.0130596950784969,""
1571,"capped",TRUE,TRUE,28,28,1.31088847144286e-12,0.0124327131461799,""
1572,"probability",TRUE,NA,NA,NA,NA,NA,""
1572,"original",TRUE,TRUE,28,28,5.48060622226362e-16,0.0121619769882127,""
1572,"capped",TRUE,TRUE,28,28,2.13007155773419e-13,0.0116331700418117,""
1573,"probability",TRUE,NA,NA,NA,NA,NA,""
1573,"original",TRUE,TRUE,28,28,1.99892564191908e-12,0.0116965759640167,""
1573,"capped",TRUE,TRUE,28,28,3.57725812692295e-13,0.0115713521564858,""
1574,"probability",TRUE,NA,NA,NA,NA,NA,""
1574,"original",TRUE,TRUE,28,28,5.48481499075503e-13,0.0117865748098046,""
1574,"capped",TRUE,TRUE,28,28,1.81264453029656e-13,0.0117658623223334,""
1575,"probability",TRUE,NA,NA,NA,NA,NA,""
1575,"original",TRUE,TRUE,28,28,2.36416146783812e-11,0.0121210996105682,""
1575,"capped",TRUE,TRUE,28,28,1.65491140772812e-12,0.0117392546010547,""
1576,"probability",TRUE,NA,NA,NA,NA,NA,""
1576,"original",TRUE,TRUE,28,28,8.31963527857635e-13,0.0121555258619828,""
1576,"capped",TRUE,TRUE,28,28,4.35221542548171e-13,0.012088702341965,""
1577,"probability",TRUE,NA,NA,NA,NA,NA,""
1577,"original",TRUE,TRUE,28,28,2.66030458042297e-12,0.0114627947882633,""
1577,"capped",TRUE,TRUE,28,28,3.85380490363024e-13,0.0114503584709781,""
1578,"probability",TRUE,NA,NA,NA,NA,NA,""
1578,"original",TRUE,TRUE,28,28,5.99011995553702e-11,0.012130335420504,""
1578,"capped",TRUE,TRUE,28,28,1.60957934853543e-12,0.0115855372556594,""
1579,"probability",TRUE,NA,NA,NA,NA,NA,""
1579,"original",TRUE,TRUE,28,28,1.15364873931755e-11,0.0123083348318299,""
1579,"capped",TRUE,TRUE,28,28,5.09866342400519e-13,0.0120179634860741,""
1580,"probability",TRUE,NA,NA,NA,NA,NA,""
1580,"original",TRUE,TRUE,28,28,7.84259251906058e-13,0.011233993039844,""
1580,"capped",TRUE,TRUE,28,28,4.0126867326771e-13,0.011154755156996,""
1581,"probability",TRUE,NA,NA,NA,NA,NA,""
1581,"original",TRUE,TRUE,28,28,8.45651429146697e-16,0.011820354644715,""
1581,"capped",TRUE,TRUE,28,28,2.23959517443331e-13,0.0112405114816466,""
1582,"probability",TRUE,NA,NA,NA,NA,NA,""
1582,"original",TRUE,TRUE,28,28,7.0372482666021e-12,0.0126092269025106,""
1582,"capped",TRUE,TRUE,28,28,1.56029193386965e-12,0.0127435291446255,""
1583,"probability",TRUE,NA,NA,NA,NA,NA,""
1583,"original",TRUE,TRUE,28,28,1.02813415245874e-15,0.0132728117312519,""
1583,"capped",TRUE,TRUE,28,28,8.58015261623472e-13,0.01277896974671,""
1584,"probability",TRUE,NA,NA,NA,NA,NA,""
1584,"original",TRUE,TRUE,28,28,3.35074723307581e-12,0.0116073574733728,""
1584,"capped",TRUE,TRUE,28,28,1.81199994436205e-12,0.0116198143906267,""
1585,"probability",TRUE,NA,NA,NA,NA,NA,""
1585,"original",TRUE,TRUE,28,28,2.43321439701449e-12,0.0122101103092803,""
1585,"capped",TRUE,TRUE,28,28,2.29760712085807e-12,0.0121306370088734,""
1586,"probability",TRUE,NA,NA,NA,NA,NA,""
1586,"original",TRUE,TRUE,28,28,3.19653740555372e-11,0.0119538825267265,""
1586,"capped",TRUE,TRUE,28,28,1.16351789411195e-12,0.0115916945464468,""
1587,"probability",TRUE,NA,NA,NA,NA,NA,""
1587,"original",TRUE,TRUE,28,28,1.88526263219642e-11,0.0130191046103669,""
1587,"capped",TRUE,TRUE,28,28,1.14844743916698e-12,0.0124976076866029,""
1588,"probability",TRUE,NA,NA,NA,NA,NA,""
1588,"original",TRUE,TRUE,28,28,2.19394303362894e-11,0.0128954569599986,""
1588,"capped",TRUE,TRUE,28,28,1.71512534671079e-12,0.0124105490753119,""
1589,"probability",TRUE,NA,NA,NA,NA,NA,""
1589,"original",TRUE,TRUE,28,28,8.70057409492002e-13,0.0121071806233447,""
1589,"capped",TRUE,TRUE,28,28,2.42298656213816e-12,0.0119961623075575,""
1590,"probability",TRUE,NA,NA,NA,NA,NA,""
1590,"original",TRUE,TRUE,28,28,1.68402595920073e-11,0.0115003694106282,""
1590,"capped",TRUE,TRUE,28,28,1.74752532592627e-12,0.0112966068734643,""
1591,"probability",TRUE,NA,NA,NA,NA,NA,""
1591,"original",TRUE,TRUE,28,28,1.52645570730763e-11,0.011123571819589,""
1591,"capped",TRUE,TRUE,28,28,1.87191800404499e-13,0.0108497851344267,""
1592,"probability",TRUE,NA,NA,NA,NA,NA,""
1592,"original",TRUE,TRUE,28,28,1.30686038500092e-15,0.0117967672229448,""
1592,"capped",TRUE,TRUE,28,28,6.62654908481536e-13,0.0113639258282292,""
1593,"probability",TRUE,NA,NA,NA,NA,NA,""
1593,"original",TRUE,TRUE,28,28,1.88214501483252e-12,0.0123373438901492,""
1593,"capped",TRUE,TRUE,28,28,1.79577608296828e-12,0.012272166050463,""
1594,"probability",TRUE,NA,NA,NA,NA,NA,""
1594,"original",TRUE,TRUE,28,28,1.88548211599474e-12,0.011460431819028,""
1594,"capped",TRUE,TRUE,28,28,4.41135820271972e-12,0.011406248714065,""
1595,"probability",TRUE,NA,NA,NA,NA,NA,""
1595,"original",TRUE,TRUE,28,28,9.94013776197429e-13,0.0115323496177189,""
1595,"capped",TRUE,TRUE,28,28,9.10271448650027e-13,0.0114371315723938,""
1596,"probability",TRUE,NA,NA,NA,NA,NA,""
1596,"original",TRUE,TRUE,28,28,8.35714520266055e-12,0.0113703864709134,""
1596,"capped",TRUE,TRUE,28,28,1.00962647809493e-12,0.0110525764290174,""
1597,"probability",TRUE,NA,NA,NA,NA,NA,""
1597,"original",TRUE,TRUE,28,28,6.26185742071853e-11,0.0135132362896427,""
1597,"capped",TRUE,TRUE,28,28,5.11038062395135e-12,0.0128148881010469,""
1598,"probability",TRUE,NA,NA,NA,NA,NA,""
1598,"original",TRUE,TRUE,28,28,2.0569587764127e-11,0.0118596846757481,""
1598,"capped",TRUE,TRUE,28,28,2.2996663315736e-12,0.0116245072044443,""
1599,"probability",TRUE,NA,NA,NA,NA,NA,""
1599,"original",TRUE,TRUE,28,28,2.62997126677018e-12,0.0111638332528861,""
1599,"capped",TRUE,TRUE,28,28,3.44447836683453e-13,0.0110788684768585,""
1600,"probability",TRUE,NA,NA,NA,NA,NA,""
1600,"original",TRUE,TRUE,28,28,4.61146624230774e-12,0.012894164219899,""
1600,"capped",TRUE,TRUE,28,28,4.99845691619346e-13,0.0128192199052857,""
1601,"probability",TRUE,NA,NA,NA,NA,NA,""
1601,"original",TRUE,TRUE,28,28,7.6842904625712e-12,0.0109283950095798,""
1601,"capped",TRUE,TRUE,28,28,1.55060106012125e-13,0.010904867898105,""
1602,"probability",TRUE,NA,NA,NA,NA,NA,""
1602,"original",TRUE,TRUE,28,28,1.42568475444539e-15,0.0123590504434568,""
1602,"capped",TRUE,TRUE,28,28,2.89685766955399e-12,0.0119159427813116,""
1603,"probability",TRUE,NA,NA,NA,NA,NA,""
1603,"original",TRUE,TRUE,28,28,1.65816402137649e-11,0.0124231114036694,""
1603,"capped",TRUE,TRUE,28,28,1.73284443269982e-12,0.0120578732528939,""
1604,"probability",TRUE,NA,NA,NA,NA,NA,""
1604,"original",TRUE,TRUE,28,28,1.76200945187938e-11,0.0119724301966821,""
1604,"capped",TRUE,TRUE,28,28,5.66817106926415e-13,0.0117128968788789,""
1605,"probability",TRUE,NA,NA,NA,NA,NA,""
1605,"original",TRUE,TRUE,28,28,4.67328218113571e-16,0.0136615450352522,""
1605,"capped",TRUE,TRUE,28,28,4.63851784132505e-12,0.0128807591097123,""
1606,"probability",TRUE,NA,NA,NA,NA,NA,""
1606,"original",TRUE,TRUE,28,28,1.35937204358689e-12,0.0120493906062173,""
1606,"capped",TRUE,TRUE,28,28,2.69360497511238e-12,0.0118846721311522,""
1607,"probability",TRUE,NA,NA,NA,NA,NA,""
1607,"original",TRUE,TRUE,28,28,4.72729025607063e-12,0.011282240328626,""
1607,"capped",TRUE,TRUE,28,28,2.33930571511022e-12,0.011258311972029,""
1608,"probability",TRUE,NA,NA,NA,NA,NA,""
1608,"original",TRUE,TRUE,28,28,7.52890156427002e-16,0.012436719657709,""
1608,"capped",TRUE,TRUE,28,28,1.11308515413657e-12,0.0120510134038604,""
1609,"probability",TRUE,NA,NA,NA,NA,NA,""
1609,"original",TRUE,TRUE,28,28,3.42878316235381e-12,0.0115049996605339,""
1609,"capped",TRUE,TRUE,28,28,1.05041971575413e-12,0.0111626257230904,""
1610,"probability",TRUE,NA,NA,NA,NA,NA,""
1610,"original",TRUE,TRUE,28,28,2.49324193514038e-11,0.013310088647149,""
1610,"capped",TRUE,TRUE,28,28,1.87130260049315e-12,0.012849144923968,""
1611,"probability",TRUE,NA,NA,NA,NA,NA,""
1611,"original",TRUE,TRUE,28,28,1.63237087314984e-11,0.0126652873276816,""
1611,"capped",TRUE,TRUE,28,28,1.66770723163242e-12,0.0122532138061722,""
1612,"probability",TRUE,NA,NA,NA,NA,NA,""
1612,"original",TRUE,TRUE,28,28,1.93395403637742e-11,0.0123422627802888,""
1612,"capped",TRUE,TRUE,28,28,1.88276620785353e-12,0.0120698217746677,""
1613,"probability",TRUE,NA,NA,NA,NA,NA,""
1613,"original",TRUE,TRUE,28,28,1.25143776680362e-11,0.0123140696871997,""
1613,"capped",TRUE,TRUE,28,28,2.07693653133637e-12,0.0119588949977262,""
1614,"probability",TRUE,NA,NA,NA,NA,NA,""
1614,"original",TRUE,TRUE,28,28,8.14282950656327e-11,0.0122975214806505,""
1614,"capped",TRUE,TRUE,28,28,2.674315571977e-12,0.0116078050906018,""
1615,"probability",TRUE,NA,NA,NA,NA,NA,""
1615,"original",TRUE,TRUE,28,28,1.01486915827829e-11,0.0129336137277604,""
1615,"capped",TRUE,TRUE,28,28,1.16620589386121e-12,0.0125058471241596,""
1616,"probability",TRUE,NA,NA,NA,NA,NA,""
1616,"original",TRUE,TRUE,28,28,2.93639341100364e-11,0.0116985859530721,""
1616,"capped",TRUE,TRUE,28,28,1.95884566207161e-12,0.0111887546201904,""
1617,"probability",TRUE,NA,NA,NA,NA,NA,""
1617,"original",TRUE,TRUE,28,28,3.71412031954161e-11,0.0111502578156346,""
1617,"capped",TRUE,TRUE,28,28,2.02120444990072e-12,0.0106324924317645,""
1618,"probability",TRUE,NA,NA,NA,NA,NA,""
1618,"original",TRUE,TRUE,28,28,6.17690166775254e-16,0.0120766090015743,""
1618,"capped",TRUE,TRUE,28,28,4.39175535440157e-13,0.0116629350505684,""
1619,"probability",TRUE,NA,NA,NA,NA,NA,""
1619,"original",TRUE,TRUE,28,28,7.51275101195149e-16,0.0130150330540861,""
1619,"capped",TRUE,TRUE,28,28,3.31747902150689e-12,0.012324074120242,""
1620,"probability",TRUE,NA,NA,NA,NA,NA,""
1620,"original",TRUE,TRUE,28,28,4.2783102826678e-11,0.0120893281891892,""
1620,"capped",TRUE,TRUE,28,28,2.76284301923798e-12,0.0116108909723836,""
1621,"probability",TRUE,NA,NA,NA,NA,NA,""
1621,"original",TRUE,TRUE,28,28,7.33886126076481e-11,0.0122878529378821,""
1621,"capped",TRUE,TRUE,28,28,9.10337924382589e-13,0.0116222377296213,""
1622,"probability",TRUE,NA,NA,NA,NA,NA,""
1622,"original",TRUE,TRUE,28,28,1.1157934048805e-11,0.0122344598010371,""
1622,"capped",TRUE,TRUE,28,28,2.25811542089143e-12,0.0117659893968473,""
1623,"probability",TRUE,NA,NA,NA,NA,NA,""
1623,"original",TRUE,TRUE,28,28,3.41556613663846e-12,0.0113978495437031,""
1623,"capped",TRUE,TRUE,28,28,1.38918745876561e-12,0.0112463823547275,""
1624,"probability",TRUE,NA,NA,NA,NA,NA,""
1624,"original",TRUE,TRUE,28,28,8.21417968467611e-12,0.0118835269059815,""
1624,"capped",TRUE,TRUE,28,28,3.38734402406642e-13,0.0116443660233376,""
1625,"probability",TRUE,NA,NA,NA,NA,NA,""
1625,"original",TRUE,TRUE,28,28,2.28454223143904e-11,0.012282989438268,""
1625,"capped",TRUE,TRUE,28,28,2.25728010584043e-12,0.0119186725832339,""
1626,"probability",TRUE,NA,NA,NA,NA,NA,""
1626,"original",TRUE,TRUE,28,28,1.86732344262587e-11,0.0125846737801485,""
1626,"capped",TRUE,TRUE,28,28,3.29103967421077e-12,0.0121486857638646,""
1627,"probability",TRUE,NA,NA,NA,NA,NA,""
1627,"original",TRUE,TRUE,28,28,7.19813194222222e-13,0.0117802356681975,""
1627,"capped",TRUE,TRUE,28,28,2.03241544526135e-13,0.0117127310354122,""
1628,"probability",TRUE,NA,NA,NA,NA,NA,""
1628,"original",TRUE,TRUE,28,28,1.88253869023322e-11,0.0117747020559703,""
1628,"capped",TRUE,TRUE,28,28,5.97396125447853e-13,0.0113321373561626,""
1629,"probability",TRUE,NA,NA,NA,NA,NA,""
1629,"original",TRUE,TRUE,28,28,5.98522652935394e-11,0.0128290882516949,""
1629,"capped",TRUE,TRUE,28,28,2.00580227132386e-12,0.0123078778720429,""
1630,"probability",TRUE,NA,NA,NA,NA,NA,""
1630,"original",TRUE,TRUE,28,28,5.93108351464894e-16,0.0119018762885999,""
1630,"capped",TRUE,TRUE,28,28,5.99985272358219e-13,0.0114715633504722,""
1631,"probability",TRUE,NA,NA,NA,NA,NA,""
1631,"original",TRUE,TRUE,28,28,2.32639880674655e-11,0.0121638210755792,""
1631,"capped",TRUE,TRUE,28,28,1.13369651219517e-12,0.0117531316017403,""
1632,"probability",TRUE,NA,NA,NA,NA,NA,""
1632,"original",TRUE,TRUE,28,28,2.85411505234845e-12,0.0131469908068127,""
1632,"capped",TRUE,TRUE,28,28,1.19773719591067e-12,0.0131654967967855,""
1633,"probability",TRUE,NA,NA,NA,NA,NA,""
1633,"original",TRUE,TRUE,28,28,2.56025793328015e-12,0.01250459125925,""
1633,"capped",TRUE,TRUE,28,28,7.27171654433371e-13,0.0123182508932526,""
1634,"probability",TRUE,NA,NA,NA,NA,NA,""
1634,"original",TRUE,TRUE,28,28,2.71677819244887e-12,0.0110604879213788,""
1634,"capped",TRUE,TRUE,28,28,5.7290104397335e-13,0.0110858735039788,""
1635,"probability",TRUE,NA,NA,NA,NA,NA,""
1635,"original",TRUE,TRUE,28,28,5.75643706696987e-12,0.0127215742362311,""
1635,"capped",TRUE,TRUE,28,28,1.25243584770313e-12,0.0123657525950322,""
1636,"probability",TRUE,NA,NA,NA,NA,NA,""
1636,"original",TRUE,TRUE,28,28,4.67952724372575e-12,0.0124109299428411,""
1636,"capped",TRUE,TRUE,28,28,2.84099474449828e-12,0.0120161327236166,""
1637,"probability",TRUE,NA,NA,NA,NA,NA,""
1637,"original",TRUE,TRUE,28,28,2.86708111352597e-11,0.012746042810871,""
1637,"capped",TRUE,TRUE,28,28,4.45352553964547e-12,0.0123499664898039,""
1638,"probability",TRUE,NA,NA,NA,NA,NA,""
1638,"original",TRUE,TRUE,28,28,6.88164985775733e-13,0.0117583385852432,""
1638,"capped",TRUE,TRUE,28,28,8.8141346971913e-13,0.0117650503641485,""
1639,"probability",TRUE,NA,NA,NA,NA,NA,""
1639,"original",TRUE,TRUE,28,28,6.12569849170315e-13,0.012016800298541,""
1639,"capped",TRUE,TRUE,28,28,1.21339895954735e-12,0.0119150454349084,""
1640,"probability",TRUE,NA,NA,NA,NA,NA,""
1640,"original",TRUE,TRUE,28,28,2.11510706672722e-12,0.0113201539138791,""
1640,"capped",TRUE,TRUE,28,28,2.56077220984747e-13,0.0111602142791565,""
1641,"probability",TRUE,NA,NA,NA,NA,NA,""
1641,"original",TRUE,TRUE,28,28,8.05215130992686e-13,0.0117512406566509,""
1641,"capped",TRUE,TRUE,28,28,1.98422109316834e-13,0.0117304979690267,""
1642,"probability",TRUE,NA,NA,NA,NA,NA,""
1642,"original",TRUE,TRUE,28,28,3.3683615328486e-12,0.0119720606071284,""
1642,"capped",TRUE,TRUE,28,28,1.64659195456408e-12,0.0118428675584707,""
1643,"probability",TRUE,NA,NA,NA,NA,NA,""
1643,"original",TRUE,TRUE,28,28,1.60447450884002e-12,0.0119560978477666,""
1643,"capped",TRUE,TRUE,28,28,5.27043076458623e-13,0.0119237377217455,""
1644,"probability",TRUE,NA,NA,NA,NA,NA,""
1644,"original",TRUE,TRUE,28,28,1.5984299642078e-12,0.0128829851493456,""
1644,"capped",TRUE,TRUE,28,28,2.84876276990388e-12,0.0129005672378375,""
1645,"probability",TRUE,NA,NA,NA,NA,NA,""
1645,"original",TRUE,TRUE,28,28,4.85612811897057e-12,0.0116952063962482,""
1645,"capped",TRUE,TRUE,28,28,3.89712336158894e-13,0.0116096944386725,""
1646,"probability",TRUE,NA,NA,NA,NA,NA,""
1646,"original",TRUE,TRUE,28,28,1.11714003182538e-12,0.0125459826104476,""
1646,"capped",TRUE,TRUE,28,28,3.04594297168307e-12,0.0121176376834696,""
1647,"probability",TRUE,NA,NA,NA,NA,NA,""
1647,"original",TRUE,TRUE,28,28,1.80180561535632e-11,0.0131868327144079,""
1647,"capped",TRUE,TRUE,28,28,9.20266408470155e-13,0.012814542119318,""
1648,"probability",TRUE,NA,NA,NA,NA,NA,""
1648,"original",TRUE,TRUE,28,28,5.96702608361988e-16,0.0125729259083943,""
1648,"capped",TRUE,TRUE,28,28,1.41038678198298e-12,0.0119197484909999,""
1649,"probability",TRUE,NA,NA,NA,NA,NA,""
1649,"original",TRUE,TRUE,28,28,3.1308364490386e-11,0.0121896902417524,""
1649,"capped",TRUE,TRUE,28,28,3.7939798095205e-13,0.0117232167142424,""
1650,"probability",TRUE,NA,NA,NA,NA,NA,""
1650,"original",TRUE,TRUE,28,28,8.25019574520841e-13,0.0119008924234674,""
1650,"capped",TRUE,TRUE,28,28,3.94542885670093e-13,0.0118700027127825,""
1651,"probability",TRUE,NA,NA,NA,NA,NA,""
1651,"original",TRUE,TRUE,28,28,1.77865999204036e-11,0.0109535836657848,""
1651,"capped",TRUE,TRUE,28,28,5.07242700183918e-13,0.0103740082783928,""
1652,"probability",TRUE,NA,NA,NA,NA,NA,""
1652,"original",TRUE,TRUE,28,28,1.03826649089934e-12,0.0116777882263177,""
1652,"capped",TRUE,TRUE,28,28,4.20587423841748e-13,0.011618359535165,""
1653,"probability",TRUE,NA,NA,NA,NA,NA,""
1653,"original",TRUE,TRUE,28,28,2.57007974479189e-13,0.0115532841129037,""
1653,"capped",TRUE,TRUE,28,28,2.35723329913514e-13,0.0115204442364897,""
1654,"probability",TRUE,NA,NA,NA,NA,NA,""
1654,"original",TRUE,TRUE,28,28,5.92804499834867e-11,0.0126426836469109,""
1654,"capped",TRUE,TRUE,28,28,1.13094586512665e-12,0.012223715769286,""
1655,"probability",TRUE,NA,NA,NA,NA,NA,""
1655,"original",TRUE,TRUE,28,28,8.49716148108749e-12,0.0126737276378137,""
1655,"capped",TRUE,TRUE,28,28,9.31148328762581e-13,0.0123971118973506,""
1656,"probability",TRUE,NA,NA,NA,NA,NA,""
1656,"original",TRUE,TRUE,28,28,1.65338667042902e-12,0.0122275098367268,""
1656,"capped",TRUE,TRUE,28,28,7.47393654887907e-13,0.0120921426222328,""
1657,"probability",TRUE,NA,NA,NA,NA,NA,""
1657,"original",TRUE,TRUE,28,28,1.76536069160015e-11,0.0121171271530857,""
1657,"capped",TRUE,TRUE,28,28,1.39505006856267e-12,0.0117340874681248,""
1658,"probability",TRUE,NA,NA,NA,NA,NA,""
1658,"original",TRUE,TRUE,28,28,2.61026277902065e-11,0.0124346045423267,""
1658,"capped",TRUE,TRUE,28,28,2.71965121923877e-12,0.0122720535958451,""
1659,"probability",TRUE,NA,NA,NA,NA,NA,""
1659,"original",TRUE,TRUE,28,28,6.83125028529213e-13,0.0126875202696182,""
1659,"capped",TRUE,TRUE,28,28,2.18600397043171e-12,0.0126074573089377,""
1660,"probability",TRUE,NA,NA,NA,NA,NA,""
1660,"original",TRUE,TRUE,28,28,1.73634650654581e-12,0.0123128628232138,""
1660,"capped",TRUE,TRUE,28,28,1.37725326110115e-12,0.0123781869291765,""
1661,"probability",TRUE,NA,NA,NA,NA,NA,""
1661,"original",TRUE,TRUE,28,28,1.48106482802901e-12,0.0107393497708785,""
1661,"capped",TRUE,TRUE,28,28,5.84994053660415e-14,0.0107492158716703,""
1662,"probability",TRUE,NA,NA,NA,NA,NA,""
1662,"original",TRUE,TRUE,28,28,2.00151238565144e-12,0.0109586677009931,""
1662,"capped",TRUE,TRUE,28,28,1.85208585817769e-12,0.0108872281535424,""
1663,"probability",TRUE,NA,NA,NA,NA,NA,""
1663,"original",TRUE,TRUE,28,28,5.46477301451914e-11,0.0122932629984127,""
1663,"capped",TRUE,TRUE,28,28,1.8200075695435e-12,0.0117462223166459,""
1664,"probability",TRUE,NA,NA,NA,NA,NA,""
1664,"original",TRUE,TRUE,28,28,7.5147535702408e-12,0.0129133655750853,""
1664,"capped",TRUE,TRUE,28,28,3.75486866782242e-12,0.0123292809006522,""
1665,"probability",TRUE,NA,NA,NA,NA,NA,""
1665,"original",TRUE,TRUE,28,28,1.76437965281095e-11,0.0116407140802229,""
1665,"capped",TRUE,TRUE,28,28,1.62879652404659e-12,0.0111953060172746,""
1666,"probability",TRUE,NA,NA,NA,NA,NA,""
1666,"original",TRUE,TRUE,28,28,1.20050962243478e-11,0.0128735034583242,""
1666,"capped",TRUE,TRUE,28,28,1.64761839167348e-12,0.0125930880211026,""
1667,"probability",TRUE,NA,NA,NA,NA,NA,""
1667,"original",TRUE,TRUE,28,28,7.00018606500119e-11,0.0115738139604978,""
1667,"capped",TRUE,TRUE,28,28,2.68978340794036e-13,0.0112943838282728,""
1668,"probability",TRUE,NA,NA,NA,NA,NA,""
1668,"original",TRUE,TRUE,28,28,4.21640397757435e-12,0.0119219079657978,""
1668,"capped",TRUE,TRUE,28,28,1.40917967297564e-13,0.0115201583146012,""
1669,"probability",TRUE,NA,NA,NA,NA,NA,""
1669,"original",TRUE,TRUE,28,28,3.7555146340909e-12,0.0117249174434,""
1669,"capped",TRUE,TRUE,28,28,7.87958895020341e-13,0.0115262293996251,""
1670,"probability",TRUE,NA,NA,NA,NA,NA,""
1670,"original",TRUE,TRUE,28,28,4.05415425631967e-12,0.0125603474727329,""
1670,"capped",TRUE,TRUE,28,28,2.72935611035934e-12,0.0125684945718953,""
1671,"probability",TRUE,NA,NA,NA,NA,NA,""
1671,"original",TRUE,TRUE,28,28,4.23096175362064e-16,0.0123813760084615,""
1671,"capped",TRUE,TRUE,28,28,1.39336362396088e-12,0.0120050117909655,""
1672,"probability",TRUE,NA,NA,NA,NA,NA,""
1672,"original",TRUE,TRUE,28,28,3.98729273945177e-12,0.0115605528737515,""
1672,"capped",TRUE,TRUE,28,28,5.55435016175473e-13,0.011495672490381,""
1673,"probability",TRUE,NA,NA,NA,NA,NA,""
1673,"original",TRUE,TRUE,28,28,4.22211832998901e-11,0.01174185575627,""
1673,"capped",TRUE,TRUE,28,28,4.53643435947206e-13,0.0112438767293545,""
1674,"probability",TRUE,NA,NA,NA,NA,NA,""
1674,"original",TRUE,TRUE,28,28,6.84564196789544e-12,0.0122773145535692,""
1674,"capped",TRUE,TRUE,28,28,1.91761669935068e-12,0.0117362101459934,""
1675,"probability",TRUE,NA,NA,NA,NA,NA,""
1675,"original",TRUE,TRUE,28,28,8.70859870870463e-13,0.0117629991531711,""
1675,"capped",TRUE,TRUE,28,28,2.50272273420657e-12,0.0117036694941517,""
1676,"probability",TRUE,NA,NA,NA,NA,NA,""
1676,"original",TRUE,TRUE,28,28,5.37566537052958e-16,0.0112260304302154,""
1676,"capped",TRUE,TRUE,28,28,4.60758295595182e-12,0.0108915318060945,""
1677,"probability",TRUE,NA,NA,NA,NA,NA,""
1677,"original",TRUE,TRUE,28,28,6.6494598534101e-12,0.0119494572199027,""
1677,"capped",TRUE,TRUE,28,28,3.1552986855464e-12,0.0118140501966632,""
1678,"probability",TRUE,NA,NA,NA,NA,NA,""
1678,"original",TRUE,TRUE,28,28,4.23118992417618e-13,0.0120457911399902,""
1678,"capped",TRUE,TRUE,28,28,3.30935298522131e-13,0.011996660411975,""
1679,"probability",TRUE,NA,NA,NA,NA,NA,""
1679,"original",TRUE,TRUE,28,28,3.6915571080792e-11,0.0116124832211555,""
1679,"capped",TRUE,TRUE,28,28,8.94164747503509e-13,0.0112493202329796,""
1680,"probability",TRUE,NA,NA,NA,NA,NA,""
1680,"original",TRUE,TRUE,28,28,1.6816716376797e-11,0.0133126287101227,""
1680,"capped",TRUE,TRUE,28,28,2.02207294999198e-12,0.0129249307502244,""
1681,"probability",TRUE,NA,NA,NA,NA,NA,""
1681,"original",TRUE,TRUE,28,28,2.80744449040219e-16,0.0121474019726789,""
1681,"capped",TRUE,TRUE,28,28,8.11566259236916e-13,0.0116706043951279,""
1682,"probability",TRUE,NA,NA,NA,NA,NA,""
1682,"original",TRUE,TRUE,28,28,1.3439485111923e-11,0.0123213685762719,""
1682,"capped",TRUE,TRUE,28,28,4.3228829226939e-12,0.0120714454861143,""
1683,"probability",TRUE,NA,NA,NA,NA,NA,""
1683,"original",TRUE,TRUE,28,28,4.86425887708378e-12,0.0113310301243829,""
1683,"capped",TRUE,TRUE,28,28,1.17076524013969e-12,0.0112395225414065,""
1684,"probability",TRUE,NA,NA,NA,NA,NA,""
1684,"original",TRUE,TRUE,28,28,1.02907680690538e-11,0.0113381551693549,""
1684,"capped",TRUE,TRUE,28,28,3.14229331612482e-13,0.0110963342035565,""
1685,"probability",TRUE,NA,NA,NA,NA,NA,""
1685,"original",TRUE,TRUE,28,28,6.89386829712461e-16,0.0118489737881831,""
1685,"capped",TRUE,TRUE,28,28,6.31104232158291e-13,0.0113407308634444,""
1686,"probability",TRUE,NA,NA,NA,NA,NA,""
1686,"original",TRUE,TRUE,28,28,1.78278250974951e-12,0.0119052084449971,""
1686,"capped",TRUE,TRUE,28,28,5.56755595436134e-13,0.0118290230162715,""
1687,"probability",TRUE,NA,NA,NA,NA,NA,""
1687,"original",TRUE,TRUE,28,28,9.96248416185539e-12,0.0119897740078424,""
1687,"capped",TRUE,TRUE,28,28,5.00143291611848e-13,0.0116173640111103,""
1688,"probability",TRUE,NA,NA,NA,NA,NA,""
1688,"original",TRUE,TRUE,28,28,8.6103862000167e-12,0.0125459985964549,""
1688,"capped",TRUE,TRUE,28,28,7.72757303728489e-13,0.0121350969767797,""
1689,"probability",TRUE,NA,NA,NA,NA,NA,""
1689,"original",TRUE,TRUE,28,28,2.54485877672891e-12,0.0107756599407791,""
1689,"capped",TRUE,TRUE,28,28,1.08349808478938e-12,0.0107633514780419,""
1690,"probability",TRUE,NA,NA,NA,NA,NA,""
1690,"original",TRUE,TRUE,28,28,1.22486068827297e-11,0.0119418652176443,""
1690,"capped",TRUE,TRUE,28,28,2.5117632436172e-13,0.0115150416468,""
1691,"probability",TRUE,NA,NA,NA,NA,NA,""
1691,"original",TRUE,TRUE,28,28,1.7688595482396e-11,0.013242271837212,""
1691,"capped",TRUE,TRUE,28,28,2.46335450676734e-12,0.012883033895215,""
1692,"probability",TRUE,NA,NA,NA,NA,NA,""
1692,"original",TRUE,TRUE,28,28,9.45816845598181e-11,0.0125146992571263,""
1692,"capped",TRUE,TRUE,28,28,1.61296719582111e-12,0.0119894097655631,""
1693,"probability",TRUE,NA,NA,NA,NA,NA,""
1693,"original",TRUE,TRUE,28,28,3.03273600927691e-12,0.0121282622384058,""
1693,"capped",TRUE,TRUE,28,28,3.37722876747122e-12,0.0120423577970532,""
1694,"probability",TRUE,NA,NA,NA,NA,NA,""
1694,"original",TRUE,TRUE,28,28,1.98110456260092e-12,0.0113161624089505,""
1694,"capped",TRUE,TRUE,28,28,2.12943103888194e-12,0.0112210722298591,""
1695,"probability",TRUE,NA,NA,NA,NA,NA,""
1695,"original",TRUE,TRUE,28,28,1.20722075186713e-11,0.0116802938823262,""
1695,"capped",TRUE,TRUE,28,28,1.53308995192488e-12,0.0112918357219056,""
1696,"probability",TRUE,NA,NA,NA,NA,NA,""
1696,"original",TRUE,TRUE,28,28,4.02467530033125e-16,0.0127226035353964,""
1696,"capped",TRUE,TRUE,28,28,3.1238455163248e-12,0.0122326767193126,""
1697,"probability",TRUE,NA,NA,NA,NA,NA,""
1697,"original",TRUE,TRUE,28,28,6.64467123386751e-12,0.0118138137179471,""
1697,"capped",TRUE,TRUE,28,28,2.85648536493278e-13,0.0113383233414015,""
1698,"probability",TRUE,NA,NA,NA,NA,NA,""
1698,"original",TRUE,TRUE,28,28,1.64992619461686e-11,0.0126327966220789,""
1698,"capped",TRUE,TRUE,28,28,1.32458317040353e-12,0.0122986470228411,""
1699,"probability",TRUE,NA,NA,NA,NA,NA,""
1699,"original",TRUE,TRUE,28,28,2.70577927300253e-11,0.0126882753930895,""
1699,"capped",TRUE,TRUE,28,28,3.5609205992239e-13,0.0123052640671345,""
1700,"probability",TRUE,NA,NA,NA,NA,NA,""
1700,"original",TRUE,TRUE,28,28,1.79108876659994e-12,0.0119004642640553,""
1700,"capped",TRUE,TRUE,28,28,2.40834985590518e-12,0.0119113969456789,""
1701,"probability",TRUE,NA,NA,NA,NA,NA,""
1701,"original",TRUE,TRUE,28,28,5.06416730458359e-12,0.0103818269758548,""
1701,"capped",TRUE,TRUE,28,28,4.65062780225077e-12,0.0104785137684054,""
1702,"probability",TRUE,NA,NA,NA,NA,NA,""
1702,"original",TRUE,TRUE,28,28,2.96197341092581e-12,0.0115882846036178,""
1702,"capped",TRUE,TRUE,28,28,3.84184927344137e-12,0.0115622069819008,""
1703,"probability",TRUE,NA,NA,NA,NA,NA,""
1703,"original",TRUE,TRUE,28,28,1.37030985236216e-11,0.0126699692057115,""
1703,"capped",TRUE,TRUE,28,28,1.61640797819022e-12,0.0122893550828456,""
1704,"probability",TRUE,NA,NA,NA,NA,NA,""
1704,"original",TRUE,TRUE,28,28,7.17275095527809e-12,0.012085613285182,""
1704,"capped",TRUE,TRUE,28,28,1.26890666508253e-12,0.0117219013632657,""
1705,"probability",TRUE,NA,NA,NA,NA,NA,""
1705,"original",TRUE,TRUE,28,28,5.95164550385738e-13,0.0113001518098313,""
1705,"capped",TRUE,TRUE,28,28,4.73125179209837e-13,0.0113391922050738,""
1706,"probability",TRUE,NA,NA,NA,NA,NA,""
1706,"original",TRUE,TRUE,28,28,5.69832473101117e-12,0.0109766079162906,""
1706,"capped",TRUE,TRUE,28,28,1.22789796798421e-13,0.0106648610843734,""
1707,"probability",TRUE,NA,NA,NA,NA,NA,""
1707,"original",TRUE,TRUE,28,28,4.93082849288486e-11,0.0110677684955747,""
1707,"capped",TRUE,TRUE,28,28,1.35979595006146e-12,0.0105916672709799,""
1708,"probability",TRUE,NA,NA,NA,NA,NA,""
1708,"original",TRUE,TRUE,28,28,1.10831237865584e-11,0.0121589933193979,""
1708,"capped",TRUE,TRUE,28,28,8.47993858623644e-13,0.0117110168070325,""
1709,"probability",TRUE,NA,NA,NA,NA,NA,""
1709,"original",TRUE,TRUE,28,28,1.7215584376512e-15,0.0126995536779414,""
1709,"capped",TRUE,TRUE,28,28,1.23030182747268e-12,0.0120965910618282,""
1710,"probability",TRUE,NA,NA,NA,NA,NA,""
1710,"original",TRUE,TRUE,28,28,6.4201373635523e-13,0.011954747091261,""
1710,"capped",TRUE,TRUE,28,28,2.9213587986323e-13,0.0118490233676151,""
1711,"probability",TRUE,NA,NA,NA,NA,NA,""
1711,"original",TRUE,TRUE,28,28,5.64568014172345e-16,0.0126897770976805,""
1711,"capped",TRUE,TRUE,28,28,2.24828652543866e-12,0.0122015172782404,""
1712,"probability",TRUE,NA,NA,NA,NA,NA,""
1712,"original",TRUE,TRUE,28,28,1.44348350399498e-11,0.010794366506376,""
1712,"capped",TRUE,TRUE,28,28,1.88567326105178e-12,0.0108524578066288,""
1713,"probability",TRUE,NA,NA,NA,NA,NA,""
1713,"original",TRUE,TRUE,28,28,3.78723214018313e-12,0.0114108242870799,""
1713,"capped",TRUE,TRUE,28,28,1.20637267985e-12,0.0112769955376896,""
1714,"probability",TRUE,NA,NA,NA,NA,NA,""
1714,"original",TRUE,TRUE,28,28,1.81163399731339e-13,0.0115579383266991,""
1714,"capped",TRUE,TRUE,28,28,1.06834460849478e-13,0.0115221422317607,""
1715,"probability",TRUE,NA,NA,NA,NA,NA,""
1715,"original",TRUE,TRUE,28,28,5.95658558987332e-12,0.011714023285067,""
1715,"capped",TRUE,TRUE,28,28,1.57777966768119e-12,0.0117245530772957,""
1716,"probability",TRUE,NA,NA,NA,NA,NA,""
1716,"original",TRUE,TRUE,28,28,7.14025971689498e-16,0.0123748913248535,""
1716,"capped",TRUE,TRUE,28,28,1.89416891849263e-12,0.0119736039150617,""
1717,"probability",TRUE,NA,NA,NA,NA,NA,""
1717,"original",TRUE,TRUE,28,28,4.73043519280998e-12,0.0122711184828004,""
1717,"capped",TRUE,TRUE,28,28,2.78427333336293e-12,0.0121674470587084,""
1718,"probability",TRUE,NA,NA,NA,NA,NA,""
1718,"original",TRUE,TRUE,28,28,6.22290015666872e-11,0.0113055105257039,""
1718,"capped",TRUE,TRUE,28,28,1.1747491282294e-12,0.0108499937493176,""
1719,"probability",TRUE,NA,NA,NA,NA,NA,""
1719,"original",TRUE,TRUE,28,28,9.56254595027647e-16,0.0119969709671591,""
1719,"capped",TRUE,TRUE,28,28,2.79632237035424e-12,0.0113616614071271,""
1720,"probability",TRUE,NA,NA,NA,NA,NA,""
1720,"original",TRUE,TRUE,28,28,4.28354821739977e-16,0.0119191621631023,""
1720,"capped",TRUE,TRUE,28,28,2.17610847921163e-12,0.0112769678782325,""
1721,"probability",TRUE,NA,NA,NA,NA,NA,""
1721,"original",TRUE,TRUE,28,28,1.58220020726088e-11,0.0124328454629918,""
1721,"capped",TRUE,TRUE,28,28,3.68411978311686e-12,0.0120771732620679,""
1722,"probability",TRUE,NA,NA,NA,NA,NA,""
1722,"original",TRUE,TRUE,28,28,2.6596317194789e-11,0.012082553064772,""
1722,"capped",TRUE,TRUE,28,28,3.99294846977094e-13,0.011418316036934,""
1723,"probability",TRUE,NA,NA,NA,NA,NA,""
1723,"original",TRUE,TRUE,28,28,9.2471885091842e-12,0.0127581741309113,""
1723,"capped",TRUE,TRUE,28,28,7.45456148483609e-13,0.0122947570830686,""
1724,"probability",TRUE,NA,NA,NA,NA,NA,""
1724,"original",TRUE,TRUE,28,28,6.36355557179351e-12,0.0126832641138964,""
1724,"capped",TRUE,TRUE,28,28,1.93455918588069e-12,0.0124436938645637,""
1725,"probability",TRUE,NA,NA,NA,NA,NA,""
1725,"original",TRUE,TRUE,28,28,1.63514246766357e-12,0.012948179026797,""
1725,"capped",TRUE,TRUE,28,28,1.23633113957309e-12,0.0127295892920688,""
1726,"probability",TRUE,NA,NA,NA,NA,NA,""
1726,"original",TRUE,TRUE,28,28,1.52819092920306e-11,0.0126920020912513,""
1726,"capped",TRUE,TRUE,28,28,2.10181699047747e-12,0.0124329422647805,""
1727,"probability",TRUE,NA,NA,NA,NA,NA,""
1727,"original",TRUE,TRUE,28,28,9.28751954605519e-11,0.0127770597926952,""
1727,"capped",TRUE,TRUE,28,28,3.50133094931164e-12,0.0121267171201896,""
1728,"probability",TRUE,NA,NA,NA,NA,NA,""
1728,"original",TRUE,TRUE,28,28,5.53434850895607e-13,0.0114559374654494,""
1728,"capped",TRUE,TRUE,28,28,1.60165766798707e-12,0.0113917660880411,""
1729,"probability",TRUE,NA,NA,NA,NA,NA,""
1729,"original",TRUE,TRUE,28,28,2.80874970814367e-12,0.0122629844021783,""
1729,"capped",TRUE,TRUE,28,28,1.38712481507065e-12,0.0122420193982558,""
1730,"probability",TRUE,NA,NA,NA,NA,NA,""
1730,"original",TRUE,TRUE,28,28,1.59051983687692e-11,0.0131075515105421,""
1730,"capped",TRUE,TRUE,28,28,2.00155855935927e-12,0.0126010176414592,""
1731,"probability",TRUE,NA,NA,NA,NA,NA,""
1731,"original",TRUE,TRUE,28,28,1.18295168754407e-12,0.0116395684911003,""
1731,"capped",TRUE,TRUE,28,28,3.60005877922362e-13,0.0115790629425542,""
1732,"probability",TRUE,NA,NA,NA,NA,NA,""
1732,"original",TRUE,TRUE,28,28,7.58940852496051e-12,0.0116787388378421,""
1732,"capped",TRUE,TRUE,28,28,6.87998226926231e-13,0.0113601361678565,""
1733,"probability",TRUE,NA,NA,NA,NA,NA,""
1733,"original",TRUE,TRUE,28,28,3.02019444750217e-12,0.0120998569919575,""
1733,"capped",TRUE,TRUE,28,28,1.45422838086959e-12,0.0120654724741831,""
1734,"probability",TRUE,NA,NA,NA,NA,NA,""
1734,"original",TRUE,TRUE,28,28,2.62864636204643e-12,0.0117794201646666,""
1734,"capped",TRUE,TRUE,28,28,1.48061723879492e-13,0.0114004096357415,""
1735,"probability",TRUE,NA,NA,NA,NA,NA,""
1735,"original",TRUE,TRUE,28,28,5.26410432910631e-13,0.0124246018123868,""
1735,"capped",TRUE,TRUE,28,28,1.17738796597639e-13,0.012226248706107,""
1736,"probability",TRUE,NA,NA,NA,NA,NA,""
1736,"original",TRUE,TRUE,28,28,6.7054045139126e-11,0.0124167375754205,""
1736,"capped",TRUE,TRUE,28,28,3.46513581377601e-12,0.0119938005600514,""
1737,"probability",TRUE,NA,NA,NA,NA,NA,""
1737,"original",TRUE,TRUE,28,28,1.06553559013466e-12,0.0115391783255197,""
1737,"capped",TRUE,TRUE,28,28,2.07262088789075e-13,0.0114760029896069,""
1738,"probability",TRUE,NA,NA,NA,NA,NA,""
1738,"original",TRUE,TRUE,28,28,7.52281775614176e-13,0.0108478334460604,""
1738,"capped",TRUE,TRUE,28,28,4.26161471641411e-12,0.0107804170090968,""
1739,"probability",TRUE,NA,NA,NA,NA,NA,""
1739,"original",TRUE,TRUE,28,28,2.13590938108016e-12,0.0122543846705739,""
1739,"capped",TRUE,TRUE,28,28,1.05708341409587e-12,0.0122267189805573,""
1740,"probability",TRUE,NA,NA,NA,NA,NA,""
1740,"original",TRUE,TRUE,28,28,5.57049347223291e-11,0.0115827110846556,""
1740,"capped",TRUE,TRUE,28,28,2.07022698319285e-13,0.011158198654783,""
1741,"probability",TRUE,NA,NA,NA,NA,NA,""
1741,"original",TRUE,TRUE,28,28,2.01778077716454e-11,0.0132407166632332,""
1741,"capped",TRUE,TRUE,28,28,1.14527180111577e-12,0.0126132356798057,""
1742,"probability",TRUE,NA,NA,NA,NA,NA,""
1742,"original",TRUE,TRUE,28,28,3.1537269001513e-11,0.0117094900332723,""
1742,"capped",TRUE,TRUE,28,28,1.49248403556969e-13,0.0111452642898853,""
1743,"probability",TRUE,NA,NA,NA,NA,NA,""
1743,"original",TRUE,TRUE,28,28,8.93123238732231e-11,0.0116441727519723,""
1743,"capped",TRUE,TRUE,28,28,6.37887940972944e-13,0.0111040526103701,""
1744,"probability",TRUE,NA,NA,NA,NA,NA,""
1744,"original",TRUE,TRUE,28,28,1.03172771556433e-11,0.0123403850862058,""
1744,"capped",TRUE,TRUE,28,28,7.21740084075866e-13,0.011847698674088,""
1745,"probability",TRUE,NA,NA,NA,NA,NA,""
1745,"original",TRUE,TRUE,28,28,1.72205615650082e-11,0.0127110537799348,""
1745,"capped",TRUE,TRUE,28,28,4.01956835630953e-12,0.0124237421290386,""
1746,"probability",TRUE,NA,NA,NA,NA,NA,""
1746,"original",TRUE,TRUE,28,28,1.48368616250333e-11,0.0125413365453563,""
1746,"capped",TRUE,TRUE,28,28,8.28034901682834e-13,0.0122054526891089,""
1747,"probability",TRUE,NA,NA,NA,NA,NA,""
1747,"original",TRUE,TRUE,28,28,5.72800532732922e-12,0.011846658043703,""
1747,"capped",TRUE,TRUE,28,28,3.90370975939301e-12,0.0118875140660761,""
1748,"probability",TRUE,NA,NA,NA,NA,NA,""
1748,"original",TRUE,TRUE,28,28,2.14244680110493e-11,0.0127491102244735,""
1748,"capped",TRUE,TRUE,28,28,5.05291725055689e-13,0.0123751466981287,""
1749,"probability",TRUE,NA,NA,NA,NA,NA,""
1749,"original",TRUE,TRUE,28,28,1.54312469948885e-12,0.0111309845130164,""
1749,"capped",TRUE,TRUE,28,28,2.09225749984372e-12,0.0110259527950512,""
1750,"probability",TRUE,NA,NA,NA,NA,NA,""
1750,"original",TRUE,TRUE,28,28,2.51377204653768e-12,0.0115428824361469,""
1750,"capped",TRUE,TRUE,28,28,5.99805413485836e-13,0.0115299941184851,""
1751,"probability",TRUE,NA,NA,NA,NA,NA,""
1751,"original",TRUE,TRUE,28,28,8.73149861263465e-12,0.0116157276478416,""
1751,"capped",TRUE,TRUE,28,28,4.43131361487963e-13,0.0112865076274568,""
1752,"probability",TRUE,NA,NA,NA,NA,NA,""
1752,"original",TRUE,TRUE,28,28,3.57373887002035e-11,0.0110787307435823,""
1752,"capped",TRUE,TRUE,28,28,1.91943182313786e-13,0.0106688058683604,""
1753,"probability",TRUE,NA,NA,NA,NA,NA,""
1753,"original",TRUE,TRUE,28,28,1.05252558202722e-12,0.0125501296657973,""
1753,"capped",TRUE,TRUE,28,28,1.16267129986137e-12,0.0124889581443867,""
1754,"probability",TRUE,NA,NA,NA,NA,NA,""
1754,"original",TRUE,TRUE,28,28,1.41599463069496e-11,0.0123356725386774,""
1754,"capped",TRUE,TRUE,28,28,7.36788634638366e-13,0.0119039625189379,""
1755,"probability",TRUE,NA,NA,NA,NA,NA,""
1755,"original",TRUE,TRUE,28,28,3.01911533398665e-12,0.0123212255407046,""
1755,"capped",TRUE,TRUE,28,28,6.01112570527755e-13,0.0122452106766108,""
1756,"probability",TRUE,NA,NA,NA,NA,NA,""
1756,"original",TRUE,TRUE,28,28,1.73059184967527e-11,0.0118619356858458,""
1756,"capped",TRUE,TRUE,28,28,4.41366851284674e-13,0.0114527737533371,""
1757,"probability",TRUE,NA,NA,NA,NA,NA,""
1757,"original",TRUE,TRUE,28,28,1.06825685495376e-15,0.0124165815382872,""
1757,"capped",TRUE,TRUE,28,28,5.00108550170915e-12,0.0120149376404071,""
1758,"probability",TRUE,NA,NA,NA,NA,NA,""
1758,"original",TRUE,TRUE,28,28,7.42919382516533e-12,0.0127377361773515,""
1758,"capped",TRUE,TRUE,28,28,1.75359127637351e-12,0.0124592734487582,""
1759,"probability",TRUE,NA,NA,NA,NA,NA,""
1759,"original",TRUE,TRUE,28,28,1.31054855990212e-11,0.0123889545304283,""
1759,"capped",TRUE,TRUE,28,28,3.11129968086049e-12,0.012077055383783,""
1760,"probability",TRUE,NA,NA,NA,NA,NA,""
1760,"original",TRUE,TRUE,28,28,4.76767998807461e-12,0.0119298723300712,""
1760,"capped",TRUE,TRUE,28,28,1.90056883913653e-12,0.0118570609681328,""
1761,"probability",TRUE,NA,NA,NA,NA,NA,""
1761,"original",TRUE,TRUE,28,28,2.47250914616683e-12,0.0119101070923679,""
1761,"capped",TRUE,TRUE,28,28,2.56891939968479e-12,0.011750714545443,""
1762,"probability",TRUE,NA,NA,NA,NA,NA,""
1762,"original",TRUE,TRUE,28,28,2.2661190965831e-12,0.0120961417476807,""
1762,"capped",TRUE,TRUE,28,28,1.60506601334428e-12,0.0121176964687538,""
1763,"probability",TRUE,NA,NA,NA,NA,NA,""
1763,"original",TRUE,TRUE,28,28,3.08612098323214e-12,0.0110622108229791,""
1763,"capped",TRUE,TRUE,28,28,3.18092358492828e-13,0.0110266032991238,""
1764,"probability",TRUE,NA,NA,NA,NA,NA,""
1764,"original",TRUE,TRUE,28,28,6.10334794755504e-11,0.0128148860629788,""
1764,"capped",TRUE,TRUE,28,28,3.10956587955368e-13,0.0122772541940538,""
1765,"probability",TRUE,NA,NA,NA,NA,NA,""
1765,"original",TRUE,TRUE,28,28,1.34948773743044e-11,0.0114996682199234,""
1765,"capped",TRUE,TRUE,28,28,1.58419792529391e-12,0.0112269693061348,""
1766,"probability",TRUE,NA,NA,NA,NA,NA,""
1766,"original",TRUE,TRUE,28,28,8.95622262152557e-16,0.0121286173817984,""
1766,"capped",TRUE,TRUE,28,28,1.99074961048387e-12,0.0119352891315216,""
1767,"probability",TRUE,NA,NA,NA,NA,NA,""
1767,"original",TRUE,TRUE,28,28,1.2311914999355e-12,0.0122408934219211,""
1767,"capped",TRUE,TRUE,28,28,3.20365444187617e-12,0.0122199041191049,""
1768,"probability",TRUE,NA,NA,NA,NA,NA,""
1768,"original",TRUE,TRUE,28,28,1.03230674327999e-12,0.0124683218208849,""
1768,"capped",TRUE,TRUE,28,28,5.38134896121325e-13,0.0124110941980999,""
1769,"probability",TRUE,NA,NA,NA,NA,NA,""
1769,"original",TRUE,TRUE,28,28,4.60145773330116e-11,0.0119253558497978,""
1769,"capped",TRUE,TRUE,28,28,1.36986267210057e-12,0.0114100048051214,""
1770,"probability",TRUE,NA,NA,NA,NA,NA,""
1770,"original",TRUE,TRUE,28,28,1.97176396813833e-11,0.012165211996708,""
1770,"capped",TRUE,TRUE,28,28,1.36416699886059e-12,0.0118055034158586,""
1771,"probability",TRUE,NA,NA,NA,NA,NA,""
1771,"original",TRUE,TRUE,28,28,3.53869674664071e-12,0.0116603273334622,""
1771,"capped",TRUE,TRUE,28,28,4.5748068679756e-13,0.0116847059082451,""
1772,"probability",TRUE,NA,NA,NA,NA,NA,""
1772,"original",TRUE,TRUE,28,28,1.69552256011901e-11,0.0109944561271483,""
1772,"capped",TRUE,TRUE,28,28,1.19637081863697e-12,0.010693511809759,""
1773,"probability",TRUE,NA,NA,NA,NA,NA,""
1773,"original",TRUE,TRUE,28,28,1.27043471832692e-12,0.0111438804672878,""
1773,"capped",TRUE,TRUE,28,28,4.06629483048847e-13,0.0110846613086225,""
1774,"probability",TRUE,NA,NA,NA,NA,NA,""
1774,"original",TRUE,TRUE,28,28,4.52862377543854e-16,0.0116840975346702,""
1774,"capped",TRUE,TRUE,28,28,1.63192173267509e-12,0.0112078412700527,""
1775,"probability",TRUE,NA,NA,NA,NA,NA,""
1775,"original",TRUE,TRUE,28,28,7.62248541361848e-12,0.0115585726239118,""
1775,"capped",TRUE,TRUE,28,28,3.10099646613004e-13,0.0112119070346949,""
1776,"probability",TRUE,NA,NA,NA,NA,NA,""
1776,"original",TRUE,TRUE,28,28,1.67777593139854e-11,0.0130267389529999,""
1776,"capped",TRUE,TRUE,28,28,5.54130890107764e-12,0.0126767022658015,""
1777,"probability",TRUE,NA,NA,NA,NA,NA,""
1777,"original",TRUE,TRUE,28,28,1.15109221835212e-12,0.0110481306436801,""
1777,"capped",TRUE,TRUE,28,28,1.05387598850779e-12,0.0110076807673534,""
1778,"probability",TRUE,NA,NA,NA,NA,NA,""
1778,"original",TRUE,TRUE,28,28,9.66563121683997e-16,0.0129940740025211,""
1778,"capped",TRUE,TRUE,28,28,4.55374614738941e-12,0.0123506214076763,""
1779,"probability",TRUE,NA,NA,NA,NA,NA,""
1779,"original",TRUE,TRUE,28,28,1.30381473605809e-11,0.0115893583806425,""
1779,"capped",TRUE,TRUE,28,28,3.36821562320081e-12,0.0111920153305521,""
1780,"probability",TRUE,NA,NA,NA,NA,NA,""
1780,"original",TRUE,TRUE,28,28,1.82666525125542e-11,0.010833375877431,""
1780,"capped",TRUE,TRUE,28,28,7.07431781563077e-13,0.010433579467403,""
1781,"probability",TRUE,NA,NA,NA,NA,NA,""
1781,"original",TRUE,TRUE,28,28,1.13783195225409e-15,0.0132057131115527,""
1781,"capped",TRUE,TRUE,28,28,6.91587350745947e-12,0.0127348645378841,""
1782,"probability",TRUE,NA,NA,NA,NA,NA,""
1782,"original",TRUE,TRUE,28,28,6.10797649622085e-11,0.0115117602568022,""
1782,"capped",TRUE,TRUE,28,28,1.30999886292982e-12,0.0110646928352029,""
1783,"probability",TRUE,NA,NA,NA,NA,NA,""
1783,"original",TRUE,TRUE,28,28,1.95474888890652e-15,0.0132874229588357,""
1783,"capped",TRUE,TRUE,28,28,3.80664523068646e-12,0.0127425110791391,""
1784,"probability",TRUE,NA,NA,NA,NA,NA,""
1784,"original",TRUE,TRUE,28,28,9.20448860452352e-12,0.0127268371706085,""
1784,"capped",TRUE,TRUE,28,28,5.2486506755775e-13,0.0122482336298296,""
1785,"probability",TRUE,NA,NA,NA,NA,NA,""
1785,"original",TRUE,TRUE,28,28,1.58983825710673e-11,0.0131418447519472,""
1785,"capped",TRUE,TRUE,28,28,8.98997892170911e-13,0.012781798673524,""
1786,"probability",TRUE,NA,NA,NA,NA,NA,""
1786,"original",TRUE,TRUE,28,28,2.13990207785892e-12,0.0112242916296435,""
1786,"capped",TRUE,TRUE,28,28,9.23045287416287e-14,0.0111674123803452,""
1787,"probability",TRUE,NA,NA,NA,NA,NA,""
1787,"original",TRUE,TRUE,28,28,9.80314697061528e-12,0.0113737024358664,""
1787,"capped",TRUE,TRUE,28,28,1.00292358475088e-12,0.0109615221497251,""
1788,"probability",TRUE,NA,NA,NA,NA,NA,""
1788,"original",TRUE,TRUE,28,28,7.40656068788481e-12,0.0123936088945447,""
1788,"capped",TRUE,TRUE,28,28,9.66807540549909e-13,0.01189544819763,""
1789,"probability",TRUE,NA,NA,NA,NA,NA,""
1789,"original",TRUE,TRUE,28,28,2.05464539085604e-11,0.0115007651138164,""
1789,"capped",TRUE,TRUE,28,28,6.45518464408574e-13,0.0111915501628936,""
1790,"probability",TRUE,NA,NA,NA,NA,NA,""
1790,"original",TRUE,TRUE,28,28,1.38984968804998e-11,0.0123484146969055,""
1790,"capped",TRUE,TRUE,28,28,7.93397096786697e-13,0.0120827463510147,""
1791,"probability",TRUE,NA,NA,NA,NA,NA,""
1791,"original",TRUE,TRUE,28,28,6.99758953892776e-13,0.0119953530885784,""
1791,"capped",TRUE,TRUE,28,28,9.63051980120976e-13,0.0119427287490953,""
1792,"probability",TRUE,NA,NA,NA,NA,NA,""
1792,"original",TRUE,TRUE,28,28,1.24055262658664e-12,0.0124639140972868,""
1792,"capped",TRUE,TRUE,28,28,1.1113207969222e-12,0.0125056707156115,""
1793,"probability",TRUE,NA,NA,NA,NA,NA,""
1793,"original",TRUE,TRUE,28,28,1.61285360351037e-11,0.0115365896424804,""
1793,"capped",TRUE,TRUE,28,28,4.93317844945174e-13,0.0112117718820425,""
1794,"probability",TRUE,NA,NA,NA,NA,NA,""
1794,"original",TRUE,TRUE,28,28,3.47344375860127e-11,0.0122658295335004,""
1794,"capped",TRUE,TRUE,28,28,1.29607646399191e-13,0.0114432669603565,""
1795,"probability",TRUE,NA,NA,NA,NA,NA,""
1795,"original",TRUE,TRUE,28,28,1.86563880810385e-13,0.0111413909478606,""
1795,"capped",TRUE,TRUE,28,28,1.10927494235844e-12,0.011026146864002,""
1796,"probability",TRUE,NA,NA,NA,NA,NA,""
1796,"original",TRUE,TRUE,28,28,2.13022919885127e-11,0.0116722805712358,""
1796,"capped",TRUE,TRUE,28,28,1.65447511293542e-12,0.0111928755977721,""
1797,"probability",TRUE,NA,NA,NA,NA,NA,""
1797,"original",TRUE,TRUE,28,28,3.74295723750317e-11,0.0121598789515702,""
1797,"capped",TRUE,TRUE,28,28,1.25165333027611e-12,0.0118382178493964,""
1798,"probability",TRUE,NA,NA,NA,NA,NA,""
1798,"original",TRUE,TRUE,28,28,1.6148381995012e-11,0.0123098220581326,""
1798,"capped",TRUE,TRUE,28,28,4.57095975439336e-12,0.0118722564311037,""
1799,"probability",TRUE,NA,NA,NA,NA,NA,""
1799,"original",TRUE,TRUE,28,28,1.19582088104457e-11,0.0117500311942075,""
1799,"capped",TRUE,TRUE,28,28,1.21006150374574e-12,0.0114406822306579,""
1800,"probability",TRUE,NA,NA,NA,NA,NA,""
1800,"original",TRUE,TRUE,28,28,7.22438156153147e-12,0.0117760218838191,""
1800,"capped",TRUE,TRUE,28,28,2.03798348984021e-13,0.0112424087610333,""
1801,"probability",TRUE,NA,NA,NA,NA,NA,""
1801,"original",TRUE,TRUE,28,28,7.9787444674208e-13,0.0112834700857759,""
1801,"capped",TRUE,TRUE,28,28,5.96664261662067e-13,0.0112782881258945,""
1802,"probability",TRUE,NA,NA,NA,NA,NA,""
1802,"original",TRUE,TRUE,28,28,5.30622623041176e-11,0.0133102516775465,""
1802,"capped",TRUE,TRUE,28,28,2.83701632652803e-12,0.0126593134062567,""
1803,"probability",TRUE,NA,NA,NA,NA,NA,""
1803,"original",TRUE,TRUE,28,28,1.32719657368384e-11,0.0114758870711402,""
1803,"capped",TRUE,TRUE,28,28,1.32734465191427e-13,0.0111610104153301,""
1804,"probability",TRUE,NA,NA,NA,NA,NA,""
1804,"original",TRUE,TRUE,28,28,2.05907582552585e-12,0.0132831848962288,""
1804,"capped",TRUE,TRUE,28,28,6.0578834674532e-13,0.0131147308059526,""
1805,"probability",TRUE,NA,NA,NA,NA,NA,""
1805,"original",TRUE,TRUE,28,28,7.74659685653007e-12,0.0125184500586359,""
1805,"capped",TRUE,TRUE,28,28,8.86142498045437e-13,0.0118922677776618,""
1806,"probability",TRUE,NA,NA,NA,NA,NA,""
1806,"original",TRUE,TRUE,28,28,7.45408941694892e-13,0.0120401771578016,""
1806,"capped",TRUE,TRUE,28,28,7.34002154449585e-13,0.0119620819250143,""
1807,"probability",TRUE,NA,NA,NA,NA,NA,""
1807,"original",TRUE,TRUE,28,28,1.29907891986397e-11,0.0133882912539324,""
1807,"capped",TRUE,TRUE,28,28,8.2853567328988e-13,0.0129702930786244,""
1808,"probability",TRUE,NA,NA,NA,NA,NA,""
1808,"original",TRUE,TRUE,28,28,1.2569166819995e-11,0.012120461873988,""
1808,"capped",TRUE,TRUE,28,28,9.79803493466408e-13,0.0116999411360154,""
1809,"probability",TRUE,NA,NA,NA,NA,NA,""
1809,"original",TRUE,TRUE,28,28,3.52882710868651e-13,0.0117737713762517,""
1809,"capped",TRUE,TRUE,28,28,1.02325377780152e-12,0.0116752342109409,""
1810,"probability",TRUE,NA,NA,NA,NA,NA,""
1810,"original",TRUE,TRUE,28,28,3.82993315858372e-12,0.0119963352652931,""
1810,"capped",TRUE,TRUE,28,28,1.98099702580754e-13,0.0115333463016274,""
1811,"probability",TRUE,NA,NA,NA,NA,NA,""
1811,"original",TRUE,TRUE,28,28,8.1586417812525e-12,0.011339347302067,""
1811,"capped",TRUE,TRUE,28,28,6.49499002080097e-12,0.0112397811177455,""
1812,"probability",TRUE,NA,NA,NA,NA,NA,""
1812,"original",TRUE,TRUE,28,28,8.85193341935039e-12,0.0126050323231064,""
1812,"capped",TRUE,TRUE,28,28,3.43991301172754e-13,0.0122837414324288,""
1813,"probability",TRUE,NA,NA,NA,NA,NA,""
1813,"original",TRUE,TRUE,28,28,8.37440672650221e-16,0.0123347818465887,""
1813,"capped",TRUE,TRUE,28,28,9.29538044177569e-13,0.0119756661303137,""
1814,"probability",TRUE,NA,NA,NA,NA,NA,""
1814,"original",TRUE,TRUE,28,28,1.67564116593501e-12,0.0122822491412818,""
1814,"capped",TRUE,TRUE,28,28,5.38652025832778e-13,0.0122769510416348,""
1815,"probability",TRUE,NA,NA,NA,NA,NA,""
1815,"original",TRUE,TRUE,28,28,3.546567049085e-16,0.0124760240830686,""
1815,"capped",TRUE,TRUE,28,28,4.85943334937026e-13,0.011842127238744,""
1816,"probability",TRUE,NA,NA,NA,NA,NA,""
1816,"original",TRUE,TRUE,28,28,1.86613353081054e-11,0.0117980057104972,""
1816,"capped",TRUE,TRUE,28,28,7.45584232735536e-13,0.0114106935338494,""
1817,"probability",TRUE,NA,NA,NA,NA,NA,""
1817,"original",TRUE,TRUE,28,28,6.68425053606035e-13,0.0119267688923779,""
1817,"capped",TRUE,TRUE,28,28,2.91531271899933e-12,0.0119114542340923,""
1818,"probability",TRUE,NA,NA,NA,NA,NA,""
1818,"original",TRUE,TRUE,28,28,7.21963238927139e-12,0.0124383280655097,""
1818,"capped",TRUE,TRUE,28,28,2.04094506785924e-12,0.0121394474789639,""
1819,"probability",TRUE,NA,NA,NA,NA,NA,""
1819,"original",TRUE,TRUE,28,28,8.02271018650246e-16,0.0122116422015693,""
1819,"capped",TRUE,TRUE,28,28,4.59948381001835e-12,0.0115496778569794,""
1820,"probability",TRUE,NA,NA,NA,NA,NA,""
1820,"original",TRUE,TRUE,28,28,1.71617584944145e-12,0.0113224107002433,""
1820,"capped",TRUE,TRUE,28,28,3.25829076200636e-12,0.011398504835896,""
1821,"probability",TRUE,NA,NA,NA,NA,NA,""
1821,"original",TRUE,TRUE,28,28,5.92244373271496e-11,0.0125707800453036,""
1821,"capped",TRUE,TRUE,28,28,1.15461840696788e-12,0.012163548691439,""
1822,"probability",TRUE,NA,NA,NA,NA,NA,""
1822,"original",TRUE,TRUE,28,28,4.71292873223844e-13,0.0114556393695122,""
1822,"capped",TRUE,TRUE,28,28,4.56121647027427e-13,0.0114722701643844,""
1823,"probability",TRUE,NA,NA,NA,NA,NA,""
1823,"original",TRUE,TRUE,28,28,1.0185973401044e-11,0.0123918888825736,""
1823,"capped",TRUE,TRUE,28,28,5.66197793095638e-13,0.0121006110120688,""
1824,"probability",TRUE,NA,NA,NA,NA,NA,""
1824,"original",TRUE,TRUE,28,28,5.97627715929113e-12,0.0122682159704464,""
1824,"capped",TRUE,TRUE,28,28,9.37437393205299e-13,0.0118094798696427,""
1825,"probability",TRUE,NA,NA,NA,NA,NA,""
1825,"original",TRUE,TRUE,28,28,4.20861271819012e-11,0.0118102071497265,""
1825,"capped",TRUE,TRUE,28,28,4.48509293197016e-13,0.011444430183725,""
1826,"probability",TRUE,NA,NA,NA,NA,NA,""
1826,"original",TRUE,TRUE,28,28,4.77749857866017e-11,0.0127690253103161,""
1826,"capped",TRUE,TRUE,28,28,4.25286595538197e-13,0.012191792413463,""
1827,"probability",TRUE,NA,NA,NA,NA,NA,""
1827,"original",TRUE,TRUE,28,28,9.27532306244502e-16,0.0120959302097843,""
1827,"capped",TRUE,TRUE,28,28,2.72432608082732e-12,0.0114775344843312,""
1828,"probability",TRUE,NA,NA,NA,NA,NA,""
1828,"original",TRUE,TRUE,28,28,2.12432436535647e-11,0.0117996505410187,""
1828,"capped",TRUE,TRUE,28,28,1.96061727352572e-12,0.0114609523494215,""
1829,"probability",TRUE,NA,NA,NA,NA,NA,""
1829,"original",TRUE,TRUE,28,28,1.2121045134461e-11,0.0130661065031337,""
1829,"capped",TRUE,TRUE,28,28,1.41179941678061e-12,0.0127057982634201,""
1830,"probability",TRUE,NA,NA,NA,NA,NA,""
1830,"original",TRUE,TRUE,28,28,1.94846295155921e-12,0.0117600296258406,""
1830,"capped",TRUE,TRUE,28,28,2.530465712625e-12,0.0117166834270696,""
1831,"probability",TRUE,NA,NA,NA,NA,NA,""
1831,"original",TRUE,TRUE,28,28,1.26963341158803e-11,0.0124209855027713,""
1831,"capped",TRUE,TRUE,28,28,2.09695282092618e-12,0.0121860882406752,""
1832,"probability",TRUE,NA,NA,NA,NA,NA,""
1832,"original",TRUE,TRUE,28,28,1.26732085110138e-15,0.0126822550049389,""
1832,"capped",TRUE,TRUE,28,28,3.02948674134954e-12,0.0121173692396179,""
1833,"probability",TRUE,NA,NA,NA,NA,NA,""
1833,"original",TRUE,TRUE,28,28,6.03759411190707e-11,0.0123771924021967,""
1833,"capped",TRUE,TRUE,28,28,3.00331625382713e-12,0.0118416425835004,""
1834,"probability",TRUE,NA,NA,NA,NA,NA,""
1834,"original",TRUE,TRUE,28,28,5.95715422334677e-12,0.0124001143030081,""
1834,"capped",TRUE,TRUE,28,28,1.04120315768235e-12,0.0123353828598883,""
1835,"probability",TRUE,NA,NA,NA,NA,NA,""
1835,"original",TRUE,TRUE,28,28,4.58437629571049e-16,0.0122697798852851,""
1835,"capped",TRUE,TRUE,28,28,6.71684480339377e-13,0.0117573954970523,""
1836,"probability",TRUE,NA,NA,NA,NA,NA,""
1836,"original",TRUE,TRUE,28,28,9.91113930843176e-12,0.012090561048137,""
1836,"capped",TRUE,TRUE,28,28,2.60838416956346e-12,0.0116583631265987,""
1837,"probability",TRUE,NA,NA,NA,NA,NA,""
1837,"original",TRUE,TRUE,28,28,2.83231585432872e-11,0.0140206635190431,""
1837,"capped",TRUE,TRUE,28,28,3.99404188601839e-12,0.0137673402366276,""
1838,"probability",TRUE,NA,NA,NA,NA,NA,""
1838,"original",TRUE,TRUE,28,28,5.48564802269132e-12,0.0114482504843596,""
1838,"capped",TRUE,TRUE,28,28,1.35974728121795e-13,0.0113839434851942,""
1839,"probability",TRUE,NA,NA,NA,NA,NA,""
1839,"original",TRUE,TRUE,28,28,3.23370750024809e-11,0.0124838432990533,""
1839,"capped",TRUE,TRUE,28,28,3.04665317977603e-12,0.0121140943540644,""
1840,"probability",TRUE,NA,NA,NA,NA,NA,""
1840,"original",TRUE,TRUE,28,28,6.47390088647634e-12,0.0128657203824369,""
1840,"capped",TRUE,TRUE,28,28,3.43929326338038e-12,0.0129387859836471,""
1841,"probability",TRUE,NA,NA,NA,NA,NA,""
1841,"original",TRUE,TRUE,28,28,7.90911340974377e-11,0.012182072844265,""
1841,"capped",TRUE,TRUE,28,28,5.34936816353772e-13,0.0118354416279854,""
1842,"probability",TRUE,NA,NA,NA,NA,NA,""
1842,"original",TRUE,TRUE,28,28,4.67042681474784e-11,0.0122144319023487,""
1842,"capped",TRUE,TRUE,28,28,3.58058541594022e-12,0.0117751409739508,""
1843,"probability",TRUE,NA,NA,NA,NA,NA,""
1843,"original",TRUE,TRUE,28,28,7.99434182346816e-12,0.0117259122142576,""
1843,"capped",TRUE,TRUE,28,28,4.20843988647658e-13,0.0116641628510869,""
1844,"probability",TRUE,NA,NA,NA,NA,NA,""
1844,"original",TRUE,TRUE,28,28,2.08143550653949e-11,0.0124173828939522,""
1844,"capped",TRUE,TRUE,28,28,4.67306912801385e-13,0.0119924690294688,""
1845,"probability",TRUE,NA,NA,NA,NA,NA,""
1845,"original",TRUE,TRUE,28,28,6.4329771193713e-12,0.0117014859971861,""
1845,"capped",TRUE,TRUE,28,28,2.32031980517423e-13,0.0112658960263871,""
1846,"probability",TRUE,NA,NA,NA,NA,NA,""
1846,"original",TRUE,TRUE,28,28,2.80154656627561e-11,0.0125162593475395,""
1846,"capped",TRUE,TRUE,28,28,4.48444804562351e-13,0.0119634312005001,""
1847,"probability",TRUE,NA,NA,NA,NA,NA,""
1847,"original",TRUE,TRUE,28,28,9.53029492018513e-13,0.0119208765197509,""
1847,"capped",TRUE,TRUE,28,28,3.44384748653568e-12,0.0117877351454587,""
1848,"probability",TRUE,NA,NA,NA,NA,NA,""
1848,"original",TRUE,TRUE,28,28,1.10555581783317e-12,0.0125124566195352,""
1848,"capped",TRUE,TRUE,28,28,4.99990157043458e-12,0.0124723558362958,""
1849,"probability",TRUE,NA,NA,NA,NA,NA,""
1849,"original",TRUE,TRUE,28,28,1.35997070106749e-15,0.0129595021553502,""
1849,"capped",TRUE,TRUE,28,28,4.20960598470856e-13,0.0124315337832816,""
1850,"probability",TRUE,NA,NA,NA,NA,NA,""
1850,"original",TRUE,TRUE,28,28,2.23579176455372e-12,0.0114332182269765,""
1850,"capped",TRUE,TRUE,28,28,1.51998291242312e-12,0.0113225344451685,""
1851,"probability",TRUE,NA,NA,NA,NA,NA,""
1851,"original",TRUE,TRUE,28,28,7.38026714662688e-13,0.0111275483658532,""
1851,"capped",TRUE,TRUE,28,28,1.33103011979008e-12,0.0111368457466404,""
1852,"probability",TRUE,NA,NA,NA,NA,NA,""
1852,"original",TRUE,TRUE,28,28,4.57988330230738e-12,0.0120517598296518,""
1852,"capped",TRUE,TRUE,28,28,2.10498052187958e-12,0.0115535696496232,""
1853,"probability",TRUE,NA,NA,NA,NA,NA,""
1853,"original",TRUE,TRUE,28,28,1.8443571892067e-11,0.0122290044233694,""
1853,"capped",TRUE,TRUE,28,28,1.91978622649094e-12,0.0117450098671089,""
1854,"probability",TRUE,NA,NA,NA,NA,NA,""
1854,"original",TRUE,TRUE,28,28,2.55112789081886e-14,0.0127786579688271,""
1854,"capped",TRUE,TRUE,28,28,4.10599044543811e-12,0.0124054321312381,""
1855,"probability",TRUE,NA,NA,NA,NA,NA,""
1855,"original",TRUE,TRUE,28,28,8.27518327855259e-11,0.011331052389911,""
1855,"capped",TRUE,TRUE,28,28,2.14427129077178e-12,0.0109192504278674,""
1856,"probability",TRUE,NA,NA,NA,NA,NA,""
1856,"original",TRUE,TRUE,28,28,1.1943468661542e-11,0.0125679457570283,""
1856,"capped",TRUE,TRUE,28,28,2.99322538579154e-12,0.0122677599986168,""
1857,"probability",TRUE,NA,NA,NA,NA,NA,""
1857,"original",TRUE,TRUE,28,28,7.99816732982112e-16,0.012153721176338,""
1857,"capped",TRUE,TRUE,28,28,3.61336425584328e-13,0.0116335789828202,""
1858,"probability",TRUE,NA,NA,NA,NA,NA,""
1858,"original",TRUE,TRUE,28,28,6.46695438951452e-16,0.0115318606449989,""
1858,"capped",TRUE,TRUE,28,28,1.78764053237909e-12,0.0110826927121355,""
1859,"probability",TRUE,NA,NA,NA,NA,NA,""
1859,"original",TRUE,TRUE,28,28,1.80533358481759e-12,0.0119988258973253,""
1859,"capped",TRUE,TRUE,28,28,1.7953252263521e-13,0.0118398834266585,""
1860,"probability",TRUE,NA,NA,NA,NA,NA,""
1860,"original",TRUE,TRUE,28,28,4.62043089297017e-11,0.0119277127484136,""
1860,"capped",TRUE,TRUE,28,28,7.56805334071497e-13,0.0115442623560863,""
1861,"probability",TRUE,NA,NA,NA,NA,NA,""
1861,"original",TRUE,TRUE,28,28,1.18737184438501e-11,0.0125083081611284,""
1861,"capped",TRUE,TRUE,28,28,1.72607798269354e-12,0.0120972029225023,""
1862,"probability",TRUE,NA,NA,NA,NA,NA,""
1862,"original",TRUE,TRUE,28,28,1.15249868041526e-12,0.0102837516286342,""
1862,"capped",TRUE,TRUE,28,28,3.43376531507273e-13,0.0101164815329969,""
1863,"probability",TRUE,NA,NA,NA,NA,NA,""
1863,"original",TRUE,TRUE,28,28,2.29180598512934e-12,0.0111489503912624,""
1863,"capped",TRUE,TRUE,28,28,5.44577836258255e-13,0.0110123884178533,""
1864,"probability",TRUE,NA,NA,NA,NA,NA,""
1864,"original",TRUE,TRUE,28,28,4.00078247767633e-11,0.0130658284408568,""
1864,"capped",TRUE,TRUE,28,28,1.40725208883968e-12,0.0122934235457135,""
1865,"probability",TRUE,NA,NA,NA,NA,NA,""
1865,"original",TRUE,TRUE,28,28,1.64173390222466e-11,0.0121111004618908,""
1865,"capped",TRUE,TRUE,28,28,2.26986107919716e-12,0.0117433361707632,""
1866,"probability",TRUE,NA,NA,NA,NA,NA,""
1866,"original",TRUE,TRUE,28,28,3.61070855427769e-12,0.0126065620880992,""
1866,"capped",TRUE,TRUE,28,28,1.90567566299678e-12,0.0125320056812694,""
1867,"probability",TRUE,NA,NA,NA,NA,NA,""
1867,"original",TRUE,TRUE,28,28,2.13266973452818e-12,0.0117111578719519,""
1867,"capped",TRUE,TRUE,28,28,9.9194706471382e-13,0.0115829675686183,""
1868,"probability",TRUE,NA,NA,NA,NA,NA,""
1868,"original",TRUE,TRUE,28,28,2.32054917570743e-11,0.0132919575135716,""
1868,"capped",TRUE,TRUE,28,28,1.96476540407238e-12,0.0129377828371545,""
1869,"probability",TRUE,NA,NA,NA,NA,NA,""
1869,"original",TRUE,TRUE,28,28,9.37455386059965e-13,0.0118755506964658,""
1869,"capped",TRUE,TRUE,28,28,2.25129731995936e-13,0.0117870969609053,""
1870,"probability",TRUE,NA,NA,NA,NA,NA,""
1870,"original",TRUE,TRUE,28,28,2.73906488392644e-11,0.0133534774643782,""
1870,"capped",TRUE,TRUE,28,28,2.9292786115906e-12,0.0126862096219192,""
1871,"probability",TRUE,NA,NA,NA,NA,NA,""
1871,"original",TRUE,TRUE,28,28,9.66007476645824e-13,0.0122812093196854,""
1871,"capped",TRUE,TRUE,28,28,1.97258071077798e-12,0.0122425703881353,""
1872,"probability",TRUE,NA,NA,NA,NA,NA,""
1872,"original",TRUE,TRUE,28,28,9.82353849170749e-11,0.0132262896598585,""
1872,"capped",TRUE,TRUE,28,28,1.38757943150039e-12,0.0126644194610919,""
1873,"probability",TRUE,NA,NA,NA,NA,NA,""
1873,"original",TRUE,TRUE,28,28,1.4416583466256e-11,0.0120042625881244,""
1873,"capped",TRUE,TRUE,28,28,1.54319870987832e-12,0.0117600112927822,""
1874,"probability",TRUE,NA,NA,NA,NA,NA,""
1874,"original",TRUE,TRUE,28,28,8.42091092568918e-13,0.0116898804923321,""
1874,"capped",TRUE,TRUE,28,28,3.127458748023e-12,0.0116944252634009,""
1875,"probability",TRUE,NA,NA,NA,NA,NA,""
1875,"original",TRUE,TRUE,28,28,1.8933187666061e-11,0.0121041918555159,""
1875,"capped",TRUE,TRUE,28,28,9.7049877647186e-13,0.011612844931808,""
1876,"probability",TRUE,NA,NA,NA,NA,NA,""
1876,"original",TRUE,TRUE,28,28,4.84632743083958e-12,0.0126986284696751,""
1876,"capped",TRUE,TRUE,28,28,3.26316692805872e-12,0.01236662545865,""
1877,"probability",TRUE,NA,NA,NA,NA,NA,""
1877,"original",TRUE,TRUE,28,28,4.4904986278848e-16,0.0127890392139162,""
1877,"capped",TRUE,TRUE,28,28,1.53495412921243e-12,0.012081857769237,""
1878,"probability",TRUE,NA,NA,NA,NA,NA,""
1878,"original",TRUE,TRUE,28,28,2.95924524268591e-12,0.0112315792359331,""
1878,"capped",TRUE,TRUE,28,28,2.6116271798455e-12,0.0108927754996326,""
1879,"probability",TRUE,NA,NA,NA,NA,NA,""
1879,"original",TRUE,TRUE,28,28,1.62565202726855e-12,0.0118930562461373,""
1879,"capped",TRUE,TRUE,28,28,7.38641866744161e-13,0.0118292266924844,""
1880,"probability",TRUE,NA,NA,NA,NA,NA,""
1880,"original",TRUE,TRUE,28,28,2.12921173181605e-12,0.0120182216820907,""
1880,"capped",TRUE,TRUE,28,28,3.52657642346729e-13,0.0119599557869771,""
1881,"probability",TRUE,NA,NA,NA,NA,NA,""
1881,"original",TRUE,TRUE,28,28,2.08640621973846e-15,0.011732671381938,""
1881,"capped",TRUE,TRUE,28,28,3.43335705695592e-13,0.0111503503261991,""
1882,"probability",TRUE,NA,NA,NA,NA,NA,""
1882,"original",TRUE,TRUE,28,28,2.71021372757162e-12,0.011408881151951,""
1882,"capped",TRUE,TRUE,28,28,2.38924025815861e-12,0.0113812411808622,""
1883,"probability",TRUE,NA,NA,NA,NA,NA,""
1883,"original",TRUE,TRUE,28,28,1.66215005306369e-11,0.0117612890118358,""
1883,"capped",TRUE,TRUE,28,28,8.68221143221408e-13,0.0111749078905111,""
1884,"probability",TRUE,NA,NA,NA,NA,NA,""
1884,"original",TRUE,TRUE,28,28,1.63559283216799e-12,0.0118561067632131,""
1884,"capped",TRUE,TRUE,28,28,7.01991236243202e-13,0.0117165342781413,""
1885,"probability",TRUE,NA,NA,NA,NA,NA,""
1885,"original",TRUE,TRUE,28,28,6.99774065179834e-16,0.0123539004604676,""
1885,"capped",TRUE,TRUE,28,28,8.76293120233466e-13,0.0118447465403029,""
1886,"probability",TRUE,NA,NA,NA,NA,NA,""
1886,"original",TRUE,TRUE,28,28,9.97495608807524e-11,0.0115744989286194,""
1886,"capped",TRUE,TRUE,28,28,8.23742129324599e-13,0.011075195344059,""
1887,"probability",TRUE,NA,NA,NA,NA,NA,""
1887,"original",TRUE,TRUE,28,28,1.20458508672807e-11,0.0116087131345194,""
1887,"capped",TRUE,TRUE,28,28,4.40294645608302e-13,0.0110330200097264,""
1888,"probability",TRUE,NA,NA,NA,NA,NA,""
1888,"original",TRUE,TRUE,28,28,5.915473958071e-11,0.0118012480275763,""
1888,"capped",TRUE,TRUE,28,28,1.9204085742094e-12,0.0113741615537638,""
1889,"probability",TRUE,NA,NA,NA,NA,NA,""
1889,"original",TRUE,TRUE,28,28,2.03900753328184e-12,0.0110907887223879,""
1889,"capped",TRUE,TRUE,28,28,1.98438018096611e-12,0.0109000592675656,""
1890,"probability",TRUE,NA,NA,NA,NA,NA,""
1890,"original",TRUE,TRUE,28,28,8.367001371935e-12,0.0114974534788678,""
1890,"capped",TRUE,TRUE,28,28,7.95380506028115e-13,0.011211361602227,""
1891,"probability",TRUE,NA,NA,NA,NA,NA,""
1891,"original",TRUE,TRUE,28,28,1.22489373221988e-12,0.0116366716458276,""
1891,"capped",TRUE,TRUE,28,28,2.96410398052843e-13,0.0114771597645708,""
1892,"probability",TRUE,NA,NA,NA,NA,NA,""
1892,"original",TRUE,TRUE,28,28,4.81567268653588e-12,0.0119346177151128,""
1892,"capped",TRUE,TRUE,28,28,2.88593040624448e-12,0.0118895519467747,""
1893,"probability",TRUE,NA,NA,NA,NA,NA,""
1893,"original",TRUE,TRUE,28,28,1.18131441534115e-12,0.0117440221433469,""
1893,"capped",TRUE,TRUE,28,28,2.57993322942924e-13,0.0117678165021794,""
1894,"probability",TRUE,NA,NA,NA,NA,NA,""
1894,"original",TRUE,TRUE,28,28,1.1437255505156e-11,0.0102784177490735,""
1894,"capped",TRUE,TRUE,28,28,1.63331350053505e-12,0.00999685056381503,""
1895,"probability",TRUE,NA,NA,NA,NA,NA,""
1895,"original",TRUE,TRUE,28,28,8.17513504083311e-16,0.0121138392173512,""
1895,"capped",TRUE,TRUE,28,28,9.45189250636797e-13,0.0116069041594378,""
1896,"probability",TRUE,NA,NA,NA,NA,NA,""
1896,"original",TRUE,TRUE,28,28,6.43416493643651e-11,0.0127524193816239,""
1896,"capped",TRUE,TRUE,28,28,2.31285402519512e-12,0.0122966422666681,""
1897,"probability",TRUE,NA,NA,NA,NA,NA,""
1897,"original",TRUE,TRUE,28,28,4.7701604865426e-11,0.0113583273494047,""
1897,"capped",TRUE,TRUE,28,28,6.21325881161117e-13,0.0109102211907229,""
1898,"probability",TRUE,NA,NA,NA,NA,NA,""
1898,"original",TRUE,TRUE,28,28,1.66764873135203e-11,0.011366066979784,""
1898,"capped",TRUE,TRUE,28,28,7.86535667580286e-13,0.0109441606130017,""
1899,"probability",TRUE,NA,NA,NA,NA,NA,""
1899,"original",TRUE,TRUE,28,28,9.11871853668164e-16,0.0127552607705982,""
1899,"capped",TRUE,TRUE,28,28,2.49279885744886e-12,0.0122792265231292,""
1900,"probability",TRUE,NA,NA,NA,NA,NA,""
1900,"original",TRUE,TRUE,28,28,2.1430507954526e-11,0.0125300607768261,""
1900,"capped",TRUE,TRUE,28,28,4.32784332415602e-12,0.012076458207115,""
1901,"probability",TRUE,NA,NA,NA,NA,NA,""
1901,"original",TRUE,TRUE,28,28,1.85064373544306e-11,0.0112169226206058,""
1901,"capped",TRUE,TRUE,28,28,3.55280342939203e-13,0.0108303985707939,""
1902,"probability",TRUE,NA,NA,NA,NA,NA,""
1902,"original",TRUE,TRUE,28,28,6.59422784002204e-12,0.011900289525823,""
1902,"capped",TRUE,TRUE,28,28,1.14858823330134e-12,0.0116587074137938,""
1903,"probability",TRUE,NA,NA,NA,NA,NA,""
1903,"original",TRUE,TRUE,28,28,1.22028428654134e-11,0.0109048984954439,""
1903,"capped",TRUE,TRUE,28,28,3.91031471952333e-13,0.0107171374890925,""
1904,"probability",TRUE,NA,NA,NA,NA,NA,""
1904,"original",TRUE,TRUE,28,28,1.24908429318878e-11,0.0113449482033244,""
1904,"capped",TRUE,TRUE,28,28,8.04616979104883e-13,0.0110885836050581,""
1905,"probability",TRUE,NA,NA,NA,NA,NA,""
1905,"original",TRUE,TRUE,28,28,1.27189175806392e-11,0.0120830081358917,""
1905,"capped",TRUE,TRUE,28,28,8.48886279254259e-13,0.0117268016297528,""
1906,"probability",TRUE,NA,NA,NA,NA,NA,""
1906,"original",TRUE,TRUE,28,28,1.43140558973437e-11,0.0124030609703288,""
1906,"capped",TRUE,TRUE,28,28,1.4702303756581e-12,0.0120886681085076,""
1907,"probability",TRUE,NA,NA,NA,NA,NA,""
1907,"original",TRUE,TRUE,28,28,1.58722887256608e-15,0.0121374040889327,""
1907,"capped",TRUE,TRUE,28,28,1.29203678128683e-12,0.0116828425796046,""
1908,"probability",TRUE,NA,NA,NA,NA,NA,""
1908,"original",TRUE,TRUE,28,28,2.06485509899557e-12,0.0116807294259891,""
1908,"capped",TRUE,TRUE,28,28,1.18595562710102e-13,0.0115630686612426,""
1909,"probability",TRUE,NA,NA,NA,NA,NA,""
1909,"original",TRUE,TRUE,28,28,7.29489495267183e-12,0.0112871554563969,""
1909,"capped",TRUE,TRUE,28,28,3.56715205228574e-12,0.011146783256569,""
1910,"probability",TRUE,NA,NA,NA,NA,NA,""
1910,"original",TRUE,TRUE,28,28,1.02663685082129e-11,0.012680938151908,""
1910,"capped",TRUE,TRUE,28,28,1.35859571099465e-12,0.0123483922910162,""
1911,"probability",TRUE,NA,NA,NA,NA,NA,""
1911,"original",TRUE,TRUE,28,28,1.08252616528018e-12,0.0117399669802607,""
1911,"capped",TRUE,TRUE,28,28,2.94556676813885e-13,0.0116993903698394,""
1912,"probability",TRUE,NA,NA,NA,NA,NA,""
1912,"original",TRUE,TRUE,28,28,1.02745125281415e-12,0.0114613698495254,""
1912,"capped",TRUE,TRUE,28,28,3.18354008424103e-13,0.0114277844328364,""
1913,"probability",TRUE,NA,NA,NA,NA,NA,""
1913,"original",TRUE,TRUE,28,28,5.41804104866683e-12,0.0116270241362094,""
1913,"capped",TRUE,TRUE,28,28,1.44253189244265e-12,0.0113166387868512,""
1914,"probability",TRUE,NA,NA,NA,NA,NA,""
1914,"original",TRUE,TRUE,28,28,6.877215713294e-11,0.0117588590919373,""
1914,"capped",TRUE,TRUE,28,28,1.78860314138994e-12,0.0113802608100032,""
1915,"probability",TRUE,NA,NA,NA,NA,NA,""
1915,"original",TRUE,TRUE,28,28,9.2398818728407e-12,0.0118409453059772,""
1915,"capped",TRUE,TRUE,28,28,4.72337565913373e-13,0.011379614169984,""
1916,"probability",TRUE,NA,NA,NA,NA,NA,""
1916,"original",TRUE,TRUE,28,28,1.34103409790707e-11,0.0122692462547317,""
1916,"capped",TRUE,TRUE,28,28,2.68375555324643e-12,0.0118873878798593,""
1917,"probability",TRUE,NA,NA,NA,NA,NA,""
1917,"original",TRUE,TRUE,28,28,4.41835590778524e-12,0.012066149676275,""
1917,"capped",TRUE,TRUE,28,28,1.07156254439107e-12,0.0118690884868874,""
1918,"probability",TRUE,NA,NA,NA,NA,NA,""
1918,"original",TRUE,TRUE,28,28,9.85908576049946e-11,0.0122673428932625,""
1918,"capped",TRUE,TRUE,28,28,7.36515739112103e-13,0.0116404861979872,""
1919,"probability",TRUE,NA,NA,NA,NA,NA,""
1919,"original",TRUE,TRUE,28,28,6.23490791457336e-11,0.0127538633840692,""
1919,"capped",TRUE,TRUE,28,28,8.98522214423285e-13,0.01232554065528,""
1920,"probability",TRUE,NA,NA,NA,NA,NA,""
1920,"original",TRUE,TRUE,28,28,5.00021960572964e-12,0.0124660355975947,""
1920,"capped",TRUE,TRUE,28,28,1.2955454150761e-12,0.0123296074571124,""
1921,"probability",TRUE,NA,NA,NA,NA,NA,""
1921,"original",TRUE,TRUE,28,28,3.04539277552272e-11,0.0119017795074274,""
1921,"capped",TRUE,TRUE,28,28,1.55695907506552e-12,0.0114673829936255,""
1922,"probability",TRUE,NA,NA,NA,NA,NA,""
1922,"original",TRUE,TRUE,28,28,5.02178811938871e-11,0.0126188645765499,""
1922,"capped",TRUE,TRUE,28,28,2.89348151651104e-12,0.0120836549880166,""
1923,"probability",TRUE,NA,NA,NA,NA,NA,""
1923,"original",TRUE,TRUE,28,28,1.12819489815946e-11,0.0128774466725007,""
1923,"capped",TRUE,TRUE,28,28,1.70398175652337e-12,0.0123847956679822,""
1924,"probability",TRUE,NA,NA,NA,NA,NA,""
1924,"original",TRUE,TRUE,28,28,2.64859133545016e-12,0.0113789689756027,""
1924,"capped",TRUE,TRUE,28,28,2.01707144553086e-12,0.0109934203908021,""
1925,"probability",TRUE,NA,NA,NA,NA,NA,""
1925,"original",TRUE,TRUE,28,28,3.44305588983807e-13,0.0113939089395168,""
1925,"capped",TRUE,TRUE,28,28,1.34298444122038e-12,0.0112224040774028,""
1926,"probability",TRUE,NA,NA,NA,NA,NA,""
1926,"original",TRUE,TRUE,28,28,3.96814077234422e-16,0.0128322372269253,""
1926,"capped",TRUE,TRUE,28,28,8.64390425501946e-13,0.0123167384410899,""
1927,"probability",TRUE,NA,NA,NA,NA,NA,""
1927,"original",TRUE,TRUE,28,28,1.71824226964662e-11,0.0124238479999143,""
1927,"capped",TRUE,TRUE,28,28,4.65222743804882e-13,0.0120288789687686,""
1928,"probability",TRUE,NA,NA,NA,NA,NA,""
1928,"original",TRUE,TRUE,28,28,3.18708422611021e-12,0.0121730842453229,""
1928,"capped",TRUE,TRUE,28,28,2.49402766223358e-12,0.0120546921497093,""
1929,"probability",TRUE,NA,NA,NA,NA,NA,""
1929,"original",TRUE,TRUE,28,28,1.17701434819502e-11,0.0118955808044245,""
1929,"capped",TRUE,TRUE,28,28,2.05129884483315e-13,0.0114204839804111,""
1930,"probability",TRUE,NA,NA,NA,NA,NA,""
1930,"original",TRUE,TRUE,28,28,1.87259410574046e-12,0.0109482311914306,""
1930,"capped",TRUE,TRUE,28,28,2.02383234572175e-13,0.0108431799583789,""
1931,"probability",TRUE,NA,NA,NA,NA,NA,""
1931,"original",TRUE,TRUE,28,28,3.30997656287469e-12,0.0124864181748484,""
1931,"capped",TRUE,TRUE,28,28,2.8145641412262e-12,0.0125444895617828,""
1932,"probability",TRUE,NA,NA,NA,NA,NA,""
1932,"original",TRUE,TRUE,28,28,4.06645072890881e-12,0.0126593195978094,""
1932,"capped",TRUE,TRUE,28,28,3.44034616647535e-12,0.0124660387651511,""
1933,"probability",TRUE,NA,NA,NA,NA,NA,""
1933,"original",TRUE,TRUE,28,28,8.48945404396185e-12,0.0119728540585638,""
1933,"capped",TRUE,TRUE,28,28,2.97372090553449e-12,0.0116333271963236,""
1934,"probability",TRUE,NA,NA,NA,NA,NA,""
1934,"original",TRUE,TRUE,28,28,1.4006974162222e-12,0.0109356013437659,""
1934,"capped",TRUE,TRUE,28,28,3.51358505884683e-13,0.0108816196940529,""
1935,"probability",TRUE,NA,NA,NA,NA,NA,""
1935,"original",TRUE,TRUE,28,28,4.24314651714179e-12,0.0112845497692276,""
1935,"capped",TRUE,TRUE,28,28,6.95770876824543e-13,0.0113106707310191,""
1936,"probability",TRUE,NA,NA,NA,NA,NA,""
1936,"original",TRUE,TRUE,28,28,7.13113108758571e-11,0.0134379893913049,""
1936,"capped",TRUE,TRUE,28,28,9.75048129859628e-13,0.0128492556722748,""
1937,"probability",TRUE,NA,NA,NA,NA,NA,""
1937,"original",TRUE,TRUE,28,28,5.54676279151399e-16,0.0120157667718895,""
1937,"capped",TRUE,TRUE,28,28,6.15523918787779e-13,0.0115860837289579,""
1938,"probability",TRUE,NA,NA,NA,NA,NA,""
1938,"original",TRUE,TRUE,28,28,4.82668096557882e-12,0.0116753033864316,""
1938,"capped",TRUE,TRUE,28,28,1.2911053529325e-12,0.0115934915894581,""
1939,"probability",TRUE,NA,NA,NA,NA,NA,""
1939,"original",TRUE,TRUE,28,28,3.20107997055772e-12,0.0121903996634875,""
1939,"capped",TRUE,TRUE,28,28,2.40939857695903e-12,0.0120536428568208,""
1940,"probability",TRUE,NA,NA,NA,NA,NA,""
1940,"original",TRUE,TRUE,28,28,1.41579594070353e-12,0.0121226407761905,""
1940,"capped",TRUE,TRUE,28,28,5.90944128111617e-13,0.0119888751593764,""
1941,"probability",TRUE,NA,NA,NA,NA,NA,""
1941,"original",TRUE,TRUE,28,28,3.14296658226571e-12,0.0111751806643031,""
1941,"capped",TRUE,TRUE,28,28,1.43870858203112e-12,0.0107408708925941,""
1942,"probability",TRUE,NA,NA,NA,NA,NA,""
1942,"original",TRUE,TRUE,28,28,2.21741217036971e-11,0.0123024018442357,""
1942,"capped",TRUE,TRUE,28,28,1.89194893565157e-12,0.01199009502037,""
1943,"probability",TRUE,NA,NA,NA,NA,NA,""
1943,"original",TRUE,TRUE,28,28,3.09496626489515e-12,0.0114422413784147,""
1943,"capped",TRUE,TRUE,28,28,2.3385588246597e-13,0.0111293491498134,""
1944,"probability",TRUE,NA,NA,NA,NA,NA,""
1944,"original",TRUE,TRUE,28,28,3.58341914324262e-12,0.010764651004644,""
1944,"capped",TRUE,TRUE,28,28,1.58553544270058e-12,0.010688617876132,""
1945,"probability",TRUE,NA,NA,NA,NA,NA,""
1945,"original",TRUE,TRUE,28,28,1.19441552377203e-11,0.0122302552701258,""
1945,"capped",TRUE,TRUE,28,28,2.75321281395594e-12,0.0117362713489609,""
1946,"probability",TRUE,NA,NA,NA,NA,NA,""
1946,"original",TRUE,TRUE,28,28,1.31017019110436e-11,0.0120386076173692,""
1946,"capped",TRUE,TRUE,28,28,2.6276891561709e-13,0.0115985720313927,""
1947,"probability",TRUE,NA,NA,NA,NA,NA,""
1947,"original",TRUE,TRUE,28,28,7.65863858293682e-12,0.0122401074511779,""
1947,"capped",TRUE,TRUE,28,28,2.06992021342816e-12,0.0117725979540348,""
1948,"probability",TRUE,NA,NA,NA,NA,NA,""
1948,"original",TRUE,TRUE,28,28,4.33026120324394e-12,0.0112619144491648,""
1948,"capped",TRUE,TRUE,28,28,1.94481729960841e-12,0.0112821915559539,""
1949,"probability",TRUE,NA,NA,NA,NA,NA,""
1949,"original",TRUE,TRUE,28,28,9.10816379233886e-12,0.0115755362758211,""
1949,"capped",TRUE,TRUE,28,28,3.75865261749385e-13,0.0112541429639595,""
1950,"probability",TRUE,NA,NA,NA,NA,NA,""
1950,"original",TRUE,TRUE,28,28,2.48087972682523e-11,0.0119577254041207,""
1950,"capped",TRUE,TRUE,28,28,1.50914535423117e-12,0.0113965906279758,""
1951,"probability",TRUE,NA,NA,NA,NA,NA,""
1951,"original",TRUE,TRUE,28,28,1.76198058017359e-12,0.0120545428695948,""
1951,"capped",TRUE,TRUE,28,28,3.49163452655794e-12,0.0120384151223955,""
1952,"probability",TRUE,NA,NA,NA,NA,NA,""
1952,"original",TRUE,TRUE,28,28,1.7009464945209e-11,0.0123336657503598,""
1952,"capped",TRUE,TRUE,28,28,1.72190590706381e-13,0.011892107072935,""
1953,"probability",TRUE,NA,NA,NA,NA,NA,""
1953,"original",TRUE,TRUE,28,28,5.8390231457175e-12,0.0123095301890973,""
1953,"capped",TRUE,TRUE,28,28,1.25853792436944e-12,0.0120560498077978,""
1954,"probability",TRUE,NA,NA,NA,NA,NA,""
1954,"original",TRUE,TRUE,28,28,9.58326843065737e-11,0.012910926240123,""
1954,"capped",TRUE,TRUE,28,28,1.1921010465793e-12,0.0123885948554008,""
1955,"probability",TRUE,NA,NA,NA,NA,NA,""
1955,"original",TRUE,TRUE,28,28,5.51854992400448e-12,0.0113953887479992,""
1955,"capped",TRUE,TRUE,28,28,2.45147032869519e-12,0.0113699470900292,""
1956,"probability",TRUE,NA,NA,NA,NA,NA,""
1956,"original",TRUE,TRUE,28,28,1.43925355437756e-11,0.0119159826722595,""
1956,"capped",TRUE,TRUE,28,28,2.11493365664197e-12,0.0115100229856396,""
1957,"probability",TRUE,NA,NA,NA,NA,NA,""
1957,"original",TRUE,TRUE,28,28,5.87982105756663e-16,0.0125357996715296,""
1957,"capped",TRUE,TRUE,28,28,2.1792633104926e-12,0.0121554058285438,""
1958,"probability",TRUE,NA,NA,NA,NA,NA,""
1958,"original",TRUE,TRUE,28,28,3.04126797458652e-13,0.0118197255232912,""
1958,"capped",TRUE,TRUE,28,28,1.95040771893849e-12,0.0117320271374752,""
1959,"probability",TRUE,NA,NA,NA,NA,NA,""
1959,"original",TRUE,TRUE,28,28,1.98543219731501e-12,0.0121668787894831,""
1959,"capped",TRUE,TRUE,28,28,2.16294198647838e-13,0.0120618427582308,""
1960,"probability",TRUE,NA,NA,NA,NA,NA,""
1960,"original",TRUE,TRUE,28,28,2.01305133718204e-11,0.011344492158582,""
1960,"capped",TRUE,TRUE,28,28,9.05034700741939e-13,0.0109203087620938,""
1961,"probability",TRUE,NA,NA,NA,NA,NA,""
1961,"original",TRUE,TRUE,28,28,5.71638587625701e-12,0.011643484292571,""
1961,"capped",TRUE,TRUE,28,28,2.26665318360734e-12,0.0112705420104055,""
1962,"probability",TRUE,NA,NA,NA,NA,NA,""
1962,"original",TRUE,TRUE,28,28,5.78872993557375e-11,0.012626121982322,""
1962,"capped",TRUE,TRUE,28,28,3.5340769668413e-12,0.0123395118592388,""
1963,"probability",TRUE,NA,NA,NA,NA,NA,""
1963,"original",TRUE,TRUE,28,28,5.85972901234636e-11,0.0136041648594585,""
1963,"capped",TRUE,TRUE,28,28,2.75332241275785e-12,0.0131023863984027,""
1964,"probability",TRUE,NA,NA,NA,NA,NA,""
1964,"original",TRUE,TRUE,28,28,4.74002751431305e-16,0.0119902226717051,""
1964,"capped",TRUE,TRUE,28,28,1.8071436026304e-12,0.0116619497323658,""
1965,"probability",TRUE,NA,NA,NA,NA,NA,""
1965,"original",TRUE,TRUE,28,28,1.60369133993093e-15,0.0128886303076613,""
1965,"capped",TRUE,TRUE,28,28,3.62749271455327e-12,0.0121464617475443,""
1966,"probability",TRUE,NA,NA,NA,NA,NA,""
1966,"original",TRUE,TRUE,28,28,7.57029892098603e-12,0.0117243139180645,""
1966,"capped",TRUE,TRUE,28,28,1.0344227726765e-12,0.0114470421828689,""
1967,"probability",TRUE,NA,NA,NA,NA,NA,""
1967,"original",TRUE,TRUE,28,28,4.83335135782203e-11,0.0123736531130578,""
1967,"capped",TRUE,TRUE,28,28,8.55086026499525e-13,0.0118670738297022,""
1968,"probability",TRUE,NA,NA,NA,NA,NA,""
1968,"original",TRUE,TRUE,28,28,8.04970419479448e-11,0.0135561400019691,""
1968,"capped",TRUE,TRUE,28,28,3.94806920925514e-12,0.0130411615808306,""
1969,"probability",TRUE,NA,NA,NA,NA,NA,""
1969,"original",TRUE,TRUE,28,28,2.04474983084761e-12,0.0127954688667244,""
1969,"capped",TRUE,TRUE,28,28,1.18724540556541e-12,0.0127037227493315,""
1970,"probability",TRUE,NA,NA,NA,NA,NA,""
1970,"original",TRUE,TRUE,28,28,7.47902657063276e-13,0.0120972933204849,""
1970,"capped",TRUE,TRUE,28,28,1.38068006200553e-12,0.0118981277618771,""
1971,"probability",TRUE,NA,NA,NA,NA,NA,""
1971,"original",TRUE,TRUE,28,28,4.29740550330103e-12,0.0120325341044639,""
1971,"capped",TRUE,TRUE,28,28,5.27236601130293e-13,0.0119886264503961,""
1972,"probability",TRUE,NA,NA,NA,NA,NA,""
1972,"original",TRUE,TRUE,28,28,2.47172317807024e-11,0.0121062328185316,""
1972,"capped",TRUE,TRUE,28,28,1.52199404207663e-12,0.0117641480180612,""
1973,"probability",TRUE,NA,NA,NA,NA,NA,""
1973,"original",TRUE,TRUE,28,28,3.26116343914755e-13,0.0116759865531382,""
1973,"capped",TRUE,TRUE,28,28,6.35113146606797e-13,0.0115467119062583,""
1974,"probability",TRUE,NA,NA,NA,NA,NA,""
1974,"original",TRUE,TRUE,28,28,1.36758021583287e-11,0.0123370106070263,""
1974,"capped",TRUE,TRUE,28,28,6.18635652074655e-13,0.0117769922275816,""
1975,"probability",TRUE,NA,NA,NA,NA,NA,""
1975,"original",TRUE,TRUE,28,28,1.49650226907342e-11,0.0113974364097667,""
1975,"capped",TRUE,TRUE,28,28,1.11291232080452e-12,0.0111401863751348,""
1976,"probability",TRUE,NA,NA,NA,NA,NA,""
1976,"original",TRUE,TRUE,28,28,1.25992337762924e-11,0.012072756051292,""
1976,"capped",TRUE,TRUE,28,28,1.60107051000703e-12,0.0117612772950279,""
1977,"probability",TRUE,NA,NA,NA,NA,NA,""
1977,"original",TRUE,TRUE,28,28,1.87828568615469e-11,0.0115878345217539,""
1977,"capped",TRUE,TRUE,28,28,2.53942008012016e-13,0.0111954416635927,""
1978,"probability",TRUE,NA,NA,NA,NA,NA,""
1978,"original",TRUE,TRUE,28,28,1.12391220731385e-11,0.0124454036640253,""
1978,"capped",TRUE,TRUE,28,28,3.18393719391828e-13,0.0120601776769418,""
1979,"probability",TRUE,NA,NA,NA,NA,NA,""
1979,"original",TRUE,TRUE,28,28,3.53221672381845e-12,0.0120682514236465,""
1979,"capped",TRUE,TRUE,28,28,3.95479613058082e-13,0.0120145024630466,""
1980,"probability",TRUE,NA,NA,NA,NA,NA,""
1980,"original",TRUE,TRUE,28,28,8.89390536274264e-16,0.0128646916198136,""
1980,"capped",TRUE,TRUE,28,28,2.90865400304687e-12,0.0124012506165384,""
1981,"probability",TRUE,NA,NA,NA,NA,NA,""
1981,"original",TRUE,TRUE,28,28,6.94357189758683e-12,0.0129116036998698,""
1981,"capped",TRUE,TRUE,28,28,1.07264348643446e-12,0.0125755939777699,""
1982,"probability",TRUE,NA,NA,NA,NA,NA,""
1982,"original",TRUE,TRUE,28,28,2.10210755839005e-12,0.0121619945125246,""
1982,"capped",TRUE,TRUE,28,28,3.46753975892897e-13,0.0120429586802233,""
1983,"probability",TRUE,NA,NA,NA,NA,NA,""
1983,"original",TRUE,TRUE,28,28,1.67039697316101e-12,0.0121353186629628,""
1983,"capped",TRUE,TRUE,28,28,3.76233901940514e-12,0.012079399759147,""
1984,"probability",TRUE,NA,NA,NA,NA,NA,""
1984,"original",TRUE,TRUE,28,28,1.47000775208607e-11,0.0124650193212815,""
1984,"capped",TRUE,TRUE,28,28,1.02359749498742e-12,0.0119919060378698,""
1985,"probability",TRUE,NA,NA,NA,NA,NA,""
1985,"original",TRUE,TRUE,28,28,6.71699801370921e-11,0.0125893261041823,""
1985,"capped",TRUE,TRUE,28,28,1.34807790743541e-12,0.0120245125307021,""
1986,"probability",TRUE,NA,NA,NA,NA,NA,""
1986,"original",TRUE,TRUE,28,28,1.95821280391932e-11,0.0129440728524384,""
1986,"capped",TRUE,TRUE,28,28,4.85829734981255e-12,0.0126016874205114,""
1987,"probability",TRUE,NA,NA,NA,NA,NA,""
1987,"original",TRUE,TRUE,28,28,2.92781031807995e-11,0.0118462510128075,""
1987,"capped",TRUE,TRUE,28,28,1.12902093126742e-12,0.0114242270220494,""
1988,"probability",TRUE,NA,NA,NA,NA,NA,""
1988,"original",TRUE,TRUE,28,28,2.36492391843328e-12,0.0115286568236326,""
1988,"capped",TRUE,TRUE,28,28,1.66349897451895e-12,0.0114783172640211,""
1989,"probability",TRUE,NA,NA,NA,NA,NA,""
1989,"original",TRUE,TRUE,28,28,4.42358902520954e-12,0.0125108803633651,""
1989,"capped",TRUE,TRUE,28,28,1.46277403434394e-12,0.0124068452928364,""
1990,"probability",TRUE,NA,NA,NA,NA,NA,""
1990,"original",TRUE,TRUE,28,28,1.40562605727244e-11,0.0119775054360883,""
1990,"capped",TRUE,TRUE,28,28,8.90640728926748e-13,0.0113751658586926,""
1991,"probability",TRUE,NA,NA,NA,NA,NA,""
1991,"original",TRUE,TRUE,28,28,8.4908116856753e-12,0.0123546132356559,""
1991,"capped",TRUE,TRUE,28,28,3.97554928629302e-13,0.0117501586594577,""
1992,"probability",TRUE,NA,NA,NA,NA,NA,""
1992,"original",TRUE,TRUE,28,28,4.50836457789152e-11,0.0127370094590927,""
1992,"capped",TRUE,TRUE,28,28,6.65799342514739e-13,0.0123364142416528,""
1993,"probability",TRUE,NA,NA,NA,NA,NA,""
1993,"original",TRUE,TRUE,28,28,1.39914078594319e-12,0.0121396712239709,""
1993,"capped",TRUE,TRUE,28,28,2.19567166714627e-12,0.0120091147197963,""
1994,"probability",TRUE,NA,NA,NA,NA,NA,""
1994,"original",TRUE,TRUE,28,28,5.1199609652775e-11,0.0110171045947322,""
1994,"capped",TRUE,TRUE,28,28,1.07516382843519e-12,0.0105405914128315,""
1995,"probability",TRUE,NA,NA,NA,NA,NA,""
1995,"original",TRUE,TRUE,28,28,1.92064937191132e-12,0.0117711386610995,""
1995,"capped",TRUE,TRUE,28,28,1.3622864779066e-12,0.0117605742308183,""
1996,"probability",TRUE,NA,NA,NA,NA,NA,""
1996,"original",TRUE,TRUE,28,28,8.74187579256802e-16,0.0112129889917886,""
1996,"capped",TRUE,TRUE,28,28,6.7932331968036e-13,0.0109231997613074,""
1997,"probability",TRUE,NA,NA,NA,NA,NA,""
1997,"original",TRUE,TRUE,28,28,1.63279087762584e-12,0.0122809025670522,""
1997,"capped",TRUE,TRUE,28,28,1.76237313504876e-12,0.0122074817973113,""
1998,"probability",TRUE,NA,NA,NA,NA,NA,""
1998,"original",TRUE,TRUE,28,28,1.00875518871118e-12,0.0109546710108934,""
1998,"capped",TRUE,TRUE,28,28,1.53941255318345e-12,0.0108350961369958,""
1999,"probability",TRUE,NA,NA,NA,NA,NA,""
1999,"original",TRUE,TRUE,28,28,4.58181826471861e-12,0.0116203097494335,""
1999,"capped",TRUE,TRUE,28,28,3.80754251657035e-13,0.0111252194757566,""
2000,"probability",TRUE,NA,NA,NA,NA,NA,""
2000,"original",TRUE,TRUE,28,28,3.50312233856061e-12,0.0119764625586889,""
2000,"capped",TRUE,TRUE,28,28,7.54331400540486e-13,0.0116342679332676,""
